-- phpMyAdmin SQL Dump
-- version 4.3.6
-- http://www.phpmyadmin.net
--
-- Host: localhost
-- Generation Time: 04-Mar-2015 às 18:57
-- Versão do servidor: 5.5.40-MariaDB
-- PHP Version: 5.4.16

SET SQL_MODE = "NO_AUTO_VALUE_ON_ZERO";
SET time_zone = "+00:00";


/*!40101 SET @OLD_CHARACTER_SET_CLIENT=@@CHARACTER_SET_CLIENT */;
/*!40101 SET @OLD_CHARACTER_SET_RESULTS=@@CHARACTER_SET_RESULTS */;
/*!40101 SET @OLD_COLLATION_CONNECTION=@@COLLATION_CONNECTION */;
/*!40101 SET NAMES utf8 */;

--
-- Database: `im`
--

-- --------------------------------------------------------

--
-- Estrutura da tabela `analise`
--

CREATE TABLE IF NOT EXISTS `analise` (
  `id_analise` int(11) NOT NULL COMMENT 'ID',
  `ref_analise` varchar(45) NOT NULL COMMENT 'Nome Ref.',
  `nome_analise` varchar(100) NOT NULL COMMENT 'Nome',
  `descricao_analise` varchar(512) NOT NULL COMMENT 'Descrição',
  `imagem_analise` varchar(255) NOT NULL COMMENT 'Imagem',
  `ativo_analise` tinyint(1) NOT NULL COMMENT 'Ativo',
  `tipo_analise` varchar(45) NOT NULL,
  `help_analise` tinyint(1) DEFAULT NULL
) ENGINE=InnoDB AUTO_INCREMENT=38 DEFAULT CHARSET=utf8;

--
-- Extraindo dados da tabela `analise`
--

INSERT INTO `analise` (`id_analise`, `ref_analise`, `nome_analise`, `descricao_analise`, `imagem_analise`, `ativo_analise`, `tipo_analise`, `help_analise`) VALUES
(1, 'calc_descontos', 'Calculadora de Descontos', 'PolticadeDesconto/CLCULO', '../uploads/analise/calc_descontos__1__analise.png', 1, 'painel', 0),
(2, 'analise_share_mercado', 'Análise Share de Mercado', 'AnliseShare/AnliseShare', '../uploads/analise/analise_share_mercado__2__analise.png', 1, 'painel', 1),
(3, 'analise_share_mercado_pracas_especiais', 'Análise Share de Mercado - Praças Especiais', 'AnliseSharedeMercado-PraasEspeciaisv3/AnliseShare', '../uploads/analise/analise_share_mercado_pracas_especiais__3__analise.png', 1, 'painel', 0),
(4, 'cpp_cpm', 'Análise CPP / CPM', 'AnliseCPP-CPM/CPP', '../uploads/analise/cpp_cpm__4__analise.png', 1, 'painel', 0),
(5, 'sazionalidade_investimento', 'Sazionalidade de Investimento da TV Aberta', 'Sazonalidade/Sazonalidade', '../uploads/analise/sazionalidade_investimento__5__analise.png', 1, 'painel', 0),
(6, 'prospeccao', 'Ferramenta de Prospecção', 'FerramentaparaProspecodeClientes/Potenciaisanunciantes', '../uploads/analise/prospeccao__6__analise.png', 1, 'painel', 0),
(7, 'agenda_anunciantes_agencia', 'Agenda Anunciantes e Agências', 'Terminaldeconsulta/Agendaanunciantes', '../uploads/analise/agenda_anunciantes_agencia__7__analise.png', 1, 'painel', 0),
(8, 'maiores_anunciantes_setor', 'Maiores Anunciantes por Setor', 'RankingInvestimentoPorSetor/Rkg_Anunciantes_Setor', '../uploads/analise/maiores_anunciantes_setor__8__analise.png', 1, 'painel', 0),
(9, 'maiores_anunciantes_mercado', 'Maiores Anunciantes por Mercado', 'RankingAnunciantesPorMercado/Rkg_Anunciantes_Mercado', '../uploads/analise/maiores_anunciantes_mercado__9__analise.png', 1, 'painel', 0),
(10, 'maiores_anunciantes_agencia', 'Maiores Anunciantes por Agência', 'RankingAnunciantesPorAgncias/Rkg_Anunciantes_Agncia', '../uploads/analise/maiores_anunciantes_agencia__10__analise.png', 1, 'painel', 0),
(11, 'maiores_agencias_mercado', 'Maiores Agências por Mercado', 'RankingAgnciasPorMercado/Rkg_Agencia_Mercado', '../uploads/analise/maiores_agencias_mercado__11__analise.png', 1, 'painel', 0),
(12, 'midia_dados_2014', 'Mídia Dados 2014', 'https://dados.media', '../uploads/analise/midia_dados_2014__12__analise.png', 1, 'site', 0),
(13, 'inter_meios', 'Projeto Inter Meios', 'Intermeios/InvestimentoPublicitrio', '../uploads/analise/inter_meios__13__analise.png', 1, 'painel', 0),
(14, 'audiencia_emissora', 'Análise de Audiência por Emissora', 'AnliseAudinciaporEmissora/AnliseAudinciaporEmissora', '../uploads/analise/audiencia_emissora__14__analise.png', 1, 'painel', 0),
(15, 'audiencia_programa_pracas_especiais', 'Audiência por Programa - Praças Especiais', 'AnliseAudinciaporPrograma-PraasEspeciais/AnliseaudinciaPraasEspeciais', '../uploads/analise/audiencia_programa_pracas_especiais__15__analise.png', 1, 'painel', 0),
(16, 'audiencia_programa', 'Análise de Audiência por Programa', 'AnliseAudinciaporPrograma/AnliseAudinciaporPrograma', '../uploads/analise/audiencia_programa__16__analise.png', 1, 'painel', 0),
(17, 'principais_targets_band', 'Principais Targets da Band', 'DesempenhoTargetseProgramas/TopProgramaseTargets', '../uploads/analise/principais_targets_band__17__analise.png', 1, 'painel', 0),
(18, 'perfil_audiencia_programa', 'Perfil de Audiência por Programa', 'PerfilPrograma/PerfildeAudinciadoPrograma', '../uploads/analise/perfil_audiencia_programa__18__analise.png', 1, 'painel', 0),
(19, 'perfil_investimento_programa', 'Perfil de Investimento por Programa', 'PerfilPrograma/PerfildeInvestimentodoPrograma', '../uploads/analise/perfil_investimento_programa__19__analise.png', 1, 'painel', 0),
(20, 'perfil_futebol', 'Perfil do Futebol', 'PerfilFutebol/PerfildoFutebol', '../uploads/analise/perfil_futebol__20__analise.png', 1, 'painel', 0),
(21, 'targets_comportamentais', 'Análise de Targets Comportamentais', 'DesempenhoTargetseProgramasTGR/TopTargets', '../uploads/analise/targets_comportamentais__21__analise.png', 1, 'painel', 0),
(22, 'agenda_anunciantes_newco', 'Agenda de Anunciantes ', 'AgendaAnunciantes-PayTV/TerminaldeConsulta-PayTV', '../uploads/analise/agenda_anunciantes_newco__22__analise.png', 1, 'painel', 0),
(23, 'perfil_investimento_emissora', 'Perfil de Investimento por Emissora', 'Monitor-PerfildeInvestimentosporEmissora/Perfildeinvestimentoporemissoras', '../uploads/analise/perfil_investimento_emissora__23__analise.png', 1, 'painel', 0),
(24, 'anunciantes_agencia', 'Maiores Anunciantes por Agência', 'RankingAnunciantesPorAgnciasPayTv/AnunciantesporAgncia', '../uploads/analise/anunciantes_agencia__24__analise.png', 1, 'painel', 0),
(25, 'audiencia_programa_newco', 'Análise Audiência por Programa', 'Audincia-PayTV-Programasv_2/AnliseAudinciaProgramas', '../uploads/analise/audiencia_programa_newco__25__analise.png', 1, 'painel', 0),
(26, 'audiencia_emissora_newco', 'Análise Audiência por Emissora', 'Audincia-PayTV-FaixahorriaMensal/AnliseEmissoraPaytv', '../uploads/analise/audiencia_emissora_newco__26__analise.png', 1, 'painel', 0),
(27, 'targets_comportamentais_newco', 'Análise Targets Comportamentais', 'DesempenhoTargetseProgramasTGR/TopTargets', '../uploads/analise/targets_comportamentais_newco__27__analise.png', 0, 'painel', 0),
(28, 'desempenho_programas_targets', 'Desempenho por Programas e Targets', 'DesempenhoTargetseProgramas_0/TopProgramaseTargets', '../uploads/analise/desempenho_programas_targets__28__analise.png', 1, 'painel', 0),
(29, 'agenda_anunciantes_outernet', 'Agenda Anunciantes', 'Outernet-Anlisedeinvestimentosporanunciante/AnlisedeInvestimentosporAnunciante', '../uploads/analise/agenda_anunciantes_outernet__29__analise.PNG', 1, 'painel_1200', 0),
(30, 'anunciantes_setor_meio', 'Maiores Anunciantes por Setor ou Meio', 'Outernet-RankingdeInvestimentosporSetor/RankingSetor', '../uploads/analise/anunciantes_setor_meio__30__analise.PNG', 1, 'painel_1200', 0),
(31, 'habitos_consumo', 'Análise de Hábitos de Consumo', 'Outernet-Anlisedehbitosdeconsumo/Anlisedehbitosdeconsumo', '../uploads/analise/habitos_consumo__31__analise.png', 1, 'painel', 0),
(32, 'planilha_habitos_consumo', 'Planilha de Hábitos de Consumo', 'Outernet-Anlisedehbitosdeconsumo-Planilha/AnlisedehbitosdeConsumo', '../uploads/analise/planilha_habitos_consumo__32__analise.png', 1, 'painel', 0),
(33, 'penetracao_consumo_meios', 'Penetração e Consumo dos Meios', 'Outernet-PenetraoeConsumodosMeios/PenetraoeConsumodosMeios', '../uploads/analise/penetracao_consumo_meios__33__analise.png', 1, 'painel', 0),
(34, 'midia_fatos_2014', 'Mídia Fatos 2014', 'https://www.midiafatos.com.br/site2014/index.html', '../uploads/analise/midia_fatos_2014__34__analise.png', 1, 'site', 0),
(35, 'analise_cpp_cpm', 'Análise de CPP e CPM', 'AnliseCPP-CPMPayTv/CPP', '../uploads/analise/analise_cpp_cpm__35__analise.png', 1, 'painel', 0),
(36, 'tatica_tv_aberta', 'Tática TV Aberta', 'TabeladeGRP/Programao', '../uploads/analise/tatica_tv_aberta__36__analise.png', 1, 'painel', 0),
(37, 'analise_investimento_meio', 'Análise de Investimentos por Meio ', 'AnlisedeInvestimentoporMeiosv_GR/Painelanunc', '../uploads/analise/analise_investimento_meio__37__analise.png', 1, 'painel', 0);

-- --------------------------------------------------------

--
-- Estrutura da tabela `analise_tag`
--

CREATE TABLE IF NOT EXISTS `analise_tag` (
  `fk_id_analise` int(11) NOT NULL,
  `fk_id_tag` int(11) NOT NULL
) ENGINE=InnoDB DEFAULT CHARSET=utf8;

--
-- Extraindo dados da tabela `analise_tag`
--

INSERT INTO `analise_tag` (`fk_id_analise`, `fk_id_tag`) VALUES
(1, 23),
(1, 28),
(2, 23),
(2, 27),
(2, 28),
(3, 23),
(3, 27),
(3, 28),
(4, 23),
(4, 26),
(4, 28),
(5, 23),
(5, 26),
(5, 28),
(6, 23),
(6, 26),
(7, 23),
(7, 28),
(8, 23),
(8, 26),
(8, 28),
(9, 23),
(9, 26),
(9, 28),
(10, 23),
(10, 26),
(10, 28),
(11, 23),
(11, 26),
(11, 28),
(12, 23),
(12, 26),
(12, 27),
(12, 28),
(13, 23),
(13, 26),
(13, 27),
(13, 28),
(14, 24),
(14, 27),
(15, 24),
(15, 27),
(16, 24),
(16, 27),
(16, 28),
(17, 24),
(17, 27),
(18, 24),
(18, 27),
(19, 24),
(19, 26),
(19, 28),
(20, 24),
(20, 26),
(20, 28),
(21, 24),
(21, 27),
(21, 28),
(22, 23),
(23, 23),
(23, 26),
(23, 28),
(24, 23),
(24, 26),
(24, 28),
(25, 24),
(25, 27),
(25, 28),
(26, 24),
(26, 27),
(26, 28),
(27, 24),
(27, 26),
(27, 28),
(28, 24),
(28, 26),
(28, 28),
(29, 23),
(29, 26),
(30, 23),
(30, 26),
(30, 28),
(31, 24),
(31, 26),
(32, 24),
(32, 26),
(33, 24),
(33, 26),
(34, 20),
(34, 21),
(34, 26),
(34, 27),
(34, 28),
(35, 22),
(35, 26),
(35, 28),
(36, 20),
(36, 24),
(36, 26),
(36, 28),
(37, 24),
(37, 26),
(37, 28);

-- --------------------------------------------------------

--
-- Estrutura da tabela `arquivo`
--

CREATE TABLE IF NOT EXISTS `arquivo` (
  `id_arquivo` int(11) NOT NULL COMMENT 'ID',
  `ref_arquivo` varchar(45) NOT NULL COMMENT 'Nome Ref.',
  `nome_arquivo` varchar(100) NOT NULL COMMENT 'Nome',
  `caminho_arquivo` varchar(512) NOT NULL COMMENT 'Caminho',
  `ativo_arquivo` tinyint(1) NOT NULL COMMENT 'Ativo',
  `fk_id_veiculo` int(11) NOT NULL,
  `fk_id_praca` int(11) NOT NULL,
  `fk_id_programa` int(11) NOT NULL,
  `usuario` varchar(45) NOT NULL,
  `data` datetime NOT NULL
) ENGINE=InnoDB AUTO_INCREMENT=426 DEFAULT CHARSET=utf8;

--
-- Extraindo dados da tabela `arquivo`
--

INSERT INTO `arquivo` (`id_arquivo`, `ref_arquivo`, `nome_arquivo`, `caminho_arquivo`, `ativo_arquivo`, `fk_id_veiculo`, `fk_id_praca`, `fk_id_programa`, `usuario`, `data`) VALUES
(1, 'teste', 'teste', '../uploads/arquivo/teste/teste__1__arquivo.pdf', 1, 1, 1, 1, 'admin', '2015-01-14 04:04:38'),
(2, 'pedido_inserção', 'Pedido de Inserção', '../uploads/arquivo/pedido_inserção/pedido_inserção__2__arquivo.xlsx', 1, 1, 1, 3, 'admin', '2015-01-15 09:14:55'),
(3, 'convencao2014_programacao_2015', 'Programação 2015', '107483329', 1, 1, 1, 82, 'admin', '2015-01-15 09:32:25'),
(4, 'tabela_precos_bandnews', 'Tabela de Preços', '../uploads/arquivo/tabela_precos_bandnews/tabela_precos_bandnews__4__arquivo.pdf', 1, 3, 1, 2, 'admin', '2015-01-15 09:32:27'),
(5, 'convencao2014_merchandising', 'Merchandising', '107491386', 1, 1, 1, 82, 'admin', '2015-01-15 09:36:15'),
(6, 'anoticia_bandnews', 'A notícia', '../uploads/arquivo/anoticia_bandnews/anoticia_bandnews__6__arquivo.pdf', 1, 3, 1, 108, 'admin', '2015-01-15 09:36:30'),
(7, 'band_net_tabela_precos', 'Tabela de Preços', '../uploads/arquivo/band_net_tabela_precos/band_net_tabela_precos__7__arquivo.pdf', 1, 1, 1, 2, 'fcalais', '2015-03-02 07:38:18'),
(8, 'feirasenegocios', 'Feiras e Negócios', '../uploads/arquivo/feirasenegocios/feirasenegocios__8__arquivo.pdf', 1, 3, 1, 115, 'admin', '2015-01-15 09:38:11'),
(10, 'colunistas_ricardoboechat', 'Colunistas - Ricardo Boechat', '../uploads/arquivo/colunistas_ricardoboechat/colunistas_ricardoboechat__10__arquivo.pdf', 1, 3, 1, 140, 'admin', '2015-01-15 09:44:08'),
(11, 'colunistas_monicabergamo', 'Colunistas - Mônica Bergamo', '../uploads/arquivo/colunistas_monicabergamo/colunistas_monicabergamo__11__arquivo.pdf', 1, 3, 1, 141, 'admin', '2015-01-15 09:46:55'),
(12, 'colunistas_josesimao', 'Colunistas - José Simão', '../uploads/arquivo/colunistas_josesimao/colunistas_josesimao__12__arquivo.pdf', 1, 3, 1, 143, 'admin', '2015-01-15 09:47:33'),
(13, 'net_simulacao_programacao', 'Simulcação de Programação', '../uploads/arquivo/net_simulacao_programacao/net_simulacao_programacao__13__arquivo.xlsx', 1, 1, 1, 142, 'admin', '2015-01-15 09:51:13'),
(14, 'futeboletc', 'Futebol ETC', '../uploads/arquivo/futeboletc/futeboletc__14__arquivo.pdf', 1, 3, 1, 116, 'admin', '2015-01-15 10:00:36'),
(15, 'girobusiness', 'Giro Business', '../uploads/arquivo/girobusiness/girobusiness__15__arquivo.pdf', 1, 3, 1, 117, 'admin', '2015-01-15 09:54:53'),
(16, 'jornaldaband_bandnews', 'Jornal da Band - BandNews', '../uploads/arquivo/jornaldaband_bandnews/jornaldaband_bandnews__16__arquivo.pdf', 1, 3, 1, 38, 'admin', '2015-01-15 09:55:32'),
(17, 'modaenegocios', 'Moda e Negócios', '../uploads/arquivo/modaenegocios/modaenegocios__17__arquivo.pdf', 1, 3, 1, 118, 'admin', '2015-01-15 09:56:02'),
(18, 'pontoaponto', 'Ponto a Ponto', '../uploads/arquivo/pontoaponto/pontoaponto__18__arquivo.pdf', 1, 3, 1, 120, 'admin', '2015-01-15 09:56:39'),
(19, 'salomaodoispontos', 'Salomão Dois Pontos', '../uploads/arquivo/salomaodoispontos/salomaodoispontos__19__arquivo.pdf', 1, 3, 1, 121, 'admin', '2015-01-15 09:57:10'),
(20, 'suaexcelenciaovinho', 'Sua excelência o vinho', '../uploads/arquivo/suaexcelenciaovinho/suaexcelenciaovinho__20__arquivo.pdf', 1, 3, 1, 122, 'admin', '2015-01-15 09:57:46'),
(21, 'anoticiadoagronegocio', 'A notícia do agronegócio', '../uploads/arquivo/anoticiadoagronegocio/anoticiadoagronegocio__21__arquivo.pdf', 1, 3, 1, 109, 'admin', '2015-01-15 09:58:31'),
(22, 'boasnoticias', 'Boas notícias', '../uploads/arquivo/boasnoticias/boasnoticias__22__arquivo.pdf', 1, 3, 1, 110, 'admin', '2015-01-15 09:59:03'),
(23, 'bandnews_documento', 'BandNews Documento', '../uploads/arquivo/bandnews_documento/bandnews_documento__23__arquivo.pdf', 1, 3, 1, 111, 'admin', '2015-01-15 10:02:12'),
(24, 'bandnews_linha', 'BandNews - Linha', '../uploads/arquivo/bandnews_linha/bandnews_linha__24__arquivo.pdf', 1, 3, 1, 112, 'admin', '2015-01-15 10:00:17'),
(25, 'brics', 'Brics', '../uploads/arquivo/brics/brics__25__arquivo.pdf', 1, 3, 1, 113, 'admin', '2015-01-15 10:00:40'),
(26, 'canallivre_bandnews', 'Canal Livre - BandNews', '../uploads/arquivo/canallivre_bandnews/canallivre_bandnews__26__arquivo.pdf', 1, 3, 1, 36, 'admin', '2015-01-15 10:01:24'),
(27, 'net_apostila_inteligencia_mercado', 'Apostila Inteligência de Mercado', '../uploads/arquivo/net_apostila_inteligencia_mercado/net_apostila_inteligencia_mercado__27__arquivo.pdf', 1, 1, 1, 144, 'admin', '2015-01-15 10:06:34'),
(28, 'net_grade_patrocinadores', 'Grade de Patrocinadores', '../uploads/arquivo/net_grade_patrocinadores/net_grade_patrocinadores__28__arquivo.pdf', 1, 1, 1, 4, 'admin', '2015-01-15 10:08:11'),
(29, 'net_estudo_audiencia', 'Estudo de Audiência', '../uploads/arquivo/net_estudo_audiencia/net_estudo_audiencia__29__arquivo.pdf', 1, 1, 1, 6, 'afantin', '2015-03-03 06:56:49'),
(30, 'net_rel_anunciantes_outras_emissoras', 'Relação de Anunciantes Outras Emissoras (Merchandising)', '../uploads/arquivo/net_rel_anunciantes_outras_emissoras/net_rel_anunciantes_outras_emissoras__30__arquivo.pdf', 1, 1, 1, 7, 'admin', '2015-01-15 10:12:14'),
(31, 'net_acoes_diferenciadas_merchandising', 'Espoleto - Dia a Dia', '107944278', 1, 1, 1, 8, 'admin', '2015-01-15 10:19:33'),
(32, 'net_acoes_dif_merchan_axe', 'AET - Axe', '105066432', 1, 1, 1, 8, 'admin', '2015-01-15 10:18:52'),
(33, 'net_acoes_dif_merchan_rdio', 'AET- Rdio', '105062543', 1, 1, 1, 8, 'admin', '2015-01-15 10:20:24'),
(34, 'net_acoes_dif_merchan_105062540', 'Carrefour - Dia a Dia', '105062540', 1, 1, 1, 8, 'admin', '2015-01-15 10:17:14'),
(35, 'net_acoes_dif_merchan_105062534', 'Jogo Aberto - Alcatel', '105062534', 1, 1, 1, 8, 'admin', '2015-01-15 10:21:32'),
(36, 'net_acoes_dif_merchan_107944281', 'Masterchef - Fiat', '107944281', 1, 1, 1, 8, 'admin', '2015-01-15 10:22:28'),
(37, 'net_acoes_dif_merchan_107944387', 'Masterchef - Tramontina', '107944387', 1, 1, 1, 8, 'admin', '2015-01-15 10:33:20'),
(38, 'net_acoes_dif_merchan_105179407', 'Pânico na Band - Microsoft', '105179407', 1, 1, 1, 8, 'admin', '2015-01-15 10:34:08'),
(39, 'net_acoes_dif_merchan_105062529', 'Tá na Tela - Compacta Print', '105062529', 1, 1, 1, 8, 'admin', '2015-01-15 10:34:42'),
(40, 'acepatrocinio', 'Ace Patrocínio', '../uploads/arquivo/acepatrocinio/acepatrocinio__40__arquivo.pdf', 1, 4, 1, 124, 'admin', '2015-01-15 10:34:52'),
(41, 'net_acoes_dif_merchan_107944275', 'Pânico na Band - Bacardi 1', '107944275', 1, 1, 1, 8, 'admin', '2015-01-15 10:35:16'),
(42, 'automobilismo', 'Automobilismo', '../uploads/arquivo/automobilismo/automobilismo__42__arquivo.pdf', 1, 4, 1, 125, 'admin', '2015-01-15 10:35:23'),
(43, 'net_acoes_dif_merchan_107944277', 'Pânico na Band - Bacardi 2', '107944277', 1, 1, 1, 8, 'admin', '2015-01-15 10:35:52'),
(44, 'baitaamigos', 'Baita amigos', '../uploads/arquivo/baitaamigos/baitaamigos__44__arquivo.pdf', 1, 4, 1, 126, 'admin', '2015-01-15 10:35:59'),
(45, 'net_acoes_dif_merchan_107944386', 'Pânico na Band - McDonald''s', '107944386', 1, 1, 1, 8, 'admin', '2015-01-15 10:36:33'),
(46, 'net_acoes_dif_merchan_102634167', 'Pânico na Band - Renault', '102634167', 1, 1, 1, 8, 'admin', '2015-01-15 10:37:25'),
(47, 'bandsportsnews1edicao', 'BandSports News 1ºEdição', '../uploads/arquivo/bandsportsnews1edicao/bandsportsnews1edicao__47__arquivo.pdf', 1, 4, 1, 155, 'admin', '2015-01-15 10:38:06'),
(48, 'net_acoes_dif_merchan_102634166', 'Pânico na Band - Cacau Show', '102634166', 1, 1, 1, 8, 'admin', '2015-01-15 10:38:11'),
(49, 'net_acoes_dif_merchan_102634164', 'Pânico na Band - Cacau Show Viral', '102634164', 1, 1, 1, 8, 'admin', '2015-01-15 10:38:46'),
(50, 'bandsportsnews2edicao', 'BandSports News 2ºEdição', '../uploads/arquivo/bandsportsnews2edicao/bandsportsnews2edicao__50__arquivo.pdf', 1, 4, 1, 127, 'admin', '2015-01-15 10:38:46'),
(51, 'net_acoes_dif_merchan_102634161', 'Jogo Aberto - Walmart', '102634161', 1, 1, 1, 8, 'admin', '2015-01-15 10:39:20'),
(52, 'bandsportsonline', 'BandSports On-line', '../uploads/arquivo/bandsportsonline/bandsportsonline__52__arquivo.pdf', 1, 4, 1, 154, 'admin', '2015-01-15 10:39:45'),
(53, 'net_acoes_dif_merchan_102634160', 'Jogo Aberto - Habib''s 1', '102634160', 1, 1, 1, 8, 'admin', '2015-01-15 10:40:00'),
(54, 'boletins2015', 'Boletins 2015', '../uploads/arquivo/boletins2015/boletins2015__54__arquivo.pdf', 1, 4, 1, 153, 'admin', '2015-01-21 11:03:13'),
(55, 'net_acoes_dif_merchan_107944283', 'Jogo Aberto - Habib''s 2', '107944283', 1, 1, 1, 8, 'admin', '2015-01-15 10:40:37'),
(56, 'brasileirofeminino', 'Brasileirão Feminino Caixa', '../uploads/arquivo/brasileirofeminino/brasileirofeminino__56__arquivo.pdf', 1, 4, 1, 128, 'admin', '2015-01-15 10:42:07'),
(57, 'net_acoes_dif_merchan_102566477', 'Jogo Aberto - Claro 4g', '102566477', 1, 1, 1, 8, 'admin', '2015-01-15 10:42:16'),
(58, 'brasilopen2015', 'Brasil Open 2015', '../uploads/arquivo/brasilopen2015/brasilopen2015__58__arquivo.pdf', 1, 4, 1, 129, 'admin', '2015-01-15 10:42:45'),
(59, 'net_acoes_dif_merchan_102566476', 'AET - TNT', '102566476', 1, 1, 1, 8, 'admin', '2015-01-15 10:42:50'),
(60, 'depoisdojogo', 'Depois do Jogo', '../uploads/arquivo/depoisdojogo/depoisdojogo__60__arquivo.pdf', 1, 4, 1, 130, 'admin', '2015-01-15 10:43:23'),
(61, 'diamondleague', 'Diamond League', '../uploads/arquivo/diamondleague/diamondleague__61__arquivo.pdf', 1, 4, 1, 131, 'admin', '2015-01-15 10:44:00'),
(62, 'dtm', 'DTM', '../uploads/arquivo/dtm/dtm__62__arquivo.pdf', 1, 4, 1, 132, 'admin', '2015-01-15 10:44:19'),
(63, 'net_acoes_dif_merchan_102660220', 'Band na Copa - Claro 4g', '102660220', 1, 1, 1, 8, 'admin', '2015-01-15 10:44:26'),
(64, 'iaaf', 'IAAF', '../uploads/arquivo/iaaf/iaaf__64__arquivo.pdf', 1, 4, 1, 152, 'admin', '2015-01-15 10:44:47'),
(65, 'maratonas2015', 'Maratonas 2015', '../uploads/arquivo/maratonas2015/maratonas2015__65__arquivo.pdf', 1, 4, 1, 151, 'admin', '2015-01-15 10:49:50'),
(66, 'net_aet_plano_comercial', 'Plano Comercial ', '../uploads/arquivo/net_aet_plano_comercial/net_aet_plano_comercial__66__arquivo.pdf', 1, 1, 1, 9, 'admin', '2015-01-15 10:50:03'),
(67, 'mercedesbenz', 'Mercedes-Benz Challenge', '../uploads/arquivo/mercedesbenz/mercedesbenz__67__arquivo.pdf', 1, 4, 1, 150, 'admin', '2015-01-15 10:50:19'),
(68, 'momentomoto', 'Momento Moto', '../uploads/arquivo/momentomoto/momentomoto__68__arquivo.pdf', 1, 4, 1, 133, 'admin', '2015-01-15 10:50:42'),
(69, 'net_aet_defesa_pnt_gsp', 'Defesa PNT e GSP', '../uploads/arquivo/net_aet_defesa_pnt_gsp/net_aet_defesa_pnt_gsp__69__arquivo.pdf', 1, 1, 1, 9, 'admin', '2015-01-15 10:50:44'),
(70, 'papodeboleiro', 'Papo de Boleiro', '../uploads/arquivo/papodeboleiro/papodeboleiro__70__arquivo.pdf', 1, 4, 1, 149, 'admin', '2015-01-15 10:51:03'),
(71, 'pokernight', 'Poker Night', '../uploads/arquivo/pokernight/pokernight__71__arquivo.pdf', 1, 4, 1, 134, 'admin', '2015-01-15 10:52:20'),
(72, 'net_aet_acao_integrada_claro_92070723', 'Ação integrada Claro', '92070723', 1, 1, 1, 9, 'admin', '2015-01-15 10:51:34'),
(73, 'net_aet_chamada1', 'Chamada 1', '87787774', 1, 1, 1, 9, 'admin', '2015-01-15 10:52:18'),
(74, 'net_aet_chamada2', 'Chamda 2', '87796384', 1, 1, 1, 9, 'admin', '2015-01-15 10:52:50'),
(75, 'primeirotempo', 'Primeiro Tempo', '../uploads/arquivo/primeirotempo/primeirotempo__75__arquivo.pdf', 1, 4, 1, 148, 'admin', '2015-01-15 10:52:54'),
(76, 'resenha', 'Resenha', '../uploads/arquivo/resenha/resenha__76__arquivo.pdf', 1, 4, 1, 147, 'admin', '2015-01-15 10:53:14'),
(77, 'net_aet_chamada_87796319', 'Chamada Rafinha', '87796319', 1, 1, 1, 9, 'admin', '2015-01-15 10:53:29'),
(78, 'rolandgarros2015', 'Roland Garros 2015', '../uploads/arquivo/rolandgarros2015/rolandgarros2015__78__arquivo.pdf', 1, 4, 1, 88, 'admin', '2015-01-15 10:53:37'),
(79, 'saltosornamentais', 'Saltos Ornamentais', '../uploads/arquivo/saltosornamentais/saltosornamentais__79__arquivo.pdf', 1, 4, 1, 146, 'admin', '2015-01-15 10:54:49'),
(80, 'supermotor', 'Supermotor', '../uploads/arquivo/supermotor/supermotor__80__arquivo.pdf', 1, 4, 1, 135, 'admin', '2015-01-15 10:55:17'),
(81, 'net_aet_plano_comercial_2015', 'Plano Comercial', '../uploads/arquivo/net_aet_plano_comercial_2015/net_aet_plano_comercial_2015__81__arquivo.pdf', 1, 1, 1, 156, 'rwoerle', '2015-03-02 11:55:11'),
(82, 'tabeladeprecosbandsports', 'Tabela de preços BandSports', '../uploads/arquivo/tabeladeprecosbandsports/tabeladeprecosbandsports__82__arquivo.pdf', 1, 4, 1, 2, 'admin', '2015-01-15 10:56:01'),
(83, 'net_band_folia_2015', 'Band Folia 2015', '../uploads/arquivo/net_band_folia_2015/net_band_folia_2015__83__arquivo.pdf', 1, 1, 1, 83, 'admin', '2015-01-15 10:56:29'),
(84, 'teniswtaeatp', 'Tênis WTA e ATP', '../uploads/arquivo/teniswtaeatp/teniswtaeatp__84__arquivo.pdf', 1, 4, 1, 136, 'admin', '2015-01-15 10:57:00'),
(85, 'triatlhon', 'Triatlhon', '../uploads/arquivo/triatlhon/triatlhon__85__arquivo.pdf', 1, 4, 1, 145, 'admin', '2015-01-15 10:57:27'),
(86, 'volvo_ocean_race', 'Volvo Ocean Race', '../uploads/arquivo/volvo_ocean_race/volvo_ocean_race__86__arquivo.pdf', 1, 4, 1, 137, 'admin', '2015-01-15 10:57:51'),
(87, 'wgpkickboxing', 'WGP Kickboxing', '../uploads/arquivo/wgpkickboxing/wgpkickboxing__87__arquivo.pdf', 1, 4, 1, 138, 'admin', '2015-01-15 10:58:24'),
(88, 'dtm_chamada', 'DTM - CHamada', '89646623', 1, 4, 1, 132, 'admin', '2015-01-15 11:03:05'),
(89, 'rolandgarros2015_posvenda', 'Roland Garros 2015 - Pós Venda', '89137772', 1, 4, 1, 88, 'admin', '2015-01-15 11:03:58'),
(90, 'wgpkickboxing_promo', 'WGP - Promo', '100140913', 1, 4, 1, 138, 'admin', '2015-01-15 11:04:44'),
(91, 'tabela_precos_bandinternacional', 'Tabela de Preços - BandInternacional', '../uploads/arquivo/tabela_precos_bandinternacional/tabela_precos_bandinternacional__91__arquivo.pdf', 1, 6, 1, 2, 'admin', '2015-01-15 11:10:31'),
(92, 'caminhosdapecuaria', 'Caminhos da Pecuária', '../uploads/arquivo/caminhosdapecuaria/caminhosdapecuaria__92__arquivo.pdf', 1, 5, 1, 91, 'admin', '2015-01-15 11:41:07'),
(93, 'canallivre_terraviva', 'Canal Livre - Terra Viva', '../uploads/arquivo/canallivre_terraviva/canallivre_terraviva__93__arquivo.pdf', 1, 5, 1, 36, 'admin', '2015-01-15 11:41:49'),
(94, 'conexaobandnews', 'Conexão BandNews', '../uploads/arquivo/conexaobandnews/conexaobandnews__94__arquivo.pdf', 1, 5, 1, 92, 'admin', '2015-01-15 11:42:17'),
(95, 'consultorterraviva', 'Consultor Terra Viva', '../uploads/arquivo/consultorterraviva/consultorterraviva__95__arquivo.pdf', 1, 5, 1, 93, 'admin', '2015-01-15 11:42:41'),
(96, 'coracaodepescador', 'Coração de Pescador', '../uploads/arquivo/coracaodepescador/coracaodepescador__96__arquivo.pdf', 1, 5, 1, 94, 'admin', '2015-01-15 11:43:06'),
(97, 'diadiarural', 'Dia Dia Rural', '../uploads/arquivo/diadiarural/diadiarural__97__arquivo.pdf', 1, 5, 1, 95, 'admin', '2015-01-15 11:43:33'),
(98, 'jornalterraviva', 'Jornal Terra Viva', '../uploads/arquivo/jornalterraviva/jornalterraviva__98__arquivo.pdf', 1, 5, 1, 97, 'admin', '2015-01-15 11:43:58'),
(99, 'midiakitterraviva', 'Mídia Kit Terra Viva', '../uploads/arquivo/midiakitterraviva__arquivo.', 1, 5, 1, 96, 'admin', '2015-01-15 11:44:33'),
(100, 'minasrural', 'Minas Rural', '../uploads/arquivo/minasrural/minasrural__100__arquivo.pdf', 1, 5, 1, 98, 'admin', '2015-01-15 11:44:59'),
(101, 'scagricultura', 'SC Agricultura', '../uploads/arquivo/scagricultura/scagricultura__101__arquivo.pdf', 1, 5, 1, 99, 'admin', '2015-01-15 11:45:26'),
(102, 'terradbo', 'Terra DBO', '../uploads/arquivo/terradbo/terradbo__102__arquivo.pdf', 1, 5, 1, 100, 'admin', '2015-01-15 11:45:54'),
(103, 'terravivasustentavel', 'Terra Viva Sustentável', '../uploads/arquivo/terravivasustentavel/terravivasustentavel__103__arquivo.pdf', 1, 5, 1, 101, 'admin', '2015-01-15 11:46:39'),
(104, 'tabeladeprecosterraviva', 'Tabela de Preços - Terra Viva', '../uploads/arquivo/tabeladeprecosterraviva/tabeladeprecosterraviva__104__arquivo.pdf', 1, 5, 1, 2, 'admin', '2015-01-15 11:47:18'),
(105, 'programasarte1', 'Programas Arte1', '../uploads/arquivo/programasarte1/programasarte1__105__arquivo.pdf', 1, 7, 1, 157, 'admin', '2015-01-15 11:55:39'),
(106, 'tabeladeprecosarte1', 'Tabela de Preços - Arte1', '../uploads/arquivo/tabeladeprecosarte1/tabeladeprecosarte1__106__arquivo.pdf', 1, 7, 1, 2, 'admin', '2015-01-15 11:56:55'),
(107, 'noitesmgm', 'Noites MGM', '../uploads/arquivo/noitesmgm/noitesmgm__107__arquivo.pdf', 1, 31, 1, 159, 'admin', '2015-01-15 12:25:34'),
(108, 'emmy', 'International Emmy Awards', '../uploads/arquivo/emmy/emmy__108__arquivo.pdf', 1, 31, 1, 103, 'admin', '2015-01-15 12:26:15'),
(109, 'iheartradiomusicfestival', 'I Heart Radio Music Festival', '../uploads/arquivo/iheartradiomusicfestival/iheartradiomusicfestival__109__arquivo.pdf', 1, 31, 1, 105, 'admin', '2015-01-15 12:26:50'),
(110, 'iheartradiopoolparty', 'I Heart Radio Pool Party', '../uploads/arquivo/iheartradiopoolparty/iheartradiopoolparty__110__arquivo.pdf', 1, 31, 1, 104, 'admin', '2015-01-15 12:27:19'),
(111, 'premiocontigo', 'Prêmio Contigo', '../uploads/arquivo/premiocontigo/premiocontigo__111__arquivo.pdf', 1, 31, 1, 107, 'admin', '2015-01-15 12:27:54'),
(112, 'salvador_bandcidade', 'Band Cidade - Salvador', '../uploads/arquivo/salvador_bandcidade/salvador_bandcidade__112__arquivo.pdf', 1, 1, 13, 160, 'admin', '2015-01-15 12:48:42'),
(113, 'salvador_bandcomunidade', 'Band Comunidade', '../uploads/arquivo/salvador_bandcomunidade/salvador_bandcomunidade__113__arquivo.pdf', 1, 1, 13, 43, 'admin', '2015-01-15 12:50:00'),
(114, 'salvador_bandentrevista', 'Band Entrevista', '../uploads/arquivo/salvador_bandentrevista/salvador_bandentrevista__114__arquivo.pdf', 1, 1, 13, 44, 'admin', '2015-01-15 12:50:35'),
(115, 'salvador_brasilurgente', 'Brasil Urgente', '../uploads/arquivo/salvador_brasilurgente/salvador_brasilurgente__115__arquivo.pdf', 1, 1, 13, 35, 'admin', '2015-01-15 12:51:32'),
(116, 'osdonosdabola_salvador', 'Os Donos da Bola', '../uploads/arquivo/osdonosdabola_salvador/osdonosdabola_salvador__116__arquivo.pdf', 1, 1, 13, 40, 'admin', '2015-01-15 12:53:26'),
(117, 'salvador_pratodacasa', 'Prato da Casa', '../uploads/arquivo/salvador_pratodacasa/salvador_pratodacasa__117__arquivo.pdf', 1, 1, 13, 41, 'admin', '2015-01-15 12:53:58'),
(118, 'salvador_osdonosdabola_vt', 'Os Donos da Bola - VT', 'iv4vNUQhqus', 1, 1, 13, 40, 'admin', '2015-01-15 12:57:32'),
(119, 'salvador_bandcidade_chamada', 'Band Cidade - Chamada', '0zWHYP90JiY', 1, 1, 13, 160, 'admin', '2015-01-15 12:58:46'),
(120, 'salvador_bandcomunidade_chamada', 'Band Comunidade - Chamada', 'iBWgUKutY_8', 1, 1, 13, 43, 'admin', '2015-01-15 12:59:25'),
(121, 'bh_bandminas', 'Band Minas', '../uploads/arquivo/bh_bandminas/bh_bandminas__121__arquivo.pdf', 1, 1, 3, 45, 'admin', '2015-01-15 02:04:54'),
(122, 'bh_brasilurgente', 'Brasil Urgente - Belo Horizonte', '../uploads/arquivo/bh_brasilurgente__arquivo.', 1, 1, 3, 35, 'admin', '2015-01-15 02:07:57'),
(123, 'bh_osdonosdabola', 'Os Donos da Bola - Minas', '../uploads/arquivo/bh_osdonosdabola/bh_osdonosdabola__123__arquivo.pdf', 1, 1, 3, 40, 'admin', '2015-01-15 02:06:23'),
(124, 'net_band_kids_plano_comercial', 'Plano Comercial', '../uploads/arquivo/net_band_kids_plano_comercial/net_band_kids_plano_comercial__124__arquivo.pdf', 1, 1, 1, 31, 'admin', '2015-01-15 02:07:28'),
(125, 'net_band_kids_defesa_pnt_gsp', 'Defesa PNT e GSP', '../uploads/arquivo/net_band_kids_defesa_pnt_gsp/net_band_kids_defesa_pnt_gsp__125__arquivo.pdf', 1, 1, 1, 31, 'admin', '2015-01-15 02:08:05'),
(126, 'net_band_verao_plano_comercial', 'Plano Comercial 2015', '../uploads/arquivo/net_band_verao_plano_comercial/net_band_verao_plano_comercial__126__arquivo.pdf', 1, 1, 1, 84, 'admin', '2015-01-15 02:09:17'),
(127, 'net_bec_76544497', 'Testemunhal - Paloma Tocci', '76544497', 1, 1, 1, 20, 'admin', '2015-01-15 02:15:34'),
(128, 'net_bec_76544493', 'Testemunhal - Juliana (Merchandete)', '76544493', 1, 1, 1, 20, 'admin', '2015-01-15 02:16:11'),
(129, 'net_bec_plano_comercial', 'Plano Comercial', '../uploads/arquivo/net_bec_plano_comercial/net_bec_plano_comercial__129__arquivo.pdf', 1, 1, 1, 20, 'admin', '2015-01-15 02:16:40'),
(130, 'net_bec_defesa_pnt_gsp', 'Defesa PNT e GSP', '../uploads/arquivo/net_bec_defesa_pnt_gsp/net_bec_defesa_pnt_gsp__130__arquivo.pdf', 1, 1, 1, 20, 'admin', '2015-01-15 02:17:25'),
(131, 'net_brasil_urgente_77804300', 'Testemunhal com Produto', '77804300', 1, 1, 1, 35, 'admin', '2015-01-15 02:18:45'),
(132, 'net_brasil_urgente_77804299', 'Testemunhal com Produto 2', '77804299', 1, 1, 1, 35, 'admin', '2015-01-15 02:19:30'),
(133, 'net_brasil_urgente_plano_comercial', 'Plano Comercial', '../uploads/arquivo/net_brasil_urgente_plano_comercial/net_brasil_urgente_plano_comercial__133__arquivo.pdf', 1, 1, 1, 35, 'admin', '2015-01-15 02:20:26'),
(134, 'net_brasil_urgente_defesas_pnt_gsp', 'Defesas PNT e GSP', '../uploads/arquivo/net_brasil_urgente_defesas_pnt_gsp/net_brasil_urgente_defesas_pnt_gsp__134__arquivo.pdf', 1, 1, 1, 35, 'admin', '2015-01-15 02:21:11'),
(135, 'net_cafejornal_plano_comercial', 'Plano Comercial', '../uploads/arquivo/net_cafejornal_plano_comercial/net_cafejornal_plano_comercial__135__arquivo.pdf', 1, 1, 1, 37, 'admin', '2015-02-03 12:29:16'),
(136, 'net_cafejornal_defesas_pnt_gsp', 'Defesas PNT e GSP', '../uploads/arquivo/net_cafejornal_defesas_pnt_gsp/net_cafejornal_defesas_pnt_gsp__136__arquivo.pdf', 1, 1, 1, 37, 'admin', '2015-01-15 02:23:10'),
(137, 'curitiba_bandcidade', 'Band Cidade - Curitiba', '../uploads/arquivo/curitiba_bandcidade/curitiba_bandcidade__137__arquivo.pdf', 1, 1, 6, 161, 'admin', '2015-01-15 05:05:34'),
(138, 'net_canallivre_plano_comercial', 'Plano Comercial', '../uploads/arquivo/net_canallivre_plano_comercial/net_canallivre_plano_comercial__138__arquivo.pdf', 1, 1, 1, 36, 'admin', '2015-01-15 04:06:54'),
(139, 'net_canallivre_defesas_pnt_gsp', 'Defesas PNT e GSP', '../uploads/arquivo/net_canallivre_defesas_pnt_gsp/net_canallivre_defesas_pnt_gsp__139__arquivo.pdf', 1, 1, 1, 36, 'admin', '2015-01-15 04:07:28'),
(140, 'net_cinemadrugada_plano_comercial', 'Plano Comercial', '../uploads/arquivo/net_cinemadrugada_plano_comercial/net_cinemadrugada_plano_comercial__140__arquivo.pdf', 1, 1, 1, 32, 'admin', '2015-02-23 11:46:56'),
(141, 'net_cinemadrugada_defeas_pnt_gsp', 'Defesas PNT e GSP', '../uploads/arquivo/net_cinemadrugada_defeas_pnt_gsp/net_cinemadrugada_defeas_pnt_gsp__141__arquivo.pdf', 1, 1, 1, 32, 'admin', '2015-01-15 04:19:13'),
(142, 'net_cqc_plano_comercial', 'Plano Comercial', '../uploads/arquivo/net_cqc_plano_comercial/net_cqc_plano_comercial__142__arquivo.pdf', 1, 1, 1, 11, 'admin', '2015-01-15 04:20:54'),
(143, 'net_cqc_defesas_pnt_gsp', 'Defesas PNT e GSP', '../uploads/arquivo/net_cqc_defesas_pnt_gsp/net_cqc_defesas_pnt_gsp__143__arquivo.pdf', 1, 1, 1, 11, 'admin', '2015-01-15 04:21:24'),
(144, 'net_cqc_89407340', 'Ação Integrada 20" - Ford', '89407340', 1, 1, 1, 11, 'admin', '2015-01-15 04:23:03'),
(145, 'net_cqc_89407339', 'Ação Integrada 20" - Itaipava', '89407339', 1, 1, 1, 11, 'admin', '2015-01-15 04:22:43'),
(146, 'net_cqc_89407338', 'Ação Integrada 20" - Pepsi', '89407338', 1, 1, 1, 11, 'admin', '2015-01-15 04:23:39'),
(147, 'net_cqc_89407248', 'Ação Integrada 20" - Brach Park', '89407248', 1, 1, 1, 11, 'admin', '2015-01-15 04:24:12'),
(148, 'net_cqc2015_plano_comercial', 'Plano Comercial', '../uploads/arquivo/net_cqc2015_plano_comercial/net_cqc2015_plano_comercial__148__arquivo.pdf', 1, 1, 1, 162, 'rwoerle', '2015-03-02 11:55:29'),
(149, 'net_diadia_plano_comercial', 'Plano Comercial', '../uploads/arquivo/net_diadia_plano_comercial/net_diadia_plano_comercial__149__arquivo.pdf', 1, 1, 1, 30, 'admin', '2015-01-15 04:27:51'),
(150, 'net_diadia_defesas_pnt_gsp', 'Defesas PNT e GSP', '../uploads/arquivo/net_diadia_defesas_pnt_gsp/net_diadia_defesas_pnt_gsp__150__arquivo.pdf', 1, 1, 1, 30, 'admin', '2015-01-15 04:28:22'),
(151, 'net_diadia_92143796', 'Ação Especial', '92143796', 1, 1, 1, 30, 'admin', '2015-01-15 04:28:53'),
(152, 'net_diadia_77088097', 'Testemunhal', '77088097', 1, 1, 1, 30, 'admin', '2015-01-15 04:29:18'),
(153, 'net_diadia_77804605', 'Merchanbreak', '77804605', 1, 1, 1, 30, 'admin', '2015-01-15 04:29:46'),
(154, 'net_diadia_77088096', 'Receita', '77088096', 1, 1, 1, 30, 'admin', '2015-01-15 04:30:14'),
(155, 'net_esp_fimano_plano_comercial', 'Plano Comercial', '../uploads/arquivo/net_esp_fimano_plano_comercial/net_esp_fimano_plano_comercial__155__arquivo.pdf', 1, 1, 1, 163, 'admin', '2015-01-15 04:32:35'),
(156, 'net_indy_2015_plano_comercial', 'Plano Comercial 2015', '../uploads/arquivo/net_indy_2015_plano_comercial/net_indy_2015_plano_comercial__156__arquivo.pdf', 1, 1, 1, 28, 'admin', '2015-03-02 07:27:29'),
(157, 'net_futebol2015_plano_comercial', 'Plano Comercial', '../uploads/arquivo/net_futebol2015_plano_comercial/net_futebol2015_plano_comercial__157__arquivo.pdf', 1, 1, 1, 87, 'jvbarros', '2015-03-02 10:52:43'),
(158, 'net_futebol2015_defesas_pnt_gsp', 'Defesas PNT e GSP', '../uploads/arquivo/net_futebol2015_defesas_pnt_gsp/net_futebol2015_defesas_pnt_gsp__158__arquivo.pdf', 1, 1, 1, 87, 'admin', '2015-01-15 04:41:18'),
(159, 'net_ggmf_plano_comercial', 'Plano Comercial', '../uploads/arquivo/net_ggmf_plano_comercial/net_ggmf_plano_comercial__159__arquivo.pdf', 1, 1, 1, 22, 'admin', '2015-01-15 04:57:24'),
(160, 'net_ggmf_defesas_pnt_gsp', 'Defesas PNT e GSP', '../uploads/arquivo/net_ggmf_defesas_pnt_gsp/net_ggmf_defesas_pnt_gsp__160__arquivo.pdf', 1, 1, 1, 22, 'admin', '2015-01-15 04:58:56'),
(161, 'net_ggmf_76732959', 'Testemunhal', '76732959', 1, 1, 1, 22, 'admin', '2015-01-15 04:59:42'),
(162, 'net_jogoaberto_planocomercial', 'Plano Comercial', '../uploads/arquivo/net_jogoaberto_planocomercial/net_jogoaberto_planocomercial__162__arquivo.pdf', 1, 1, 1, 23, 'admin', '2015-01-15 05:01:40'),
(163, 'net_jogoaberto_defesaspntgsp', 'Defesas PNT e GSP', '../uploads/arquivo/net_jogoaberto_defesaspntgsp/net_jogoaberto_defesaspntgsp__163__arquivo.pdf', 1, 1, 1, 23, 'admin', '2015-01-15 05:02:09'),
(164, 'net_jogoaberto_92070727', 'Ação Integrada - Powerade', '92070727', 1, 1, 1, 23, 'admin', '2015-01-15 05:02:47'),
(165, 'net_jogoaberto_76732958', 'Testemunhal - Juliana', '76732958', 1, 1, 1, 23, 'admin', '2015-01-15 05:03:25'),
(166, 'net_jogoaberto_76732957', 'Testemunhal - Deninson', '76732957', 1, 1, 1, 23, 'admin', '2015-01-15 05:08:15'),
(167, 'net_jogoaberto_76732956', 'Testemunhal - Renata', '76732956', 1, 1, 1, 23, 'admin', '2015-01-15 05:08:45'),
(168, 'net_jornalband_planocomercial', 'Plano Comercial', '../uploads/arquivo/net_jornalband_planocomercial/net_jornalband_planocomercial__168__arquivo.pdf', 1, 1, 1, 38, 'admin', '2015-01-15 05:13:27'),
(169, 'net_jornalband_defesaspntgsp', 'Defesas PNT e GSP', '../uploads/arquivo/net_jornalband_defesaspntgsp/net_jornalband_defesaspntgsp__169__arquivo.pdf', 1, 1, 1, 38, 'admin', '2015-01-15 05:13:59'),
(170, 'curitiba_bandentrevista', 'Band Entrevista', '../uploads/arquivo/curitiba_bandentrevista/curitiba_bandentrevista__170__arquivo.pdf', 1, 1, 6, 44, 'admin', '2015-01-15 05:14:26'),
(171, 'net_jornalnoite_planocomercial', 'Plano Comercial', '../uploads/arquivo/net_jornalnoite_planocomercial/net_jornalnoite_planocomercial__171__arquivo.pdf', 1, 1, 1, 39, 'admin', '2015-01-15 05:14:48'),
(172, 'curitiba_brasilurgente', 'Brasil Urgente', '../uploads/arquivo/curitiba_brasilurgente/curitiba_brasilurgente__172__arquivo.pdf', 1, 1, 6, 35, 'admin', '2015-01-15 05:15:01'),
(173, 'net_jornalnoite_defesaspntgsp', 'Defesas PNT e GSP', '../uploads/arquivo/net_jornalnoite_defesaspntgsp/net_jornalnoite_defesaspntgsp__173__arquivo.pdf', 1, 1, 1, 39, 'admin', '2015-01-15 05:15:25'),
(174, 'curitiba_caminhoesecia', 'Caminhões e Cia', '../uploads/arquivo/curitiba_caminhoesecia/curitiba_caminhoesecia__174__arquivo.pdf', 1, 1, 6, 90, 'admin', '2015-01-15 05:15:34'),
(175, 'curitiba_osdonosdabola', 'Os Donos da Bola', '../uploads/arquivo/curitiba_osdonosdabola/curitiba_osdonosdabola__175__arquivo.pdf', 1, 1, 6, 40, 'admin', '2015-01-15 05:16:15'),
(176, 'curitiba_paranaacontece', 'Paraná Acontece', '../uploads/arquivo/curitiba_paranaacontece/curitiba_paranaacontece__176__arquivo.pdf', 1, 1, 6, 47, 'admin', '2015-01-15 05:16:47'),
(177, 'net_masterchef_planocomercial', 'Plano Comercial', '../uploads/arquivo/net_masterchef_planocomercial/net_masterchef_planocomercial__177__arquivo.pdf', 1, 1, 1, 12, 'admin', '2015-01-15 05:17:19'),
(178, 'curitiba_bandshop', 'Band Shop', '../uploads/arquivo/curitiba_bandshop/curitiba_bandshop__178__arquivo.pdf', 1, 1, 6, 46, 'admin', '2015-01-15 05:17:40'),
(179, 'riodejaneiro_jogoaberto', 'Jogo Aberto', '../uploads/arquivo/riodejaneiro_jogoaberto/riodejaneiro_jogoaberto__179__arquivo.pdf', 1, 1, 12, 165, 'admin', '2015-01-16 09:23:55'),
(180, 'riodejaneiro_brasilurgente', 'Brasil Urgente', '../uploads/arquivo/riodejaneiro_brasilurgente/riodejaneiro_brasilurgente__180__arquivo.pdf', 1, 1, 12, 35, 'admin', '2015-01-16 09:24:37'),
(181, 'riodejaneiro_jornaldorio', 'Jornal do Rio', '../uploads/arquivo/riodejaneiro_jornaldorio/riodejaneiro_jornaldorio__181__arquivo.pdf', 1, 1, 12, 48, 'admin', '2015-01-16 09:25:11'),
(182, 'riodejaneiro_osdonosdabola', 'Os Donos da Bola', '../uploads/arquivo/riodejaneiro_osdonosdabola/riodejaneiro_osdonosdabola__182__arquivo.pdf', 1, 1, 12, 40, 'admin', '2015-01-16 09:26:51'),
(183, 'natal_automotor', 'Auto Motor', '../uploads/arquivo/natal_automotor/natal_automotor__183__arquivo.pdf', 1, 1, 8, 53, 'admin', '2015-01-16 10:00:53'),
(184, 'natal_aventurados', 'Aventurados', '../uploads/arquivo/natal_aventurados/natal_aventurados__184__arquivo.pdf', 0, 1, 8, 49, 'admin', '2015-02-11 04:00:47'),
(185, 'natal_bandmulher', 'Band Mulher', '../uploads/arquivo/natal_bandmulher/natal_bandmulher__185__arquivo.pdf', 1, 1, 8, 55, 'admin', '2015-01-16 10:01:54'),
(186, 'natal_batendoperna', 'Batendo Perna', '../uploads/arquivo/natal_batendoperna/natal_batendoperna__186__arquivo.pdf', 1, 1, 8, 50, 'admin', '2015-01-16 10:02:24'),
(187, 'natal_carnatal', 'De olho na folia', '../uploads/arquivo/natal_carnatal__arquivo.pdf', 1, 1, 8, 54, 'admin', '2015-01-16 10:05:30'),
(188, 'natal_papodefogao', 'Papo de Fogão', '../uploads/arquivo/natal_papodefogao/natal_papodefogao__188__arquivo.pdf', 1, 1, 8, 56, 'admin', '2015-01-16 10:09:33'),
(189, 'natal_paredaonatv', 'Paredão na TV', '../uploads/arquivo/natal_paredaonatv/natal_paredaonatv__189__arquivo.pdf', 1, 1, 8, 51, 'admin', '2015-01-16 10:10:07'),
(190, 'natal_rnacontece', 'RN Acontece', '../uploads/arquivo/natal_rnacontece/natal_rnacontece__190__arquivo.pdf', 1, 1, 8, 57, 'admin', '2015-01-16 10:10:46'),
(191, 'natal_rnurgente1edicao', 'RN Urgente 1ºEdição', '../uploads/arquivo/natal_rnurgente1edicao/natal_rnurgente1edicao__191__arquivo.pdf', 1, 1, 8, 58, 'admin', '2015-01-16 10:12:39'),
(192, 'natal_rnurgente2edicao', 'RN Urgente 2ºEdição', '../uploads/arquivo/natal_rnurgente2edicao/natal_rnurgente2edicao__192__arquivo.pdf', 1, 1, 8, 59, 'admin', '2015-01-16 10:13:13'),
(193, 'natal_valeuoboi', 'Valeu o boi', '../uploads/arquivo/natal_valeuoboi/natal_valeuoboi__193__arquivo.pdf', 1, 1, 8, 52, 'admin', '2015-01-16 10:13:45'),
(194, 'poa_agroband', 'Agro Band', '../uploads/arquivo/poa_agroband/poa_agroband__194__arquivo.pdf', 1, 1, 10, 63, 'admin', '2015-01-16 10:26:14'),
(195, 'poa_bandcidade', 'Band Cidade', '../uploads/arquivo/poa_bandcidade/poa_bandcidade__195__arquivo.pdf', 1, 1, 10, 166, 'admin', '2015-01-16 10:31:31'),
(196, 'poa_brasilurgente', 'Brasil Urgente', '../uploads/arquivo/poa_brasilurgente/poa_brasilurgente__196__arquivo.pdf', 1, 1, 10, 35, 'admin', '2015-01-16 10:32:01'),
(197, 'poa_imovelclass', 'Imóvel Class', '../uploads/arquivo/poa_imovelclass/poa_imovelclass__197__arquivo.pdf', 1, 1, 10, 64, 'admin', '2015-01-16 10:32:44'),
(198, 'poa_natrilhadossabores', 'Na trilha dos sabores', '../uploads/arquivo/poa_natrilhadossabores/poa_natrilhadossabores__198__arquivo.pdf', 1, 1, 10, 61, 'admin', '2015-01-16 10:33:26'),
(199, 'poa_osdonosdabola', 'Os Donos da Bola', '../uploads/arquivo/poa_osdonosdabola/poa_osdonosdabola__199__arquivo.pdf', 1, 1, 10, 40, 'admin', '2015-01-16 10:33:56'),
(200, 'poa_preliminar', 'Preliminar', '../uploads/arquivo/poa_preliminar/poa_preliminar__200__arquivo.pdf', 1, 1, 10, 62, 'admin', '2015-01-16 10:34:23'),
(201, 'poa_tanahora', 'Tá na hora', '../uploads/arquivo/poa_tanahora/poa_tanahora__201__arquivo.pdf', 1, 1, 10, 60, 'admin', '2015-01-16 10:34:51'),
(202, 'poa_tabeladeprecos', 'Tabela de Preços', '../uploads/arquivo/poa_tabeladeprecos/poa_tabeladeprecos__202__arquivo.pdf', 1, 1, 10, 2, 'admin', '2015-01-21 11:42:22'),
(203, 'poa_estudoaudiencia', 'Estudo Audiência', '../uploads/arquivo/poa_estudoaudiencia/poa_estudoaudiencia__203__arquivo.pdf', 1, 1, 10, 167, 'admin', '2015-01-21 11:37:28'),
(204, 'poa_posvenda_bandverao_bandfolia', 'Band Verão 2014 e Band Folia', '112830617', 1, 1, 10, 168, 'admin', '2015-01-16 10:41:10'),
(205, 'poa_posvenda_estacaoinverno', 'Estação Inverno', '112830614', 1, 1, 10, 168, 'admin', '2015-01-16 10:41:45'),
(206, 'poa_posvenda_missrs2014', 'Miss RS 2014', '112829608', 1, 1, 10, 168, 'admin', '2015-01-16 10:42:15'),
(207, 'poa_tanahora_acao_baladasegura1', 'Ação - Balada Segura 1', '112830622', 1, 1, 10, 60, 'admin', '2015-01-16 10:43:15'),
(208, 'poa_tanahora_acao_baladasegura2', 'Ação - Balada Segura 2', '112830618', 1, 1, 10, 60, 'admin', '2015-01-16 10:43:51'),
(209, 'poa_tanahora_acao_especialsenac', 'Ação - Especial Senac Enfermagem', '112835479', 1, 1, 10, 60, 'admin', '2015-01-16 10:44:35'),
(210, 'poa_tanahora_acao_especialsenacead', 'Ação - Especial Senac EAD', '112830625', 1, 1, 10, 60, 'admin', '2015-01-16 10:45:13'),
(211, 'poa_osdonosdabola_acao_tim', 'Ação - TIM', '112829607', 1, 1, 10, 40, 'admin', '2015-01-16 10:46:04'),
(212, 'poa_osdonosdabola_acao_ativo', 'Ação - ATIVO', '112848727', 1, 1, 10, 40, 'admin', '2015-01-16 10:46:36'),
(213, 'poa_brasilurgente_acao_dafra', 'Ação - Dafra', '112829609', 1, 1, 10, 35, 'admin', '2015-01-16 10:48:26'),
(214, 'poa_brasilurgente_acao_claro', 'Ação - Claro', '112829603', 1, 1, 10, 35, 'admin', '2015-01-16 10:49:01'),
(215, 'sp_coberturaespecial', 'Cobertura Especial', '../uploads/arquivo/sp_coberturaespecial/sp_coberturaespecial__215__arquivo.pdf', 1, 1, 14, 65, 'admin', '2015-01-16 11:01:50'),
(216, 'sp_estudoaudiencia', 'Estudo Audiência', '../uploads/arquivo/sp_estudoaudiencia/sp_estudoaudiencia__216__arquivo.pdf', 1, 1, 14, 6, 'afantin', '2015-03-03 06:57:27'),
(217, 'sp_lasvegas', 'Las Vegas', '../uploads/arquivo/sp_lasvegas/sp_lasvegas__217__arquivo.pdf', 1, 1, 14, 66, 'admin', '2015-01-16 11:03:01'),
(218, 'sp_masterchef2015', 'Masterchef 2015', '../uploads/arquivo/sp_masterchef2015/sp_masterchef2015__218__arquivo.pdf', 1, 1, 14, 169, 'admin', '2015-01-16 11:08:00'),
(219, 'sp_osdonosdabola', 'Os Donos da Bola', '../uploads/arquivo/sp_osdonosdabola/sp_osdonosdabola__219__arquivo.pdf', 1, 1, 14, 40, 'admin', '2015-01-16 11:04:36'),
(220, 'sp_sorisos', 'Só risos', '../uploads/arquivo/sp_sorisos/sp_sorisos__220__arquivo.pdf', 1, 1, 14, 67, 'admin', '2015-01-16 11:06:11'),
(221, 'net_missuniverso2014_planocomercial', 'Plano Comercial', '../uploads/arquivo/net_missuniverso2014_planocomercial/net_missuniverso2014_planocomercial__221__arquivo.pdf', 1, 1, 1, 170, 'admin', '2015-01-16 12:30:52'),
(222, 'net_msb_planocomercial', 'Plano Comercial', '../uploads/arquivo/net_msb_planocomercial/net_msb_planocomercial__222__arquivo.pdf', 1, 1, 1, 13, 'admin', '2015-01-16 12:32:31'),
(223, 'net_msb_defesaspntgsp', 'Defesas PNT e GSP', '../uploads/arquivo/net_msb_defesaspntgsp/net_msb_defesaspntgsp__223__arquivo.pdf', 1, 1, 1, 13, 'admin', '2015-01-16 12:33:40'),
(224, 'net_msb_13083100', 'Promo', '13083100', 1, 1, 1, 13, 'admin', '2015-01-16 12:34:41'),
(225, 'net_msb_77142768', 'Rodapé animado', '77142768', 1, 1, 1, 13, 'admin', '2015-01-16 12:37:00'),
(226, 'net_simpsons_planocomercial', 'Plano Comercial', '../uploads/arquivo/net_simpsons_planocomercial/net_simpsons_planocomercial__226__arquivo.pdf', 1, 1, 1, 34, 'admin', '2015-01-16 12:40:40'),
(227, 'net_simpsons_defesaspntgsp', 'Defesas PNT e GSP', '../uploads/arquivo/net_simpsons_defesaspntgsp/net_simpsons_defesaspntgsp__227__arquivo.pdf', 1, 1, 1, 34, 'admin', '2015-01-16 12:41:11'),
(228, 'net_panico_planocomercial', 'Plano Comercial', '../uploads/arquivo/net_panico_planocomercial/net_panico_planocomercial__228__arquivo.pdf', 1, 1, 1, 14, 'admin', '2015-01-16 03:14:43'),
(229, 'net_panico_defesaspntgsp', 'Defesas PNT e GSP', '../uploads/arquivo/net_panico_defesaspntgsp/net_panico_defesaspntgsp__229__arquivo.pdf', 1, 1, 1, 14, 'admin', '2015-01-16 03:15:13'),
(230, 'net_panico_92148806', 'Ação Especial', '92148806', 1, 1, 1, 14, 'admin', '2015-01-16 03:16:52'),
(231, 'net_panico_92070721', 'Testemunhal CNA', '92070721', 1, 1, 1, 14, 'admin', '2015-01-16 03:17:33'),
(232, 'net_panico_92082373', 'Merchanbreak Ifood', '92082373', 1, 1, 1, 14, 'admin', '2015-01-16 03:18:10'),
(233, 'net_panico_76531282', 'Ação Especial Guaraná', '76531282', 1, 1, 1, 14, 'admin', '2015-01-16 03:19:02'),
(234, 'spinterior_bandcidade', 'Band Cidade', '../uploads/arquivo/spinterior_bandcidade/spinterior_bandcidade__234__arquivo.pdf', 1, 1, 18, 171, 'admin', '2015-01-16 03:19:39'),
(235, 'spinterior_bandrural', 'Band Rural', '../uploads/arquivo/spinterior_bandrural/spinterior_bandrural__235__arquivo.pdf', 1, 1, 18, 69, 'admin', '2015-01-16 03:20:11'),
(236, 'net_panico_76531284', 'Ação Integrada Gillette', '76531284', 1, 1, 1, 14, 'admin', '2015-01-16 03:20:31'),
(237, 'net_panico_89328158', 'Top de 5 Cacau Show', '89328158', 1, 1, 1, 14, 'admin', '2015-01-16 03:20:57'),
(238, 'net_panico_76531287', 'Vinheta Abertura Skol', '76531287', 1, 1, 1, 14, 'admin', '2015-01-16 03:22:02'),
(239, 'spinterior_diariorural', 'Diário Rural', '../uploads/arquivo/spinterior_diariorural/spinterior_diariorural__239__arquivo.pdf', 1, 1, 18, 71, 'admin', '2015-01-16 03:22:27'),
(240, 'net_panico_87787775', 'Chamada', '87787775', 1, 1, 1, 14, 'admin', '2015-01-16 03:22:45'),
(241, 'spinterior_especialcidades', 'Especial Cidades', '../uploads/arquivo/spinterior_especialcidades/spinterior_especialcidades__241__arquivo.pdf', 1, 1, 18, 70, 'admin', '2015-01-16 03:23:00'),
(242, 'spinterior_jogoaberto', 'Jogo Aberto', '../uploads/arquivo/spinterior_jogoaberto/spinterior_jogoaberto__242__arquivo.pdf', 1, 1, 18, 23, 'admin', '2015-01-16 03:23:29'),
(243, 'spinterior_superutil', 'Super Útil', '../uploads/arquivo/spinterior_superutil/spinterior_superutil__243__arquivo.pdf', 1, 1, 18, 68, 'admin', '2015-01-16 03:23:56'),
(244, 'net_panico2015_planocomercial', 'Plano Comercial', '../uploads/arquivo/net_panico2015_planocomercial/net_panico2015_planocomercial__244__arquivo.pdf', 1, 1, 1, 172, 'rwoerle', '2015-03-02 11:55:49'),
(245, 'spinterior_tabeladeprecos', 'Tabela de Preços', '../uploads/arquivo/spinterior_tabeladeprecos/spinterior_tabeladeprecos__245__arquivo.pdf', 1, 1, 18, 2, 'admin', '2015-01-16 03:24:26'),
(246, 'net_policia24_planocomercial', 'Plano Comercial', '../uploads/arquivo/net_policia24_planocomercial/net_policia24_planocomercial__246__arquivo.pdf', 1, 1, 1, 15, 'admin', '2015-01-16 03:25:03'),
(247, 'net_policia24_defesapntgsp', 'Defesas PNT e GSP', '../uploads/arquivo/net_policia24_defesapntgsp/net_policia24_defesapntgsp__247__arquivo.pdf', 1, 1, 1, 15, 'admin', '2015-01-16 03:25:34'),
(248, 'spinterior_superutil_chamada', 'Chamada - Super Útil', '79208267', 1, 1, 18, 68, 'admin', '2015-01-16 03:25:37'),
(249, 'net_porschegt3_planocomercial', 'Plano Comercial', '../uploads/arquivo/net_porschegt3_planocomercial/net_porschegt3_planocomercial__249__arquivo.pdf', 1, 1, 1, 27, 'admin', '2015-01-16 03:26:23'),
(250, 'spinterior_superutil_patrocinio', 'Patrocínio do programa', '90351290', 1, 1, 18, 68, 'admin', '2015-01-16 03:26:30'),
(251, 'spinterior_superutil_patrociniodequadro', 'Patrocínio de Quadro', '90354920', 1, 1, 18, 68, 'admin', '2015-01-16 03:27:08'),
(252, 'net_prejogo_planocomercial', 'Plano Comercial', '../uploads/arquivo/net_prejogo_planocomercial/net_prejogo_planocomercial__252__arquivo.pdf', 1, 1, 1, 24, 'admin', '2015-01-16 03:27:34'),
(253, 'spinterior_jogoaberto_chamada', 'Chamada - Jogo Aberto', '109807972', 1, 1, 18, 23, 'admin', '2015-01-16 03:27:53'),
(254, 'net_prejogo_defesaspntgsp', 'Dfesas PNT e GSP', '../uploads/arquivo/net_prejogo_defesaspntgsp/net_prejogo_defesaspntgsp__254__arquivo.pdf', 1, 1, 1, 24, 'admin', '2015-01-16 03:28:17'),
(255, 'spinterior_bandrural_chamada', 'Chamada Band Rural', '109807971', 1, 1, 18, 69, 'admin', '2015-01-16 03:28:34'),
(256, 'spinterior_diariorural_chamada', 'Chamada - Diário Rural', '109807970', 1, 1, 18, 71, 'admin', '2015-01-16 03:29:30'),
(257, 'net_prejogo_77804295', 'Testemunhal com Produto', '77804295', 1, 1, 1, 24, 'admin', '2015-01-16 03:34:48'),
(258, 'net_rolandgarros2015_planocomercial', 'Plano Comercial', '../uploads/arquivo/net_rolandgarros2015_planocomercial/net_rolandgarros2015_planocomercial__258__arquivo.pdf', 1, 1, 1, 88, 'jvbarros', '2015-03-04 12:11:10'),
(259, 'net_sns_80456004', 'Promo', '80456004', 1, 1, 1, 16, 'admin', '2015-01-16 03:42:08'),
(260, 'net_sns_planocomercial', 'Plano Comercial', '../uploads/arquivo/net_sns_planocomercial/net_sns_planocomercial__260__arquivo.pdf', 1, 1, 1, 16, 'admin', '2015-01-16 03:42:32'),
(261, 'net_sns_defesaspntgsp', 'Defesas PNT e GSP', '../uploads/arquivo/net_sns_defesaspntgsp/net_sns_defesaspntgsp__261__arquivo.pdf', 1, 1, 1, 16, 'admin', '2015-01-16 03:43:00'),
(262, 'net_salem_planocomercial', 'Plano Comercial', '../uploads/arquivo/net_salem_planocomercial/net_salem_planocomercial__262__arquivo.pdf', 1, 1, 1, 173, 'admin', '2015-02-03 12:09:58'),
(263, 'campinas_bandcidade', 'Band Cidade', '../uploads/arquivo/campinas_bandcidade/campinas_bandcidade__263__arquivo.pdf', 1, 1, 5, 174, 'admin', '2015-01-16 03:50:01'),
(264, 'campinas_brasilurgente', 'Brasil Urgente', '../uploads/arquivo/campinas_brasilurgente/campinas_brasilurgente__264__arquivo.pdf', 1, 1, 5, 35, 'admin', '2015-01-16 03:50:33'),
(265, 'campinas_clubedogordinho', 'Clube do Gordinho', '../uploads/arquivo/campinas_clubedogordinho/campinas_clubedogordinho__265__arquivo.pdf', 1, 1, 5, 78, 'admin', '2015-01-16 03:51:03'),
(266, 'campinas_entrevistacoletiva', 'Entrevista Coletiva', '../uploads/arquivo/campinas_entrevistacoletiva/campinas_entrevistacoletiva__266__arquivo.pdf', 1, 1, 5, 80, 'admin', '2015-01-16 03:51:33'),
(267, 'campinas_jogoaberto', 'Jogo Aberto', '../uploads/arquivo/campinas_jogoaberto/campinas_jogoaberto__267__arquivo.pdf', 1, 1, 5, 23, 'admin', '2015-01-16 03:52:01'),
(268, 'campinas_osdonosdabola', 'Os Donos da Bola', '../uploads/arquivo/campinas_osdonosdabola/campinas_osdonosdabola__268__arquivo.pdf', 1, 1, 5, 40, 'admin', '2015-01-16 03:52:27'),
(269, 'campinas_tvwebshop', 'TV Web Shop', '../uploads/arquivo/campinas_tvwebshop/campinas_tvwebshop__269__arquivo.pdf', 1, 1, 5, 79, 'admin', '2015-01-16 03:53:09'),
(270, 'net_sessaolivre_defesaspntgsp', 'Defesas PNT e GSP', '../uploads/arquivo/net_sessaolivre_defesaspntgsp/net_sessaolivre_defesaspntgsp__270__arquivo.pdf', 1, 1, 1, 175, 'admin', '2015-01-16 04:03:12'),
(271, 'net_sleepyhollow_planocomercial', 'Plano Comercial', '../uploads/arquivo/net_sleepyhollow_planocomercial/net_sleepyhollow_planocomercial__271__arquivo.pdf', 0, 1, 1, 176, 'admin', '2015-02-27 05:08:50'),
(272, 'net_sorisos_planocomercial', 'Plano Comercial', '../uploads/arquivo/net_sorisos_planocomercial/net_sorisos_planocomercial__272__arquivo.pdf', 1, 1, 1, 67, 'admin', '2015-01-16 04:06:21'),
(273, 'net_3tempo_planocomercial', 'Plano Comercial', '../uploads/arquivo/net_3tempo_planocomercial/net_3tempo_planocomercial__273__arquivo.pdf', 1, 1, 1, 25, 'admin', '2015-01-16 04:07:19'),
(274, 'net_3tempo_defesaspntgsp', 'Defesas PNT e GSP', '../uploads/arquivo/net_3tempo_defesaspntgsp/net_3tempo_defesaspntgsp__274__arquivo.pdf', 1, 1, 1, 25, 'admin', '2015-01-16 04:07:46'),
(275, 'net_3tempo_92070607', 'Testemunhal Renault', '92070607', 1, 1, 1, 25, 'admin', '2015-01-16 04:14:25'),
(276, 'vale_bandcidade1edicao', 'Band Cidade 1ºEdição', '../uploads/arquivo/vale_bandcidade1edicao/vale_bandcidade1edicao__276__arquivo.pdf', 1, 1, 17, 178, 'admin', '2015-01-16 04:15:08'),
(277, 'net_3tempo_92070731', 'Ação Integrada Powerade', '92070731', 1, 1, 1, 25, 'admin', '2015-01-16 04:15:21'),
(278, 'vale_bandcidade2edicao', 'Band Cidade 2ºEdição', '../uploads/arquivo/vale_bandcidade2edicao/vale_bandcidade2edicao__278__arquivo.pdf', 1, 1, 17, 179, 'admin', '2015-01-22 05:45:09'),
(279, 'net_walkingdead_planocomercial', 'Plano Comercial', '../uploads/arquivo/net_walkingdead_planocomercial/net_walkingdead_planocomercial__279__arquivo.pdf', 1, 1, 1, 177, 'admin', '2015-01-16 04:17:19'),
(280, 'vale_bandcidadeprevisao', 'Band Cidade Previsão', '../uploads/arquivo/vale_bandcidadeprevisao/vale_bandcidadeprevisao__280__arquivo.pdf', 1, 1, 17, 75, 'admin', '2015-01-16 04:18:01'),
(281, 'net_top20_102327527', 'Chamada', '102327527', 1, 1, 1, 18, 'admin', '2015-01-16 04:18:28'),
(282, 'vale_falandonisso', 'Falando Nisso', '../uploads/arquivo/vale_falandonisso/vale_falandonisso__282__arquivo.pdf', 1, 1, 17, 72, 'admin', '2015-01-16 04:18:31'),
(283, 'net_top20_planocomercial', 'Plano Comercial', '../uploads/arquivo/net_top20_planocomercial/net_top20_planocomercial__283__arquivo.pdf', 0, 1, 1, 18, 'admin', '2015-02-11 03:07:54'),
(284, 'vale_osdonosdabola', 'Os Donos da Bola', '../uploads/arquivo/vale_osdonosdabola/vale_osdonosdabola__284__arquivo.pdf', 1, 1, 17, 40, 'admin', '2015-01-16 04:19:00'),
(285, 'net_topcine_planocomercial', 'Plano Comercial', '../uploads/arquivo/net_topcine_planocomercial/net_topcine_planocomercial__285__arquivo.pdf', 1, 1, 1, 89, 'admin', '2015-02-13 06:24:55'),
(286, 'net_topcine_defesapntgsp', 'Defesas PNT e GSP', '../uploads/arquivo/net_topcine_defesapntgsp/net_topcine_defesapntgsp__286__arquivo.pdf', 1, 1, 1, 89, 'admin', '2015-01-16 04:21:01'),
(287, 'vale_republica', 'República', '../uploads/arquivo/vale_republica/vale_republica__287__arquivo.pdf', 1, 1, 17, 73, 'admin', '2015-01-16 04:21:15'),
(288, 'net_triptv_planocomercial', 'Plano Comercial', '../uploads/arquivo/net_triptv_planocomercial/net_triptv_planocomercial__288__arquivo.pdf', 1, 1, 1, 19, 'admin', '2015-01-16 04:21:28'),
(289, 'vale_tabeladeprecos', 'Tabela de Preços', '../uploads/arquivo/vale_tabeladeprecos/vale_tabeladeprecos__289__arquivo.pdf', 1, 1, 17, 2, 'admin', '2015-01-21 11:11:33'),
(290, 'net_triptv_95429534', 'Promo', '95429534', 1, 1, 1, 19, 'admin', '2015-01-16 04:22:09'),
(291, 'vale_valeshop', 'Vale Shop', '../uploads/arquivo/vale_valeshop/vale_valeshop__291__arquivo.pdf', 1, 1, 17, 77, 'admin', '2015-01-16 04:23:25'),
(292, 'vale_valeurgente', 'Vale Urgente', '../uploads/arquivo/vale_valeurgente/vale_valeurgente__292__arquivo.pdf', 1, 1, 17, 76, 'admin', '2015-01-16 04:23:53'),
(293, 'sat_tabelaprecos', 'Tabela de Preços', '../uploads/arquivo/sat_tabelaprecos/sat_tabelaprecos__293__arquivo.pdf', 1, 32, 1, 2, 'admin', '2015-01-16 04:28:16'),
(294, 'sat_apresentacao', 'Apresentação', '../uploads/arquivo/sat_apresentacao/sat_apresentacao__294__arquivo.pdf', 1, 32, 1, 5, 'admin', '2015-01-16 04:30:26'),
(295, 'palmas_noticiasredacao_planocomercial', 'Plano Comercial', '../uploads/arquivo/palmas_noticiasredacao_planocomercial/palmas_noticiasredacao_planocomercial__295__arquivo.pdf', 1, 1, 9, 81, 'admin', '2015-01-16 04:32:42'),
(296, 'net_documentariosbbc', 'Documentários BBC', '../uploads/arquivo/net_documentariosbbc/net_documentariosbbc__296__arquivo.pdf', 1, 1, 1, 180, 'admin', '2015-01-20 11:46:52'),
(297, 'net_1001noites', '1001Noites', '../uploads/arquivo/net_1001noites/net_1001noites__297__arquivo.pdf', 1, 1, 1, 181, 'frpereira', '2015-02-26 04:49:53'),
(298, 'poa_bandmotores', 'Band Motores', '../uploads/arquivo/poa_bandmotores/poa_bandmotores__298__arquivo.pdf', 1, 1, 10, 182, 'admin', '2015-01-21 11:36:31'),
(299, 'net_umahistoriadehorroramericana', 'Uma História de Horror Americana', '../uploads/arquivo/net_umahistoriadehorroramericana/net_umahistoriadehorroramericana__299__arquivo.pdf', 1, 1, 1, 183, 'admin', '2015-01-21 12:41:54'),
(300, 'net_icarly', 'iCarly', '../uploads/arquivo/net_icarly/net_icarly__300__arquivo.pdf', 1, 1, 1, 184, 'admin', '2015-02-03 12:21:49'),
(301, 'net_glee', 'Glee', '../uploads/arquivo/net_glee/net_glee__301__arquivo.pdf', 1, 1, 1, 164, 'admin', '2015-02-10 07:56:07'),
(302, 'net_copapetrobras', 'Copa Petrobras de Marcas', '../uploads/arquivo/net_copapetrobras/net_copapetrobras__302__arquivo.pdf', 1, 1, 1, 85, 'admin', '2015-02-11 08:15:57'),
(303, 'previsaodotempo', 'Previsão do Tempo', '../uploads/arquivo/previsaodotempo/previsaodotempo__303__arquivo.PDF', 1, 3, 1, 185, 'admin', '2015-02-11 05:18:09'),
(305, 'natal_saojoao', 'São João 2015', '../uploads/arquivo/natal_saojoao/natal_saojoao__305__arquivo.pdf', 1, 1, 8, 186, 'admin', '2015-02-12 06:57:04'),
(306, 'net_jogos_olimpicos_rio_2016 ', 'Plano Comercial', '../uploads/arquivo/net_jogos_olimpicos_rio_2016 /net_jogos_olimpicos_rio_2016 __306__arquivo.pdf', 1, 1, 1, 187, 'admin', '2015-02-13 03:10:31'),
(307, 'natal_copadefutebolamador', 'Plano Comercial', '../uploads/arquivo/natal_copadefutebolamador/natal_copadefutebolamador__307__arquivo.pdf', 1, 1, 8, 188, 'admin', '2015-02-13 05:23:57'),
(308, 'natal_copabanddefutsal', 'Plano Comercial', '../uploads/arquivo/natal_copabanddefutsal/natal_copabanddefutsal__308__arquivo.pdf', 1, 1, 8, 189, 'admin', '2015-02-13 05:34:27'),
(309, 'natal_missrn', 'Plano Comercial', '../uploads/arquivo/natal_missrn/natal_missrn__309__arquivo.pdf', 1, 1, 8, 190, 'admin', '2015-02-13 05:36:20'),
(310, 'natal_enem', 'Plano Comercial', '../uploads/arquivo/natal_enem/natal_enem__310__arquivo.pdf', 1, 1, 8, 191, 'admin', '2015-02-13 05:39:27'),
(311, 'natal_passeiociclistico', 'Plano Comercial', '../uploads/arquivo/natal_passeiociclistico/natal_passeiociclistico__311__arquivo.pdf', 1, 1, 8, 192, 'admin', '2015-02-13 05:58:18'),
(312, 'natal_festadoboi', 'Plano Comercial', '../uploads/arquivo/natal_festadoboi/natal_festadoboi__312__arquivo.pdf', 1, 1, 8, 193, 'admin', '2015-02-13 06:18:38'),
(313, 'natal_corridanoturna', 'Plano Comercial', '../uploads/arquivo/natal_corridanoturna/natal_corridanoturna__313__arquivo.pdf', 1, 1, 8, 194, 'admin', '2015-02-13 06:20:39'),
(314, 'natal_jerns', 'Plano Comercial', '../uploads/arquivo/natal_jerns/natal_jerns__314__arquivo.pdf', 1, 1, 8, 195, 'admin', '2015-02-13 06:22:39');
INSERT INTO `arquivo` (`id_arquivo`, `ref_arquivo`, `nome_arquivo`, `caminho_arquivo`, `ativo_arquivo`, `fk_id_veiculo`, `fk_id_praca`, `fk_id_programa`, `usuario`, `data`) VALUES
(316, 'net_sorisos', 'Defesas PNT e GSP', '../uploads/arquivo/net_sorisos/net_sorisos__316__arquivo.pdf', 1, 1, 1, 67, 'admin', '2015-02-24 08:23:21'),
(317, 'outernet_road_show', 'Road Show', '../uploads/arquivo/outernet_road_show/outernet_road_show__317__arquivo.pdf', 1, 30, 1, 196, 'admin', '2015-02-27 07:37:34'),
(318, 'outernet_cases', 'Cases 2014', '../uploads/arquivo/outernet_cases/outernet_cases__318__arquivo.pdf', 1, 30, 1, 200, 'admin', '2015-02-27 07:38:05'),
(319, 'outernet_numeros', 'Números', '../uploads/arquivo/outernet_numeros/outernet_numeros__319__arquivo.pdf', 1, 30, 1, 198, 'admin', '2015-02-27 07:39:08'),
(320, 'outernet_tabela_precos', 'Tabela de Preços', '../uploads/arquivo/outernet_tabela_precos/outernet_tabela_precos__320__arquivo.pdf', 1, 30, 1, 197, 'admin', '2015-02-27 07:39:52'),
(321, 'outernet_apresentacao_completa_pdf', 'Completa (PDF)', '../uploads/arquivo/outernet_apresentacao_completa_pdf__321__arquivo.pdf', 1, 30, 1, 199, 'admin', '2015-02-27 07:50:30'),
(322, 'outernet_apresentacao_resumida_pdf', 'Resumida (PDF)', '../uploads/arquivo/outernet_apresentacao_resumida_pdf__322__arquivo.pdf', 1, 30, 1, 199, 'admin', '2015-02-27 07:50:41'),
(323, 'outernet_apresentacao_completa_ppt', 'Completa  (PPT)', '../uploads/arquivo/outernet_apresentacao_completa_ppt__323__arquivo.pptx', 1, 30, 1, 199, 'admin', '2015-02-27 07:50:51'),
(324, 'outernet_apresentacao_resumida_ppt', 'Resumida (PPT)', '../uploads/arquivo/outernet_apresentacao_resumida_ppt/outernet_apresentacao_resumida_ppt__324__arquivo.pptx', 1, 30, 1, 199, 'admin', '2015-02-27 07:51:36'),
(325, 'outernet_plano_bsb_pdf', 'Plano Brasília (PDF)', '../uploads/arquivo/outernet_plano_bsb_pdf__325__arquivo.pdf', 1, 30, 1, 201, 'admin', '2015-02-27 07:52:10'),
(326, 'outernet_plano_poa', 'Plano Porto Alegre (PDF)', '../uploads/arquivo/outernet_plano_poa__326__arquivo.pdf', 1, 30, 1, 201, 'admin', '2015-02-27 07:52:19'),
(327, 'outernet_plano_rj_pdf', 'Plano Rio de Janeiro (PDF)', '../uploads/arquivo/outernet_plano_rj_pdf__327__arquivo.pdf', 1, 30, 1, 201, 'admin', '2015-02-27 07:52:27'),
(328, 'outernet_plano_sp_pdf', 'Plano São Paulo (PDF)', '../uploads/arquivo/outernet_plano_sp_pdf__328__arquivo.pdf', 1, 30, 1, 201, 'admin', '2015-02-27 07:52:33'),
(329, 'outernet_plano_bh_pdf', 'Plano Belo Horizonte (PDF)', '../uploads/arquivo/outernet_plano_bh_pdf/outernet_plano_bh_pdf__329__arquivo.pdf', 1, 30, 1, 201, 'admin', '2015-02-27 07:52:41'),
(330, 'outernet_plano_bsb_ppt', 'Plano Brasília (PPT)', '../uploads/arquivo/outernet_plano_bsb_ppt/outernet_plano_bsb_ppt__330__arquivo.pptx', 1, 30, 1, 201, 'admin', '2015-02-27 07:53:35'),
(331, 'outernet_plano_poa_ppt', 'Plano Porto Alegre (PPT)', '../uploads/arquivo/outernet_plano_poa_ppt/outernet_plano_poa_ppt__331__arquivo.pptx', 1, 30, 1, 201, 'admin', '2015-02-27 07:56:21'),
(332, 'outernet_plano_rj_ppt', 'Plano Rio de Janeiro (PPT)', '../uploads/arquivo/outernet_plano_rj_ppt/outernet_plano_rj_ppt__332__arquivo.pptx', 1, 30, 1, 201, 'admin', '2015-02-27 07:54:46'),
(333, 'outernet_plano_sp_ppt', 'Plano São Paulo (PPT)', '../uploads/arquivo/outernet_plano_sp_ppt/outernet_plano_sp_ppt__333__arquivo.pptx', 1, 30, 1, 201, 'admin', '2015-02-27 07:55:16'),
(334, 'outernet_josesilverio', 'José Silvério', '99760604', 1, 30, 1, 202, 'admin', '2015-02-27 12:44:28'),
(335, 'outernet_miltonneves', 'Milton Neves', '99760606', 1, 30, 1, 202, 'admin', '2015-02-27 12:44:58'),
(336, 'outernet_teojose', 'Téo José', '99760609', 1, 30, 1, 202, 'admin', '2015-02-27 12:48:46'),
(337, 'outernet_simaoboechat', 'José Simão e Ricardo Boeachat', '99760608', 1, 30, 1, 202, 'admin', '2015-02-27 12:49:30'),
(338, 'outernet_99760612', 'Vapt Vupt', '99760612', 1, 30, 1, 204, 'admin', '2015-03-02 02:21:10'),
(339, 'outernet_99876050', 'Agenda Carnaval', '99876050', 1, 30, 1, 205, 'admin', '2015-03-02 02:21:46'),
(340, 'outernet_99876047', 'Aniversário de São Paulo', '99876047', 1, 30, 1, 205, 'admin', '2015-03-02 02:22:12'),
(341, 'outernet_99876049', 'Boletim Carnaval', '99876049', 1, 30, 1, 205, 'admin', '2015-03-02 02:22:42'),
(342, 'outernet_99876154', 'Carnaval', '99876154', 1, 30, 1, 205, 'admin', '2015-03-02 02:24:11'),
(343, 'outernet_99876148', 'Dia da Atividade Física', '99876148', 1, 30, 1, 205, 'admin', '2015-03-02 02:24:41'),
(344, 'outernet_99876149', 'Dia da Mulher', '99876149', 1, 30, 1, 205, 'admin', '2015-03-02 02:25:04'),
(345, 'outernet_99876150', 'Dia das Mães', '99876150', 1, 30, 1, 205, 'admin', '2015-03-02 02:25:31'),
(346, 'outernet_99876152', 'Dia do Consumidor', '99876152', 1, 30, 1, 205, 'admin', '2015-03-02 02:26:11'),
(347, 'outernet_99876554', 'Dia dos Namorados', '99876554', 1, 30, 1, 205, 'admin', '2015-03-02 02:26:41'),
(348, 'outernet_99876557', 'Fashion Rion', '99876557', 1, 30, 1, 205, 'admin', '2015-03-02 02:27:15'),
(349, 'outernet_99876558', 'Festival Llollapalooza', '99876558', 1, 30, 1, 205, 'admin', '2015-03-02 02:27:50'),
(350, 'outernet_99876560', 'Páscoa', '99876560', 1, 30, 1, 205, 'admin', '2015-03-02 02:28:09'),
(351, 'outernet_99876561', 'São Paulo Fashion Week', '99876561', 1, 30, 1, 205, 'admin', '2015-03-02 02:28:34'),
(352, 'outernet_99876907', 'Virada Cultural', '99876907', 1, 30, 1, 205, 'admin', '2015-03-02 02:28:55'),
(353, 'outernet_99876905', 'Volta às Aulas', '99876905', 1, 30, 1, 205, 'admin', '2015-03-02 02:29:18'),
(354, 'outernet_99868312', 'Indicadores Econômicos', '99868312', 1, 30, 1, 206, 'admin', '2015-03-02 02:30:31'),
(355, 'outernet_99868316', 'Indicadores Econômicos 2', '99868316', 1, 30, 1, 206, 'admin', '2015-03-02 02:31:15'),
(356, 'outernet_99868314', 'Seu Dinheiro', '99868314', 1, 30, 1, 205, 'admin', '2015-03-02 02:33:57'),
(357, 'outernet_99875472', 'Boletim da Educação', '99875472', 1, 30, 1, 207, 'admin', '2015-03-02 02:53:29'),
(358, 'outernet_99868317', 'Boletim Universitário', '99868317', 1, 30, 1, 207, 'admin', '2015-03-02 02:54:01'),
(359, 'outernet_99875341', 'Três Mais', '99875341', 1, 30, 1, 208, 'admin', '2015-03-02 03:06:38'),
(360, 'outernet_99875344', 'Celebridades', '99875344', 1, 30, 1, 208, 'admin', '2015-03-02 03:07:53'),
(361, 'outernet_99875347', 'Cinema', '99875347', 1, 30, 1, 208, 'admin', '2015-03-02 03:08:14'),
(362, 'outernet_99875345', 'Cinema Mudo', '99875345', 1, 30, 1, 208, 'admin', '2015-03-02 03:08:44'),
(363, 'outernet_99875473', 'Comédia', '99875473', 1, 30, 1, 208, 'admin', '2015-03-02 03:09:09'),
(364, 'outernet_99875474', 'Conteúdos Band', '99875474', 1, 30, 1, 208, 'admin', '2015-03-02 03:09:35'),
(365, 'outernet_99875475', 'Curiosidades', '99875475', 1, 30, 1, 208, 'admin', '2015-03-02 03:09:55'),
(366, 'outernet_99875782', 'Horóscopo', '99875782', 1, 30, 1, 208, 'admin', '2015-03-02 03:10:30'),
(367, 'outernet_99875774', 'Imagens do Dia', '99875774', 1, 30, 1, 208, 'admin', '2015-03-02 03:10:55'),
(368, 'outernet_99875777', 'Minuto Arte', '99875777', 1, 30, 1, 208, 'admin', '2015-03-02 03:11:23'),
(369, 'outernet_99875779', 'Minuto do Riso', '99875779', 1, 30, 1, 208, 'admin', '2015-03-02 03:11:44'),
(370, 'outernet_99875781', 'Moda das Estrelas', '99875781', 1, 30, 1, 208, 'admin', '2015-03-02 03:12:11'),
(371, 'outernet_99875981', 'Moda', '99875981', 1, 30, 1, 208, 'admin', '2015-03-02 03:12:29'),
(372, 'outernet_99875976', 'Notícias Bizarras', '99875976', 1, 30, 1, 208, 'admin', '2015-03-02 03:12:57'),
(373, 'outernet_99875977', 'Novelas', '99875977', 1, 30, 1, 208, 'admin', '2015-03-02 03:13:22'),
(374, 'outernet_99875979', 'Quiz', '99875979', 1, 30, 1, 208, 'admin', '2015-03-02 03:13:42'),
(375, 'outernet_99875980', 'Sabe ou não Sabe', '99875980', 1, 30, 1, 208, 'admin', '2015-03-02 03:14:04'),
(376, 'outernet_99876045', 'Vamos Juntos', '99876045', 1, 30, 1, 208, 'admin', '2015-03-02 03:14:35'),
(377, 'outernet_99876046', 'Viajando', '99876046', 1, 30, 1, 208, 'admin', '2015-03-02 03:14:56'),
(378, 'outernet_99876911', 'Esportes Radicais', '99876911', 1, 30, 1, 209, 'admin', '2015-03-02 03:15:32'),
(379, 'outernet_99876908', 'Giro Esportivo', '99876908', 1, 30, 1, 209, 'admin', '2015-03-02 03:15:54'),
(380, 'outernet_99876909', 'Indy', '99876909', 1, 30, 1, 209, 'admin', '2015-03-02 03:16:14'),
(381, 'outernet_99877015', 'Ponto do Esporte', '99877015', 1, 30, 1, 209, 'admin', '2015-03-02 03:16:32'),
(382, 'outernet_99877016', 'Pós Jogo', '99877016', 1, 30, 1, 209, 'admin', '2015-03-02 03:17:54'),
(383, 'outernet_99876150_2', 'Dia das Mães', '99876150', 1, 30, 1, 210, 'admin', '2015-03-02 03:26:36'),
(384, 'outernet_99876554_2', 'Dia dos Namorados', '99876554', 1, 30, 1, 210, 'admin', '2015-03-02 03:27:32'),
(385, 'outernet_99877017', 'Divino Fogão', '99877017', 1, 30, 1, 210, 'admin', '2015-03-02 03:27:55'),
(386, 'outernet_99877021', 'Notícias Internacionais', '99877021', 1, 30, 1, 211, 'admin', '2015-03-02 03:29:44'),
(387, 'outernet_99877020', 'Notícias Nacionais', '99877020', 1, 30, 1, 211, 'admin', '2015-03-02 03:30:03'),
(388, 'outernet_99877087', 'Previsão do Tempo', '99877087', 1, 30, 1, 211, 'admin', '2015-03-02 03:30:23'),
(389, 'outernet_99877089', 'Conheça São Paulo', '99877089', 1, 30, 1, 212, 'admin', '2015-03-02 03:30:46'),
(390, 'outernet_99877088', 'Agenda Cultural', '99877088', 1, 30, 1, 212, 'admin', '2015-03-02 03:31:19'),
(391, 'outernet_99877090', 'Acontece em São Paulo', '99877090', 1, 30, 1, 212, 'admin', '2015-03-02 03:31:43'),
(392, 'outernet_99877093', 'Dicas de Inverno', '99877093', 1, 30, 1, 213, 'admin', '2015-03-02 03:32:22'),
(393, 'outernet_99877220', 'Dicas de Outono', '99877220', 1, 30, 1, 213, 'admin', '2015-03-02 03:32:42'),
(394, 'outernet_99877221', 'Dicas de Primavera', '99877221', 1, 30, 1, 213, 'admin', '2015-03-02 03:33:04'),
(395, 'outernet_99877222', 'Dicas de Verão', '99877222', 1, 30, 1, 213, 'admin', '2015-03-02 03:33:29'),
(396, 'outernet_99877223', 'Época de Uva', '99877223', 1, 30, 1, 213, 'admin', '2015-03-02 03:34:09'),
(397, 'outernet_99877218', 'Serviço de Saúde', '99877218', 1, 30, 1, 213, 'admin', '2015-03-02 03:34:36'),
(398, 'outernet_99877329', 'Viva Melhor', '99877329', 1, 30, 1, 213, 'admin', '2015-03-02 03:34:55'),
(399, 'outernet_99877333', 'Anote Aí', '99877333', 1, 30, 1, 214, 'admin', '2015-03-02 04:00:22'),
(400, 'outernet_99877334', 'Carreira e Trabalho', '99877334', 1, 30, 1, 214, 'admin', '2015-03-02 04:00:44'),
(401, 'outernet_99877330', 'Dengue', '99877330', 1, 30, 1, 214, 'admin', '2015-03-02 04:01:03'),
(402, 'outernet_99877332', 'Desaparecidos', '99877332', 1, 30, 1, 214, 'admin', '2015-03-02 04:01:21'),
(403, 'outernet_99877456', 'Mega Sena', '99877456', 1, 30, 1, 214, 'admin', '2015-03-02 04:01:40'),
(404, 'outernet_99877450', 'Meio Ambiente', '99877450', 1, 30, 1, 214, 'admin', '2015-03-02 04:02:02'),
(405, 'outernet_99877451', 'Momento Cidadão', '99877451', 1, 30, 1, 214, 'admin', '2015-03-02 04:02:27'),
(406, 'outernet_99877453', 'Seu Direito', '99877453', 1, 30, 1, 214, 'admin', '2015-03-02 04:02:52'),
(407, 'outernet_99877454', 'Vagas de Emprego', '99877454', 1, 30, 1, 214, 'admin', '2015-03-02 04:03:12'),
(408, 'outernet_104327919', 'CNA', '104327919', 1, 30, 1, 215, 'admin', '2015-03-02 04:43:44'),
(409, 'outernet_104327919_2', 'UOL', '104327919', 1, 30, 1, 215, 'admin', '2015-03-02 04:45:07'),
(410, 'outernet_104327920', 'Coca-Cola', '104327920', 1, 30, 1, 215, 'admin', '2015-03-02 04:45:29'),
(411, 'outernet_104328014', 'Hellmann''s Brasil', '104328014', 1, 30, 1, 215, 'admin', '2015-03-02 04:46:10'),
(412, 'outernet_104327916', 'Bradesco', '104327916', 1, 30, 1, 215, 'admin', '2015-03-02 04:46:58'),
(413, 'outernet_104328135', 'Tecnisa', '104328135', 1, 30, 1, 215, 'admin', '2015-03-02 04:47:21'),
(414, 'outernet_104328127', 'Sazon', '104328127', 1, 30, 1, 215, 'admin', '2015-03-02 04:47:46'),
(415, '104328015', 'L''oreal', '104328015', 1, 30, 1, 215, 'admin', '2015-03-02 04:48:14'),
(416, 'outernet_104328131', 'Space', '104328131', 1, 30, 1, 215, 'admin', '2015-03-02 04:48:39'),
(417, 'outernet_104328012', 'Guia Mais', '104328012', 1, 30, 1, 215, 'admin', '2015-03-02 04:49:04'),
(418, 'outernet_104327922', 'Emprego Ligado', '104327922', 1, 30, 1, 215, 'admin', '2015-03-02 04:49:28'),
(419, 'outernet_104327918', 'C&A', '104327918', 1, 30, 1, 215, 'admin', '2015-03-02 04:49:53'),
(420, 'outernet_104328011', 'Guaraná', '104328011', 1, 30, 1, 215, 'admin', '2015-03-02 04:50:13'),
(421, 'outernet_104328138', 'TV Record', '104328138', 1, 30, 1, 215, 'admin', '2015-03-02 04:50:50'),
(422, 'outernet_104328010', 'Gomes da Costa', '104328010', 1, 30, 1, 215, 'admin', '2015-03-02 04:54:10'),
(423, 'outenet_104339276', 'Supermercado Todo Dia', '104339276', 1, 30, 1, 215, 'admin', '2015-03-02 04:54:33'),
(424, 'bandsports_wta_promo_mulheres', 'WTA - Promo Mulheres', '121287568', 1, 4, 1, 136, 'admin', '2015-03-04 05:41:03'),
(425, 'bandsports_roland garros_rafael nadal', 'Roland Garros - Rafael Nadal', '121287565', 1, 4, 1, 88, 'admin', '2015-03-04 05:33:34');

-- --------------------------------------------------------

--
-- Estrutura da tabela `arquivo_historico`
--

CREATE TABLE IF NOT EXISTS `arquivo_historico` (
  `id_arquivo_historico` int(11) NOT NULL,
  `fk_id_arquivo` int(11) NOT NULL,
  `ref_arquivo` varchar(45) NOT NULL,
  `nome_arquivo` varchar(100) NOT NULL,
  `caminho_arquivo` varchar(512) NOT NULL,
  `usuario` varchar(45) NOT NULL,
  `data` datetime NOT NULL
) ENGINE=InnoDB AUTO_INCREMENT=161 DEFAULT CHARSET=utf8;

--
-- Extraindo dados da tabela `arquivo_historico`
--

INSERT INTO `arquivo_historico` (`id_arquivo_historico`, `fk_id_arquivo`, `ref_arquivo`, `nome_arquivo`, `caminho_arquivo`, `usuario`, `data`) VALUES
(1, 1, 'teste', 'teste', '../uploads/arquivo/teste/hist/__1421258678.6571_teste__1__arquivo.pdf', 'admin', '2015-01-14 04:04:38'),
(2, 1, 'teste', 'teste', '../uploads/arquivo/teste/hist/__1421258778.1838_teste__1__arquivo.pdf', 'admin', '2015-01-14 04:04:38'),
(3, 14, 'futeboletc', 'Futebol ETC', '../uploads/arquivo/futeboletc/hist/__1421322840.7192_futeboletc__arquivo.pdf', 'admin', '2015-01-15 09:54:00'),
(4, 14, 'futeboletc', 'Futebol ETC', '../uploads/arquivo/futeboletc/hist/__1421322935.6156_futeboletc__arquivo.pdf', 'admin', '2015-01-15 09:55:35'),
(5, 71, 'pokernight', 'Poker Night', '../uploads/arquivo/pokernight/hist/__1421326340.6143_pokernight__71__arquivo.pdf', 'admin', '2015-01-15 10:52:20'),
(6, 54, 'boletins2015', 'Boletins 2015', '../uploads/arquivo/boletins2015/hist/__1421845393.1581_boletins2015__54__arquivo.pdf', 'admin', '2015-01-21 11:03:13'),
(7, 289, 'vale_tabeladeprecos', 'Tabela de Preços', '../uploads/arquivo/vale_tabeladeprecos/hist/__1421845893.9386_vale_tabeladeprecos__289__arquivo.pdf', 'admin', '2015-01-21 11:11:33'),
(8, 203, 'poa_estudoaudiencia', 'Estudo Audiência', '../uploads/arquivo/poa_estudoaudiencia/hist/__1421847448.7249_poa_estudoaudiencia__203__arquivo.pdf', 'admin', '2015-01-21 11:37:28'),
(9, 202, 'poa_tabeladeprecos', 'Tabela de Preços', '../uploads/arquivo/poa_tabeladeprecos/hist/__1421847742.4564_poa_tabeladeprecos__202__arquivo.pdf', 'admin', '2015-01-21 11:42:22'),
(10, 278, 'vale_bandcidade2edicao', 'Band Cidade 2ºEdição', '../uploads/arquivo/vale_bandcidade2edicao/hist/__1421955909.8098_vale_bandcidade2edicao__278__arquivo.pdf', 'admin', '2015-01-22 05:45:09'),
(11, 157, 'net_futebol2015_plano_comercial', 'Plano Comercial', '../uploads/arquivo/net_futebol2015_plano_comercial/hist/__1422015375.21_net_futebol2015_plano_comercial__157__arquivo.pdf', 'admin', '2015-01-15 04:40:41'),
(12, 29, 'net_estudo_audiencia', 'Estudo de Audiência', '../uploads/arquivo/net_estudo_audiencia/hist/__1422551862.5126_net_estudo_audiencia__29__arquivo.pdf', 'admin', '2015-01-15 10:10:05'),
(13, 216, 'sp_estudoaudiencia', 'Estudo Audiência', '../uploads/arquivo/sp_estudoaudiencia/hist/__1422551912.3961_sp_estudoaudiencia__216__arquivo.pdf', 'admin', '2015-01-16 11:02:30'),
(14, 135, 'net_cafejornal_plano_comercial', 'Plano Comercial', '../uploads/arquivo/net_cafejornal_plano_comercial/hist/__1422552084.1067_net_cafejornal_plano_comercial__135__arquivo.pdf', 'admin', '2015-01-15 02:22:34'),
(15, 58, 'brasilopen2015', 'Brasil Open 2015', '../uploads/arquivo/brasilopen2015/hist/__1422552800.0718_brasilopen2015__58__arquivo.pdf', 'admin', '2015-01-15 10:42:45'),
(16, 142, 'net_cqc_plano_comercial', 'Plano Comercial', '../uploads/arquivo/net_cqc_plano_comercial/hist/__1422649704.0953_net_cqc_plano_comercial__142__arquivo.pdf', 'admin', '2015-01-15 04:20:54'),
(17, 262, 'net_salem_planocomercial', 'Plano Comercial', '../uploads/arquivo/net_salem_planocomercial/hist/__1422972598.224_net_salem_planocomercial__262__arquivo.pdf', 'admin', '2015-02-03 12:09:58'),
(18, 148, 'net_cqc2015_plano_comercial', 'Plano Comercial', '../uploads/arquivo/net_cqc2015_plano_comercial/hist/__1422972682.9762_net_cqc2015_plano_comercial__148__arquivo.pdf', 'admin', '2015-02-03 12:11:22'),
(19, 135, 'net_cafejornal_plano_comercial', 'Plano Comercial', '../uploads/arquivo/net_cafejornal_plano_comercial/hist/__1422973756.8384_net_cafejornal_plano_comercial__135__arquivo.pdf', 'admin', '2015-02-03 12:29:16'),
(20, 29, 'net_estudo_audiencia', 'Estudo de Audiência', '../uploads/arquivo/net_estudo_audiencia/hist/__1423060670.8179_net_estudo_audiencia__29__arquivo.pdf', 'admin', '2015-01-15 10:10:05'),
(21, 216, 'sp_estudoaudiencia', 'Estudo Audiência', '../uploads/arquivo/sp_estudoaudiencia/hist/__1423060738.2474_sp_estudoaudiencia__216__arquivo.pdf', 'admin', '2015-01-16 11:02:30'),
(22, 222, 'net_msb_planocomercial', 'Plano Comercial', '../uploads/arquivo/net_msb_planocomercial/hist/__1423061139.5104_net_msb_planocomercial__222__arquivo.pdf', 'admin', '2015-01-16 12:32:31'),
(23, 29, 'net_estudo_audiencia', 'Estudo de Audiência', '../uploads/arquivo/net_estudo_audiencia/hist/__1423073976.0205_net_estudo_audiencia__29__arquivo.pdf', 'admin', '2015-01-15 10:10:05'),
(24, 216, 'sp_estudoaudiencia', 'Estudo Audiência', '../uploads/arquivo/sp_estudoaudiencia/hist/__1423074023.2421_sp_estudoaudiencia__216__arquivo.pdf', 'admin', '2015-01-16 11:02:30'),
(25, 7, 'band_net_tabela_precos', 'Tabela de Preços', '../uploads/arquivo/band_net_tabela_precos/hist/__1423225732.4332_band_net_tabela_precos__7__arquivo.pdf', 'admin', '2015-01-15 09:38:02'),
(26, 7, 'band_net_tabela_precos', 'Tabela de Preços', '../uploads/arquivo/band_net_tabela_precos/hist/__1423225845.8332_band_net_tabela_precos__7__arquivo.pdf', 'admin', '2015-01-15 09:38:02'),
(27, 7, 'band_net_tabela_precos', 'Tabela de Preços', '../uploads/arquivo/band_net_tabela_precos/hist/__1423226374.1022_band_net_tabela_precos__7__arquivo.pdf', 'admin', '2015-01-15 09:38:02'),
(28, 7, 'band_net_tabela_precos', 'Tabela de Preços', '../uploads/arquivo/band_net_tabela_precos/hist/__1423226395.2003_band_net_tabela_precos__7__arquivo.pdf', 'admin', '2015-01-15 09:38:02'),
(29, 7, 'band_net_tabela_precos', 'Tabela de Preços', '../uploads/arquivo/band_net_tabela_precos/hist/__1423241664.4104_band_net_tabela_precos__7__arquivo.pdf', 'admin', '2015-01-15 09:38:02'),
(30, 7, 'band_net_tabela_precos', 'Tabela de Preços', '../uploads/arquivo/band_net_tabela_precos/hist/__1423241719.7821_band_net_tabela_precos__7__arquivo.pdf', 'admin', '2015-01-15 09:38:02'),
(31, 7, 'band_net_tabela_precos', 'Tabela de Preços', '../uploads/arquivo/band_net_tabela_precos/hist/__1423241866.3253_band_net_tabela_precos__7__arquivo.pdf', 'admin', '2015-01-15 09:38:02'),
(32, 7, 'band_net_tabela_precos', 'Tabela de Preços', '../uploads/arquivo/band_net_tabela_precos/hist/__1423241920.0372_band_net_tabela_precos__7__arquivo.pdf', 'admin', '2015-01-15 09:38:02'),
(33, 81, 'net_aet_plano_comercial_2015', 'Plano Comercial', '../uploads/arquivo/net_aet_plano_comercial_2015/hist/__1423243353.7201_net_aet_plano_comercial_2015__81__arquivo.pdf', 'admin', '2015-01-15 10:55:46'),
(34, 148, 'net_cqc2015_plano_comercial', 'Plano Comercial', '../uploads/arquivo/net_cqc2015_plano_comercial/hist/__1423243388.039_net_cqc2015_plano_comercial__148__arquivo.pdf', 'admin', '2015-02-03 12:11:22'),
(35, 149, 'net_diadia_plano_comercial', 'Plano Comercial', '../uploads/arquivo/net_diadia_plano_comercial/hist/__1423243588.4587_net_diadia_plano_comercial__149__arquivo.pdf', 'admin', '2015-01-15 04:27:51'),
(36, 296, 'net_documentariosbbc', 'Documentários BBC', '../uploads/arquivo/net_documentariosbbc/hist/__1423243642.1744_net_documentariosbbc__296__arquivo.pdf', 'admin', '2015-01-20 11:46:52'),
(37, 300, 'net_icarly', 'iCarly', '../uploads/arquivo/net_icarly/hist/__1423243939.6184_net_icarly__300__arquivo.pdf', 'admin', '2015-02-03 12:21:49'),
(38, 141, 'net_cinemadrugada_defeas_pnt_gsp', 'Defesas PNT e GSP', '../uploads/arquivo/net_cinemadrugada_defeas_pnt_gsp/hist/__1423244192.7267_net_cinemadrugada_defeas_pnt_gsp__141__arquivo.pdf', 'admin', '2015-01-15 04:19:13'),
(39, 286, 'net_topcine_defesapntgsp', 'Defesas PNT e GSP', '../uploads/arquivo/net_topcine_defesapntgsp/hist/__1423244295.7671_net_topcine_defesapntgsp__286__arquivo.pdf', 'admin', '2015-01-16 04:21:01'),
(40, 300, 'net_icarly', 'iCarly', '../uploads/arquivo/net_icarly/hist/__1423244727.0926_net_icarly__300__arquivo.pdf', 'admin', '2015-02-03 12:21:49'),
(41, 272, 'net_sorisos_planocomercial', 'Plano Comercial', '../uploads/arquivo/net_sorisos_planocomercial/hist/__1423248822.04_net_sorisos_planocomercial__272__arquivo.pdf', 'admin', '2015-01-16 04:06:21'),
(42, 286, 'net_topcine_defesapntgsp', 'Defesas PNT e GSP', '../uploads/arquivo/net_topcine_defesapntgsp/hist/__1423249368.9976_net_topcine_defesapntgsp__286__arquivo.pdf', 'admin', '2015-01-16 04:21:01'),
(43, 226, 'net_simpsons_planocomercial', 'Plano Comercial', '../uploads/arquivo/net_simpsons_planocomercial/hist/__1423249406.9434_net_simpsons_planocomercial__226__arquivo.pdf', 'admin', '2015-01-16 12:40:40'),
(44, 149, 'net_diadia_plano_comercial', 'Plano Comercial', '../uploads/arquivo/net_diadia_plano_comercial/hist/__1423249466.2323_net_diadia_plano_comercial__149__arquivo.pdf', 'admin', '2015-01-15 04:27:51'),
(45, 246, 'net_policia24_planocomercial', 'Plano Comercial', '../uploads/arquivo/net_policia24_planocomercial/hist/__1423249891.513_net_policia24_planocomercial__246__arquivo.pdf', 'admin', '2015-01-16 03:25:03'),
(46, 270, 'net_sessaolivre_defesaspntgsp', 'Defesas PNT e GSP', '../uploads/arquivo/net_sessaolivre_defesaspntgsp/hist/__1423250274.8878_net_sessaolivre_defesaspntgsp__270__arquivo.pdf', 'admin', '2015-01-16 04:03:12'),
(47, 283, 'net_top20_planocomercial', 'Plano Comercial', '../uploads/arquivo/net_top20_planocomercial/hist/__1423250339.9575_net_top20_planocomercial__283__arquivo.pdf', 'admin', '2015-01-16 04:18:52'),
(48, 288, 'net_triptv_planocomercial', 'Plano Comercial', '../uploads/arquivo/net_triptv_planocomercial/hist/__1423250441.4807_net_triptv_planocomercial__288__arquivo.pdf', 'admin', '2015-01-16 04:21:28'),
(49, 262, 'net_salem_planocomercial', 'Plano Comercial', '../uploads/arquivo/net_salem_planocomercial/hist/__1423250481.1734_net_salem_planocomercial__262__arquivo.pdf', 'admin', '2015-02-03 12:09:58'),
(50, 271, 'net_sleepyhollow_planocomercial', 'Plano Comercial', '../uploads/arquivo/net_sleepyhollow_planocomercial/hist/__1423250524.689_net_sleepyhollow_planocomercial__271__arquivo.pdf', 'admin', '2015-01-16 04:04:15'),
(51, 279, 'net_walkingdead_planocomercial', 'Plano Comercial', '../uploads/arquivo/net_walkingdead_planocomercial/hist/__1423250543.8809_net_walkingdead_planocomercial__279__arquivo.pdf', 'admin', '2015-01-16 04:17:19'),
(52, 299, 'net_umahistoriadehorroramericana', 'Uma História de Horror Americana', '../uploads/arquivo/net_umahistoriadehorroramericana/hist/__1423250565.2919_net_umahistoriadehorroramericana__299__arquivo.pdf', 'admin', '2015-01-21 12:41:54'),
(53, 270, 'net_sessaolivre_defesaspntgsp', 'Defesas PNT e GSP', '../uploads/arquivo/net_sessaolivre_defesaspntgsp/hist/__1423579247.6657_net_sessaolivre_defesaspntgsp__270__arquivo.pdf', 'admin', '2015-01-16 04:03:12'),
(54, 273, 'net_3tempo_planocomercial', 'Plano Comercial', '../uploads/arquivo/net_3tempo_planocomercial/hist/__1423594724.7687_net_3tempo_planocomercial__273__arquivo.pdf', 'admin', '2015-01-16 04:07:19'),
(55, 273, 'net_3tempo_planocomercial', 'Plano Comercial', '../uploads/arquivo/net_3tempo_planocomercial/hist/__1423594780.4309_net_3tempo_planocomercial__273__arquivo.pdf', 'admin', '2015-01-16 04:07:19'),
(56, 273, 'net_3tempo_planocomercial', 'Plano Comercial', '../uploads/arquivo/net_3tempo_planocomercial/hist/__1423594821.6504_net_3tempo_planocomercial__273__arquivo.pdf', 'admin', '2015-01-16 04:07:19'),
(57, 81, 'net_aet_plano_comercial_2015', 'Plano Comercial', '../uploads/arquivo/net_aet_plano_comercial_2015/hist/__1423596272.2008_net_aet_plano_comercial_2015__81__arquivo.pdf', 'admin', '2015-01-15 10:55:46'),
(58, 273, 'net_3tempo_planocomercial', 'Plano Comercial', '../uploads/arquivo/net_3tempo_planocomercial/hist/__1423596289.5495_net_3tempo_planocomercial__273__arquivo.pdf', 'admin', '2015-01-16 04:07:19'),
(59, 81, 'net_aet_plano_comercial_2015', 'Plano Comercial', '../uploads/arquivo/net_aet_plano_comercial_2015/hist/__1423596317.6919_net_aet_plano_comercial_2015__81__arquivo.pdf', 'admin', '2015-01-15 10:55:46'),
(60, 273, 'net_3tempo_planocomercial', 'Plano Comercial', '../uploads/arquivo/net_3tempo_planocomercial/hist/__1423596327.2405_net_3tempo_planocomercial__273__arquivo.pdf', 'admin', '2015-01-16 04:07:19'),
(61, 273, 'net_3tempo_planocomercial', 'Plano Comercial', '../uploads/arquivo/net_3tempo_planocomercial/hist/__1423597623.0905_net_3tempo_planocomercial__273__arquivo.pdf', 'admin', '2015-01-16 04:07:19'),
(62, 273, 'net_3tempo_planocomercial', 'Plano Comercial', '../uploads/arquivo/net_3tempo_planocomercial/hist/__1423597656.1439_net_3tempo_planocomercial__273__arquivo.pdf', 'admin', '2015-01-16 04:07:19'),
(63, 183, 'natal_automotor', 'Auto Motor', '../uploads/arquivo/natal_automotor/hist/__1423659532.8984_natal_automotor__183__arquivo.pdf', 'admin', '2015-01-16 10:00:53'),
(64, 183, 'natal_automotor', 'Auto Motor', '../uploads/arquivo/natal_automotor/hist/__1423659580.475_natal_automotor__183__arquivo.pdf', 'admin', '2015-01-16 10:00:53'),
(65, 185, 'natal_bandmulher', 'Band Mulher', '../uploads/arquivo/natal_bandmulher/hist/__1423659705.3893_natal_bandmulher__185__arquivo.pdf', 'admin', '2015-01-16 10:01:54'),
(66, 183, 'natal_automotor', 'Auto Motor', '../uploads/arquivo/natal_automotor/hist/__1423659814.5281_natal_automotor__183__arquivo.pdf', 'admin', '2015-01-16 10:00:53'),
(67, 183, 'natal_automotor', 'Auto Motor', '../uploads/arquivo/natal_automotor/hist/__1423659982.1823_natal_automotor__183__arquivo.pdf', 'admin', '2015-01-16 10:00:53'),
(68, 185, 'natal_bandmulher', 'Band Mulher', '../uploads/arquivo/natal_bandmulher/hist/__1423660172.3669_natal_bandmulher__185__arquivo.pdf', 'admin', '2015-01-16 10:01:54'),
(69, 273, 'net_3tempo_planocomercial', 'Plano Comercial', '../uploads/arquivo/net_3tempo_planocomercial/hist/__1423660948.1311_net_3tempo_planocomercial__273__arquivo.pdf', 'admin', '2015-01-16 04:07:19'),
(70, 183, 'natal_automotor', 'Auto Motor', '../uploads/arquivo/natal_automotor/hist/__1423661544.1364_natal_automotor__183__arquivo.pdf', 'admin', '2015-01-16 10:00:53'),
(71, 185, 'natal_bandmulher', 'Band Mulher', '../uploads/arquivo/natal_bandmulher/hist/__1423661722.2908_natal_bandmulher__185__arquivo.pdf', 'admin', '2015-01-16 10:01:54'),
(72, 186, 'natal_batendoperna', 'Batendo Perna', '../uploads/arquivo/natal_batendoperna/hist/__1423661751.8146_natal_batendoperna__186__arquivo.pdf', 'admin', '2015-01-16 10:02:24'),
(73, 186, 'natal_batendoperna', 'Batendo Perna', '../uploads/arquivo/natal_batendoperna/hist/__1423661827.4729_natal_batendoperna__186__arquivo.pdf', 'admin', '2015-01-16 10:02:24'),
(74, 186, 'natal_batendoperna', 'Batendo Perna', '../uploads/arquivo/natal_batendoperna/hist/__1423661962.0606_natal_batendoperna__186__arquivo.pdf', 'admin', '2015-01-16 10:02:24'),
(75, 186, 'natal_batendoperna', 'Batendo Perna', '../uploads/arquivo/natal_batendoperna/hist/__1423662070.4321_natal_batendoperna__186__arquivo.pdf', 'admin', '2015-01-16 10:02:24'),
(76, 186, 'natal_batendoperna', 'Batendo Perna', '../uploads/arquivo/natal_batendoperna/hist/__1423662107.213_natal_batendoperna__186__arquivo.pdf', 'admin', '2015-01-16 10:02:24'),
(77, 191, 'natal_rnurgente1edicao', 'RN Urgente 1ºEdição', '../uploads/arquivo/natal_rnurgente1edicao/hist/__1423662132.8712_natal_rnurgente1edicao__191__arquivo.pdf', 'admin', '2015-01-16 10:12:39'),
(78, 192, 'natal_rnurgente2edicao', 'RN Urgente 2ºEdição', '../uploads/arquivo/natal_rnurgente2edicao/hist/__1423662148.7916_natal_rnurgente2edicao__192__arquivo.pdf', 'admin', '2015-01-16 10:13:13'),
(79, 193, 'natal_valeuoboi', 'Valeu o boi', '../uploads/arquivo/natal_valeuoboi/hist/__1423662165.0835_natal_valeuoboi__193__arquivo.pdf', 'admin', '2015-01-16 10:13:45'),
(80, 81, 'net_aet_plano_comercial_2015', 'Plano Comercial', '../uploads/arquivo/net_aet_plano_comercial_2015/hist/__1423663296.8951_net_aet_plano_comercial_2015__81__arquivo.pdf', 'admin', '2015-01-15 10:55:46'),
(81, 83, 'net_band_folia_2015', 'Band Folia 2015', '../uploads/arquivo/net_band_folia_2015/hist/__1423663356.8635_net_band_folia_2015__83__arquivo.pdf', 'admin', '2015-01-15 10:56:29'),
(82, 124, 'net_band_kids_plano_comercial', 'Plano Comercial', '../uploads/arquivo/net_band_kids_plano_comercial/hist/__1423663405.4582_net_band_kids_plano_comercial__124__arquivo.pdf', 'admin', '2015-01-15 02:07:28'),
(83, 148, 'net_cqc2015_plano_comercial', 'Plano Comercial', '../uploads/arquivo/net_cqc2015_plano_comercial/hist/__1423663523.3864_net_cqc2015_plano_comercial__148__arquivo.pdf', 'admin', '2015-02-03 12:11:22'),
(84, 149, 'net_diadia_plano_comercial', 'Plano Comercial', '../uploads/arquivo/net_diadia_plano_comercial/hist/__1423663549.2444_net_diadia_plano_comercial__149__arquivo.pdf', 'admin', '2015-01-15 04:27:51'),
(85, 296, 'net_documentariosbbc', 'Documentários BBC', '../uploads/arquivo/net_documentariosbbc/hist/__1423663576.1692_net_documentariosbbc__296__arquivo.pdf', 'admin', '2015-01-20 11:46:52'),
(86, 300, 'net_icarly', 'iCarly', '../uploads/arquivo/net_icarly/hist/__1423663650.372_net_icarly__300__arquivo.pdf', 'admin', '2015-02-03 12:21:49'),
(87, 177, 'net_masterchef_planocomercial', 'Plano Comercial', '../uploads/arquivo/net_masterchef_planocomercial/hist/__1423663694.7595_net_masterchef_planocomercial__177__arquivo.pdf', 'admin', '2015-01-15 05:17:19'),
(88, 222, 'net_msb_planocomercial', 'Plano Comercial', '../uploads/arquivo/net_msb_planocomercial/hist/__1423663744.8915_net_msb_planocomercial__222__arquivo.pdf', 'admin', '2015-01-16 12:32:31'),
(89, 222, 'net_msb_planocomercial', 'Plano Comercial', '../uploads/arquivo/net_msb_planocomercial/hist/__1423663833.2721_net_msb_planocomercial__222__arquivo.pdf', 'admin', '2015-01-16 12:32:31'),
(90, 222, 'net_msb_planocomercial', 'Plano Comercial', '../uploads/arquivo/net_msb_planocomercial/hist/__1423663850.1884_net_msb_planocomercial__222__arquivo.pdf', 'admin', '2015-01-16 12:32:31'),
(91, 226, 'net_simpsons_planocomercial', 'Plano Comercial', '../uploads/arquivo/net_simpsons_planocomercial/hist/__1423663970.7885_net_simpsons_planocomercial__226__arquivo.pdf', 'admin', '2015-01-16 12:40:40'),
(92, 244, 'net_panico2015_planocomercial', 'Plano Comercial', '../uploads/arquivo/net_panico2015_planocomercial/hist/__1423663998.0832_net_panico2015_planocomercial__244__arquivo.pdf', 'admin', '2015-01-16 03:24:18'),
(93, 246, 'net_policia24_planocomercial', 'Plano Comercial', '../uploads/arquivo/net_policia24_planocomercial/hist/__1423664057.8848_net_policia24_planocomercial__246__arquivo.pdf', 'admin', '2015-01-16 03:25:03'),
(94, 262, 'net_salem_planocomercial', 'Plano Comercial', '../uploads/arquivo/net_salem_planocomercial/hist/__1423664108.7113_net_salem_planocomercial__262__arquivo.pdf', 'admin', '2015-02-03 12:09:58'),
(95, 270, 'net_sessaolivre_defesaspntgsp', 'Defesas PNT e GSP', '../uploads/arquivo/net_sessaolivre_defesaspntgsp/hist/__1423664129.5875_net_sessaolivre_defesaspntgsp__270__arquivo.pdf', 'admin', '2015-01-16 04:03:12'),
(96, 271, 'net_sleepyhollow_planocomercial', 'Plano Comercial', '../uploads/arquivo/net_sleepyhollow_planocomercial/hist/__1423664172.4701_net_sleepyhollow_planocomercial__271__arquivo.pdf', 'admin', '2015-01-16 04:04:15'),
(97, 272, 'net_sorisos_planocomercial', 'Plano Comercial', '../uploads/arquivo/net_sorisos_planocomercial/hist/__1423664213.0629_net_sorisos_planocomercial__272__arquivo.pdf', 'admin', '2015-01-16 04:06:21'),
(98, 279, 'net_walkingdead_planocomercial', 'Plano Comercial', '../uploads/arquivo/net_walkingdead_planocomercial/hist/__1423664667.7588_net_walkingdead_planocomercial__279__arquivo.pdf', 'admin', '2015-01-16 04:17:19'),
(99, 283, 'net_top20_planocomercial', 'Plano Comercial', '../uploads/arquivo/net_top20_planocomercial/hist/__1423664735.4787_net_top20_planocomercial__283__arquivo.pdf', 'admin', '2015-01-16 04:18:52'),
(100, 283, 'net_top20_planocomercial', 'Plano Comercial', '../uploads/arquivo/net_top20_planocomercial/hist/__1423664746.799_net_top20_planocomercial__283__arquivo.pdf', 'admin', '2015-01-16 04:18:52'),
(101, 288, 'net_triptv_planocomercial', 'Plano Comercial', '../uploads/arquivo/net_triptv_planocomercial/hist/__1423664795.1035_net_triptv_planocomercial__288__arquivo.pdf', 'admin', '2015-01-16 04:21:28'),
(102, 299, 'net_umahistoriadehorroramericana', 'Uma História de Horror Americana', '../uploads/arquivo/net_umahistoriadehorroramericana/hist/__1423664820.3821_net_umahistoriadehorroramericana__299__arquivo.pdf', 'admin', '2015-01-21 12:41:54'),
(103, 190, 'natal_rnacontece', 'RN Acontece', '../uploads/arquivo/natal_rnacontece/hist/__1423666373.4901_natal_rnacontece__190__arquivo.pdf', 'admin', '2015-01-16 10:10:46'),
(104, 187, 'natal_carnatal', 'De olho na folia', '../uploads/arquivo/natal_carnatal/hist/__1423667680.6317_natal_carnatal__arquivo.pdf', 'admin', '2015-01-16 10:05:30'),
(105, 187, 'natal_carnatal', 'De olho na folia', '../uploads/arquivo/natal_carnatal/hist/__1423667787.7057_natal_carnatal__arquivo.pdf', 'admin', '2015-01-16 10:05:30'),
(106, 283, 'net_top20_planocomercial', 'Plano Comercial', '../uploads/arquivo/net_top20_planocomercial/hist/__1423674657.1414_net_top20_planocomercial__283__arquivo.pdf', 'admin', '2015-02-11 03:07:54'),
(107, 285, 'net_topcine_planocomercial', 'Plano Comercial', '../uploads/arquivo/net_topcine_planocomercial/hist/__1423674685.0655_net_topcine_planocomercial__285__arquivo.pdf', 'admin', '2015-02-11 03:02:09'),
(108, 285, 'net_topcine_planocomercial', 'Plano Comercial', '../uploads/arquivo/net_topcine_planocomercial/hist/__1423674781.2954_net_topcine_planocomercial__285__arquivo.pdf', 'admin', '2015-02-11 03:02:09'),
(109, 283, 'net_top20_planocomercial', 'Plano Comercial', '../uploads/arquivo/net_top20_planocomercial/hist/__1423674798.2469_net_top20_planocomercial__283__arquivo.pdf', 'admin', '2015-02-11 03:07:54'),
(110, 283, 'net_top20_planocomercial', 'Plano Comercial', '../uploads/arquivo/net_top20_planocomercial/hist/__1423674913.0205_net_top20_planocomercial__283__arquivo.pdf', 'admin', '2015-02-11 03:07:54'),
(111, 285, 'net_topcine_planocomercial', 'Plano Comercial', '../uploads/arquivo/net_topcine_planocomercial/hist/__1423674922.1293_net_topcine_planocomercial__285__arquivo.pdf', 'admin', '2015-02-11 03:02:09'),
(112, 283, 'net_top20_planocomercial', 'Plano Comercial', '../uploads/arquivo/net_top20_planocomercial/hist/__1423675989.1824_net_top20_planocomercial__283__arquivo.pdf', 'admin', '2015-02-11 03:07:54'),
(113, 283, 'net_top20_planocomercial', 'Plano Comercial', '../uploads/arquivo/net_top20_planocomercial/hist/__1423676090.92_net_top20_planocomercial__283__arquivo.pdf', 'admin', '2015-02-11 03:07:54'),
(114, 283, 'net_top20_planocomercial', 'Plano Comercial', '../uploads/arquivo/net_top20_planocomercial/hist/__1423676099.8439_net_top20_planocomercial__283__arquivo.pdf', 'admin', '2015-02-11 03:07:54'),
(116, 222, 'net_msb_planocomercial', 'Plano Comercial', '../uploads/arquivo/net_msb_planocomercial/hist/__1423748825.2585_net_msb_planocomercial__222__arquivo.pdf', 'admin', '2015-01-16 12:32:31'),
(117, 222, 'net_msb_planocomercial', 'Plano Comercial', '../uploads/arquivo/net_msb_planocomercial/hist/__1423749051.0093_net_msb_planocomercial__222__arquivo.pdf', 'admin', '2015-01-16 12:32:31'),
(118, 168, 'net_jornalband_planocomercial', 'Plano Comercial', '../uploads/arquivo/net_jornalband_planocomercial/hist/__1423762390.4452_net_jornalband_planocomercial__168__arquivo.pdf', 'admin', '2015-01-15 05:13:27'),
(119, 306, 'net_jogos_olimpicos_rio_2016 ', 'Plano Comercial', '../uploads/arquivo/net_jogos_olimpicos_rio_2016 /hist/__1423847431.2532_net_jogos_olimpicos_rio_2016 __306__arquivo.pdf', 'admin', '2015-02-13 03:10:31'),
(120, 149, 'net_diadia_plano_comercial', 'Plano Comercial', '../uploads/arquivo/net_diadia_plano_comercial/hist/__1424279908.0602_net_diadia_plano_comercial__149__arquivo.pdf', 'admin', '2015-01-15 04:27:51'),
(121, 222, 'net_msb_planocomercial', 'Plano Comercial', '../uploads/arquivo/net_msb_planocomercial/hist/__1424279954.5201_net_msb_planocomercial__222__arquivo.pdf', 'admin', '2015-01-16 12:32:31'),
(122, 226, 'net_simpsons_planocomercial', 'Plano Comercial', '../uploads/arquivo/net_simpsons_planocomercial/hist/__1424279998.8035_net_simpsons_planocomercial__226__arquivo.pdf', 'admin', '2015-01-16 12:40:40'),
(123, 222, 'net_msb_planocomercial', 'Plano Comercial', '../uploads/arquivo/net_msb_planocomercial/hist/__1424280041.2807_net_msb_planocomercial__222__arquivo.pdf', 'admin', '2015-01-16 12:32:31'),
(124, 246, 'net_policia24_planocomercial', 'Plano Comercial', '../uploads/arquivo/net_policia24_planocomercial/hist/__1424280078.9948_net_policia24_planocomercial__246__arquivo.pdf', 'admin', '2015-01-16 03:25:03'),
(125, 272, 'net_sorisos_planocomercial', 'Plano Comercial', '../uploads/arquivo/net_sorisos_planocomercial/hist/__1424280135.04_net_sorisos_planocomercial__272__arquivo.pdf', 'admin', '2015-01-16 04:06:21'),
(126, 283, 'net_top20_planocomercial', 'Plano Comercial', '../uploads/arquivo/net_top20_planocomercial/hist/__1424280159.1957_net_top20_planocomercial__283__arquivo.pdf', 'admin', '2015-02-11 03:07:54'),
(127, 285, 'net_topcine_planocomercial', 'Plano Comercial', '../uploads/arquivo/net_topcine_planocomercial/hist/__1424280201.6344_net_topcine_planocomercial__285__arquivo.pdf', 'admin', '2015-02-13 06:24:55'),
(128, 288, 'net_triptv_planocomercial', 'Plano Comercial', '../uploads/arquivo/net_triptv_planocomercial/hist/__1424280242.2916_net_triptv_planocomercial__288__arquivo.pdf', 'admin', '2015-01-16 04:21:28'),
(129, 297, 'net_1001noites', '1001Noites', '../uploads/arquivo/net_1001noites/hist/__1424352246.3014_net_1001noites__297__arquivo.pdf', 'admin', '2015-01-21 11:31:28'),
(130, 270, 'net_sessaolivre_defesaspntgsp', 'Defesas PNT e GSP', '../uploads/arquivo/net_sessaolivre_defesaspntgsp/hist/__1424354757.5549_net_sessaolivre_defesaspntgsp__270__arquivo.pdf', 'admin', '2015-01-16 04:03:12'),
(131, 193, 'natal_valeuoboi', 'Valeu o boi', '../uploads/arquivo/natal_valeuoboi/hist/__1424543714.8563_natal_valeuoboi__193__arquivo.pdf', 'admin', '2015-01-16 10:13:45'),
(132, 140, 'net_cinemadrugada_plano_comercial', 'Plano Comercial', '../uploads/arquivo/net_cinemadrugada_plano_comercial/hist/__1424703278.4743_net_cinemadrugada_plano_comercial__140__arquivo.pdf', 'admin', '2015-02-23 11:46:56'),
(133, 140, 'net_cinemadrugada_plano_comercial', 'Plano Comercial', '../uploads/arquivo/net_cinemadrugada_plano_comercial/hist/__1424703368.9119_net_cinemadrugada_plano_comercial__140__arquivo.pdf', 'admin', '2015-02-23 11:46:56'),
(134, 140, 'net_cinemadrugada_plano_comercial', 'Plano Comercial', '../uploads/arquivo/net_cinemadrugada_plano_comercial/hist/__1424704072.2927_net_cinemadrugada_plano_comercial__140__arquivo.pdf', 'admin', '2015-02-23 11:46:56'),
(135, 262, 'net_salem_planocomercial', 'Plano Comercial', '../uploads/arquivo/net_salem_planocomercial/hist/__1424716662.6198_net_salem_planocomercial__262__arquivo.pdf', 'admin', '2015-02-03 12:09:58'),
(136, 299, 'net_umahistoriadehorroramericana', 'Uma História de Horror Americana', '../uploads/arquivo/net_umahistoriadehorroramericana/hist/__1424716685.2547_net_umahistoriadehorroramericana__299__arquivo.pdf', 'admin', '2015-01-21 12:41:54'),
(137, 297, 'net_1001noites', '1001Noites', '../uploads/arquivo/net_1001noites/hist/__1424718938.6763_net_1001noites__297__arquivo.pdf', 'admin', '2015-01-21 11:31:28'),
(138, 297, 'net_1001noites', '1001Noites', '../uploads/arquivo/net_1001noites/hist/__1424719235.9115_net_1001noites__297__arquivo.pdf', 'admin', '2015-01-21 11:31:28'),
(139, 297, 'net_1001noites', '1001Noites', '../uploads/arquivo/net_1001noites/hist/__1424786151.2149_net_1001noites__297__arquivo.pdf', 'admin', '2015-01-21 11:31:28'),
(140, 148, 'net_cqc2015_plano_comercial', 'Plano Comercial', '../uploads/arquivo/net_cqc2015_plano_comercial/hist/__1424808731.0397_net_cqc2015_plano_comercial__148__arquivo.pdf', 'admin', '2015-02-03 12:11:22'),
(141, 270, 'net_sessaolivre_defesaspntgsp', 'Defesas PNT e GSP', '../uploads/arquivo/net_sessaolivre_defesaspntgsp/hist/__1424820487.9287_net_sessaolivre_defesaspntgsp__270__arquivo.pdf', 'admin', '2015-01-16 04:03:12'),
(142, 270, 'net_sessaolivre_defesaspntgsp', 'Defesas PNT e GSP', '../uploads/arquivo/net_sessaolivre_defesaspntgsp/hist/__1424820545.8619_net_sessaolivre_defesaspntgsp__270__arquivo.pdf', 'admin', '2015-01-16 04:03:12'),
(143, 297, 'net_1001noites', '1001Noites', '../uploads/arquivo/net_1001noites/hist/__1424979896.4412_net_1001noites__297__arquivo.pdf', 'admin', '2015-01-21 11:31:28'),
(144, 297, 'net_1001noites', '1001Noites', '../uploads/arquivo/net_1001noites/hist/__1424980124.41_net_1001noites__297__arquivo.pdf', 'admin', '2015-01-21 11:31:28'),
(145, 297, 'net_1001noites', '1001Noites', '../uploads/arquivo/net_1001noites/hist/__1424980193.8281_net_1001noites__297__arquivo.pdf', 'admin', '2015-01-21 11:31:28'),
(146, 321, 'outernet_apresentacao_completa_pdf', 'Completa (PDF)', '../uploads/arquivo/outernet_apresentacao_completa_pdf/hist/__1425034226.9349_outernet_apresentacao_resumida_ppt__324__arquivo.pptx', 'admin', '2015-02-27 07:50:26'),
(147, 325, 'outernet_plano_bsb_pdf', 'Plano Brasília (PDF)', '../uploads/arquivo/outernet_plano_bsb_pdf/hist/__1425034327.2235_outernet_plano_bh_pdf__329__arquivo.pdf', 'admin', '2015-02-27 07:52:07'),
(148, 244, 'net_panico2015_planocomercial', 'Plano Comercial', '../uploads/arquivo/net_panico2015_planocomercial/hist/__1425067991.6961_net_panico2015_planocomercial__244__arquivo.pdf', 'admin', '2015-01-16 03:24:18'),
(149, 157, 'net_futebol2015_plano_comercial', 'Plano Comercial', '../uploads/arquivo/net_futebol2015_plano_comercial/hist/__1425304363.9864_net_futebol2015_plano_comercial__157__arquivo.pdf', 'admin', '2015-01-15 04:40:41'),
(150, 81, 'net_aet_plano_comercial_2015', 'Plano Comercial', '../uploads/arquivo/net_aet_plano_comercial_2015/hist/__1425308111.3714_net_aet_plano_comercial_2015__81__arquivo.pdf', 'admin', '2015-01-15 10:55:46'),
(151, 148, 'net_cqc2015_plano_comercial', 'Plano Comercial', '../uploads/arquivo/net_cqc2015_plano_comercial/hist/__1425308129.4387_net_cqc2015_plano_comercial__148__arquivo.pdf', 'admin', '2015-02-03 12:11:22'),
(152, 244, 'net_panico2015_planocomercial', 'Plano Comercial', '../uploads/arquivo/net_panico2015_planocomercial/hist/__1425308149.3412_net_panico2015_planocomercial__244__arquivo.pdf', 'csoares', '2015-02-27 05:13:11'),
(153, 156, 'net_indy_2015_plano_comercial', 'Plano Comercial 2015', '../uploads/arquivo/net_indy_2015_plano_comercial/hist/__1425334944.8904_net_indy_2015_plano_comercial__156__arquivo.pdf', 'admin', '2015-03-02 07:22:24'),
(154, 156, 'net_indy_2015_plano_comercial', 'Plano Comercial 2015', '../uploads/arquivo/net_indy_2015_plano_comercial/hist/__1425334980.6392_net_indy_2015_plano_comercial__156__arquivo.png', 'admin', '2015-03-02 07:22:24'),
(155, 156, 'net_indy_2015_plano_comercial', 'Plano Comercial 2015', '../uploads/arquivo/net_indy_2015_plano_comercial/hist/__1425335138.6934_net_indy_2015_plano_comercial__156__arquivo.png', 'csoares', '2015-03-02 07:23:00'),
(156, 7, 'band_net_tabela_precos', 'Tabela de Preços', '../uploads/arquivo/band_net_tabela_precos/hist/__1425335898.0999_band_net_tabela_precos__7__arquivo.pdf', 'admin', '2015-01-15 09:38:02'),
(157, 29, 'net_estudo_audiencia', 'Estudo de Audiência', '../uploads/arquivo/net_estudo_audiencia/hist/__1425419809.7747_net_estudo_audiencia__29__arquivo.pdf', 'admin', '2015-01-15 10:10:05'),
(158, 216, 'sp_estudoaudiencia', 'Estudo Audiência', '../uploads/arquivo/sp_estudoaudiencia/hist/__1425419847.7914_sp_estudoaudiencia__216__arquivo.pdf', 'admin', '2015-01-16 11:02:30'),
(159, 258, 'net_rolandgarros2015_planocomercial', 'Plano Comercial', '../uploads/arquivo/net_rolandgarros2015_planocomercial/hist/__1425420604.8035_net_rolandgarros2015_planocomercial__258__arquivo.pdf', 'admin', '2015-01-16 03:41:09'),
(160, 258, 'net_rolandgarros2015_planocomercial', 'Plano Comercial', '../uploads/arquivo/net_rolandgarros2015_planocomercial/hist/__1425481870.5136_net_rolandgarros2015_planocomercial__258__arquivo.pdf', 'jvbarros', '2015-03-03 07:10:04');

-- --------------------------------------------------------

--
-- Estrutura da tabela `arquivo_tag`
--

CREATE TABLE IF NOT EXISTS `arquivo_tag` (
  `fk_id_tag` int(11) NOT NULL,
  `fk_id_arquivo` int(11) NOT NULL
) ENGINE=InnoDB DEFAULT CHARSET=utf8;

--
-- Extraindo dados da tabela `arquivo_tag`
--

INSERT INTO `arquivo_tag` (`fk_id_tag`, `fk_id_arquivo`) VALUES
(14, 3),
(14, 5),
(14, 31),
(14, 32),
(14, 33),
(14, 34),
(14, 35),
(14, 36),
(14, 37),
(14, 38),
(14, 39),
(14, 41),
(14, 43),
(14, 45),
(14, 46),
(14, 48),
(14, 49),
(14, 51),
(14, 53),
(14, 55),
(14, 57),
(14, 59),
(14, 63),
(14, 72),
(14, 73),
(14, 74),
(14, 77),
(14, 88),
(14, 89),
(14, 90),
(14, 127),
(14, 128),
(14, 131),
(14, 132),
(14, 144),
(14, 145),
(14, 146),
(14, 147),
(14, 151),
(14, 152),
(14, 153),
(14, 154),
(14, 161),
(14, 164),
(14, 165),
(14, 166),
(14, 167),
(14, 204),
(14, 205),
(14, 206),
(14, 207),
(14, 208),
(14, 209),
(14, 210),
(14, 211),
(14, 212),
(14, 213),
(14, 214),
(14, 224),
(14, 225),
(14, 230),
(14, 231),
(14, 232),
(14, 233),
(14, 236),
(14, 237),
(14, 238),
(14, 240),
(14, 248),
(14, 250),
(14, 251),
(14, 253),
(14, 255),
(14, 256),
(14, 257),
(14, 259),
(14, 275),
(14, 277),
(14, 281),
(14, 290),
(14, 334),
(14, 335),
(14, 336),
(14, 337),
(14, 338),
(14, 339),
(14, 340),
(14, 341),
(14, 342),
(14, 343),
(14, 344),
(14, 345),
(14, 346),
(14, 347),
(14, 348),
(14, 349),
(14, 350),
(14, 351),
(14, 352),
(14, 353),
(14, 354),
(14, 355),
(14, 356),
(14, 357),
(14, 358),
(14, 359),
(14, 360),
(14, 361),
(14, 362),
(14, 363),
(14, 364),
(14, 365),
(14, 366),
(14, 367),
(14, 368),
(14, 369),
(14, 370),
(14, 371),
(14, 372),
(14, 373),
(14, 374),
(14, 375),
(14, 376),
(14, 377),
(14, 378),
(14, 379),
(14, 380),
(14, 381),
(14, 382),
(14, 383),
(14, 384),
(14, 385),
(14, 386),
(14, 387),
(14, 388),
(14, 389),
(14, 390),
(14, 391),
(14, 392),
(14, 393),
(14, 394),
(14, 395),
(14, 396),
(14, 397),
(14, 398),
(14, 399),
(14, 400),
(14, 401),
(14, 402),
(14, 403),
(14, 404),
(14, 405),
(14, 406),
(14, 407),
(14, 408),
(14, 409),
(14, 410),
(14, 411),
(14, 412),
(14, 413),
(14, 414),
(14, 415),
(14, 416),
(14, 417),
(14, 418),
(14, 419),
(14, 420),
(14, 421),
(14, 422),
(14, 423),
(14, 424),
(14, 425),
(15, 118),
(15, 119),
(15, 120),
(16, 1),
(16, 4),
(16, 6),
(16, 7),
(16, 8),
(16, 10),
(16, 11),
(16, 12),
(16, 14),
(16, 15),
(16, 16),
(16, 17),
(16, 18),
(16, 19),
(16, 20),
(16, 21),
(16, 22),
(16, 23),
(16, 24),
(16, 25),
(16, 26),
(16, 27),
(16, 28),
(16, 29),
(16, 30),
(16, 40),
(16, 42),
(16, 44),
(16, 47),
(16, 50),
(16, 52),
(16, 54),
(16, 56),
(16, 58),
(16, 60),
(16, 61),
(16, 62),
(16, 64),
(16, 65),
(16, 66),
(16, 67),
(16, 68),
(16, 69),
(16, 70),
(16, 71),
(16, 75),
(16, 76),
(16, 78),
(16, 79),
(16, 80),
(16, 81),
(16, 82),
(16, 83),
(16, 84),
(16, 85),
(16, 86),
(16, 87),
(16, 91),
(16, 92),
(16, 93),
(16, 94),
(16, 95),
(16, 96),
(16, 97),
(16, 98),
(16, 99),
(16, 100),
(16, 101),
(16, 102),
(16, 103),
(16, 104),
(16, 105),
(16, 106),
(16, 107),
(16, 108),
(16, 109),
(16, 110),
(16, 111),
(16, 112),
(16, 113),
(16, 114),
(16, 115),
(16, 116),
(16, 117),
(16, 121),
(16, 122),
(16, 123),
(16, 124),
(16, 125),
(16, 126),
(16, 129),
(16, 130),
(16, 133),
(16, 134),
(16, 135),
(16, 136),
(16, 137),
(16, 138),
(16, 139),
(16, 140),
(16, 141),
(16, 142),
(16, 143),
(16, 148),
(16, 149),
(16, 150),
(16, 155),
(16, 156),
(16, 157),
(16, 158),
(16, 159),
(16, 160),
(16, 162),
(16, 163),
(16, 168),
(16, 169),
(16, 170),
(16, 171),
(16, 172),
(16, 173),
(16, 174),
(16, 175),
(16, 176),
(16, 177),
(16, 178),
(16, 179),
(16, 180),
(16, 181),
(16, 182),
(16, 183),
(16, 184),
(16, 185),
(16, 186),
(16, 187),
(16, 188),
(16, 189),
(16, 190),
(16, 191),
(16, 192),
(16, 193),
(16, 194),
(16, 195),
(16, 196),
(16, 197),
(16, 198),
(16, 199),
(16, 200),
(16, 201),
(16, 202),
(16, 203),
(16, 215),
(16, 216),
(16, 217),
(16, 218),
(16, 219),
(16, 220),
(16, 221),
(16, 222),
(16, 223),
(16, 226),
(16, 227),
(16, 228),
(16, 229),
(16, 234),
(16, 235),
(16, 239),
(16, 241),
(16, 242),
(16, 243),
(16, 244),
(16, 245),
(16, 246),
(16, 247),
(16, 249),
(16, 252),
(16, 254),
(16, 258),
(16, 260),
(16, 261),
(16, 262),
(16, 263),
(16, 264),
(16, 265),
(16, 266),
(16, 267),
(16, 268),
(16, 269),
(16, 270),
(16, 271),
(16, 272),
(16, 273),
(16, 274),
(16, 276),
(16, 278),
(16, 279),
(16, 280),
(16, 282),
(16, 283),
(16, 284),
(16, 285),
(16, 286),
(16, 287),
(16, 288),
(16, 289),
(16, 291),
(16, 292),
(16, 293),
(16, 294),
(16, 295),
(16, 296),
(16, 297),
(16, 298),
(16, 299),
(16, 300),
(16, 301),
(16, 302),
(16, 303),
(16, 305),
(16, 306),
(16, 307),
(16, 308),
(16, 309),
(16, 310),
(16, 311),
(16, 312),
(16, 313),
(16, 314),
(16, 316),
(16, 317),
(16, 318),
(16, 319),
(16, 320),
(16, 321),
(16, 322),
(16, 325),
(16, 326),
(16, 327),
(16, 328),
(16, 329),
(18, 2),
(18, 13),
(19, 323),
(19, 324),
(19, 330),
(19, 331),
(19, 332),
(19, 333);

-- --------------------------------------------------------

--
-- Estrutura da tabela `cliente`
--

CREATE TABLE IF NOT EXISTS `cliente` (
  `id_cliente` int(11) NOT NULL,
  `ref_cliente` varchar(45) NOT NULL,
  `nome_cliente` varchar(100) NOT NULL,
  `imagem_cliente` varchar(255) NOT NULL
) ENGINE=InnoDB AUTO_INCREMENT=6 DEFAULT CHARSET=utf8;

--
-- Extraindo dados da tabela `cliente`
--

INSERT INTO `cliente` (`id_cliente`, `ref_cliente`, `nome_cliente`, `imagem_cliente`) VALUES
(2, 'coamo', 'Coamo', '../uploads/cliente/coamo__2__cliente.png'),
(3, 'boston_medical', 'Boston Medical Group', '../uploads/cliente/boston_medical__3__cliente.png'),
(4, 'cemil', 'Cemil', '../uploads/cliente/cemil__4__cliente.png'),
(5, 'havan', 'Havan', '../uploads/cliente/havan__5__cliente.png');

-- --------------------------------------------------------

--
-- Estrutura da tabela `estudo`
--

CREATE TABLE IF NOT EXISTS `estudo` (
  `id_estudo` int(11) NOT NULL,
  `ref_estudo` varchar(45) NOT NULL,
  `nome_estudo` varchar(100) NOT NULL,
  `caminho_estudo` varchar(255) NOT NULL COMMENT '	',
  `ativo_estudo` tinyint(1) NOT NULL,
  `cliente_id_cliente` int(11) NOT NULL
) ENGINE=InnoDB AUTO_INCREMENT=8 DEFAULT CHARSET=utf8;

--
-- Extraindo dados da tabela `estudo`
--

INSERT INTO `estudo` (`id_estudo`, `ref_estudo`, `nome_estudo`, `caminho_estudo`, `ativo_estudo`, `cliente_id_cliente`) VALUES
(3, 'coamo_2014_v1', 'Estudo Coamo v1', '../uploads/estudo/coamo_2014_v1__3__estudo.png', 1, 2),
(4, 'coamo_2014_v1_pdf', 'Estudo Coamo v1 PDF', '../uploads/estudo/coamo_2014_v1_pdf__4__estudo.pdf', 1, 2),
(5, 'boston_2014', 'Boston Medical Group', '../uploads/estudo/boston_2014__5__estudo.pptx', 1, 3),
(6, 'cemil_2014', 'Estudo Cemil', '../uploads/estudo/cemil_2014__6__estudo.pptx', 1, 4),
(7, 'havan_2014', 'Estudo Havan 2014', '../uploads/estudo/havan_2014__7__estudo.pptx', 1, 5);

-- --------------------------------------------------------

--
-- Estrutura da tabela `estudo_has_tag`
--

CREATE TABLE IF NOT EXISTS `estudo_has_tag` (
  `estudo_id_estudo` int(11) NOT NULL,
  `tag_id_tag` int(11) NOT NULL
) ENGINE=InnoDB DEFAULT CHARSET=utf8;

--
-- Extraindo dados da tabela `estudo_has_tag`
--

INSERT INTO `estudo_has_tag` (`estudo_id_estudo`, `tag_id_tag`) VALUES
(3, 19),
(4, 16),
(5, 19),
(6, 19),
(7, 19);

-- --------------------------------------------------------

--
-- Estrutura da tabela `log`
--

CREATE TABLE IF NOT EXISTS `log` (
  `id_log` int(11) NOT NULL COMMENT 'ID',
  `usuario_log` varchar(50) NOT NULL COMMENT 'Usuário',
  `ip_log` varchar(45) NOT NULL COMMENT 'IP',
  `acao_log` varchar(45) NOT NULL COMMENT 'Ação',
  `ref_log` varchar(45) NOT NULL COMMENT 'Cód. Ref.',
  `data_log` datetime NOT NULL COMMENT 'Data',
  `descricao_log` varchar(512) NOT NULL COMMENT 'Descrição'
) ENGINE=InnoDB AUTO_INCREMENT=2387 DEFAULT CHARSET=utf8;

--
-- Extraindo dados da tabela `log`
--

INSERT INTO `log` (`id_log`, `usuario_log`, `ip_log`, `acao_log`, `ref_log`, `data_log`, `descricao_log`) VALUES
(1, 'admin', '192.168.33.1', 'Acessou a Análise', 'analise_share_mercado', '2014-11-12 22:03:50', 'actionAnalise'),
(2, 'frpereira', '10.1.8.3', 'Acessou a Análise', 'cpp_cpm', '2015-01-14 19:13:34', 'actionAnalise'),
(3, 'frpereira', '10.1.8.3', 'Acessou a Análise', 'calc_descontos', '2015-01-14 19:17:00', 'actionAnalise'),
(4, 'frpereira', '10.1.8.3', 'Acessou a Análise', 'calc_descontos', '2015-01-14 19:19:49', 'actionAnalise'),
(5, 'frpereira', '10.1.8.3', 'Acessou a Análise', 'calc_descontos', '2015-01-14 19:21:55', 'actionAnalise'),
(6, 'groberti', '11.1.116.20', 'Acessou a Análise', 'audiencia_emissora', '2015-01-20 09:35:07', 'actionAnalise'),
(7, 'ldalpont', '177.101.208.2', 'Acessou a Análise', 'midia_fatos_2014', '2015-01-20 11:08:56', 'actionAnalise'),
(8, 'ldalpont', '177.101.208.2', 'Acessou a Análise', 'prospeccao', '2015-01-20 11:09:03', 'actionAnalise'),
(9, 'rcbraga', '11.1.116.20', 'Acessou a Análise', 'analise_share_mercado', '2015-01-20 11:45:05', 'actionAnalise'),
(10, 'rpbarros', '11.1.116.20', 'Acessou a Análise', 'anunciantes_agencia', '2015-01-20 11:45:26', 'actionAnalise'),
(11, 'rcbraga', '11.1.116.20', 'Acessou a Análise', 'analise_cpp_cpm', '2015-01-20 11:46:36', 'actionAnalise'),
(12, 'rpbarros', '11.1.116.20', 'Acessou a Análise', 'anunciantes_agencia', '2015-01-20 11:47:51', 'actionAnalise'),
(13, 'rcbraga', '11.1.116.20', 'Acessou a Análise', 'analise_cpp_cpm', '2015-01-20 11:49:30', 'actionAnalise'),
(14, 'rcbraga', '11.1.116.20', 'Acessou a Análise', 'analise_cpp_cpm', '2015-01-20 11:51:32', 'actionAnalise'),
(15, 'rcbraga', '11.1.116.20', 'Acessou a Análise', 'perfil_investimento_emissora', '2015-01-20 11:51:55', 'actionAnalise'),
(16, 'rcbraga', '11.1.116.20', 'Acessou a Análise', 'analise_share_mercado', '2015-01-20 11:52:24', 'actionAnalise'),
(17, 'rcbraga', '11.1.116.20', 'Acessou a Análise', 'calc_descontos', '2015-01-20 11:52:53', 'actionAnalise'),
(18, 'rcbraga', '11.1.116.20', 'Acessou a Análise', 'prospeccao', '2015-01-20 11:53:11', 'actionAnalise'),
(19, 'gqueiroz', '10.1.8.3', 'Acessou a Análise', 'analise_share_mercado', '2015-01-20 16:01:51', 'actionAnalise'),
(20, 'lfsousa', '201.48.157.10', 'Acessou a Análise', 'midia_fatos_2014', '2015-01-20 17:47:52', 'actionAnalise'),
(21, 'lfsousa', '201.48.157.10', 'Acessou a Análise', 'midia_dados_2014', '2015-01-20 17:50:10', 'actionAnalise'),
(22, 'lfsousa', '201.48.157.10', 'Acessou a Análise', 'analise_share_mercado_pracas_especiais', '2015-01-20 17:53:50', 'actionAnalise'),
(23, 'lfsousa', '201.48.157.10', 'Acessou a Análise', 'midia_dados_2014', '2015-01-20 18:01:22', 'actionAnalise'),
(24, 'lfsousa', '201.48.157.10', 'Acessou a Análise', 'principais_targets_band', '2015-01-20 18:10:44', 'actionAnalise'),
(25, 'fcouto', '11.1.116.20', 'Acessou a Análise', 'audiencia_programa_newco', '2015-01-20 18:52:00', 'actionAnalise'),
(26, 'fcouto', '11.1.116.20', 'Acessou a Análise', 'audiencia_programa_newco', '2015-01-20 18:54:35', 'actionAnalise'),
(27, 'fcouto', '11.1.116.20', 'Acessou a Análise', 'audiencia_programa_newco', '2015-01-21 09:00:07', 'actionAnalise'),
(28, 'groberti', '11.1.116.20', 'Acessou a Análise', 'analise_share_mercado', '2015-01-21 10:20:41', 'actionAnalise'),
(29, 'groberti', '11.1.116.20', 'Acessou a Análise', 'audiencia_programa', '2015-01-21 10:22:08', 'actionAnalise'),
(30, 'manjo', '11.1.116.20', 'Acessou a Análise', 'midia_dados_2014', '2015-01-21 10:22:30', 'actionAnalise'),
(31, 'lfsousa', '201.48.157.10', 'Acessou a Análise', 'perfil_audiencia_programa', '2015-01-21 11:28:15', 'actionAnalise'),
(32, 'groberti', '11.1.116.20', 'Acessou a Análise', 'cpp_cpm', '2015-01-21 11:40:00', 'actionAnalise'),
(33, 'groberti', '11.1.116.20', 'Acessou a Análise', 'agenda_anunciantes_agencia', '2015-01-21 11:40:35', 'actionAnalise'),
(34, 'lusantos', '201.49.82.55', 'Acessou a Análise', 'prospeccao', '2015-01-21 12:25:45', 'actionAnalise'),
(35, 'lusantos', '201.49.82.55', 'Acessou a Análise', 'analise_share_mercado_pracas_especiais', '2015-01-21 12:28:41', 'actionAnalise'),
(36, 'lusantos', '201.49.82.55', 'Acessou a Análise', 'analise_share_mercado_pracas_especiais', '2015-01-21 14:07:35', 'actionAnalise'),
(37, 'lusantos', '201.49.82.55', 'Acessou a Análise', 'audiencia_programa_pracas_especiais', '2015-01-21 14:08:11', 'actionAnalise'),
(38, 'lusantos', '201.49.82.55', 'Acessou a Análise', 'audiencia_programa_pracas_especiais', '2015-01-21 14:10:04', 'actionAnalise'),
(39, 'fcouto', '187.63.139.20', 'Acessou a Análise', 'midia_fatos_2014', '2015-01-21 14:10:41', 'actionAnalise'),
(40, 'rmacari', '11.1.148.106', 'Acessou a Análise', 'agenda_anunciantes_outernet', '2015-01-21 15:38:23', 'actionAnalise'),
(41, 'mcapassi', '187.63.139.20', 'Acessou a Análise', 'midia_dados_2014', '2015-01-21 15:40:12', 'actionAnalise'),
(42, 'mfirmino', '186.236.73.26', 'Acessou a Análise', 'prospeccao', '2015-01-21 15:40:56', 'actionAnalise'),
(43, 'rpires', '11.1.116.20', 'Acessou a Análise', 'maiores_anunciantes_setor', '2015-01-21 16:19:04', 'actionAnalise'),
(44, 'cleoncio', '177.101.208.2', 'Acessou a Análise', 'prospeccao', '2015-01-21 16:34:55', 'actionAnalise'),
(45, 'svleite', '201.48.157.10', 'Acessou a Análise', 'maiores_agencias_mercado', '2015-01-21 16:41:23', 'actionAnalise'),
(46, 'mguerrero', '11.1.147.251', 'Acessou a Análise', 'anunciantes_setor_meio', '2015-01-21 17:34:39', 'actionAnalise'),
(47, 'svleite', '201.48.157.10', 'Acessou a Análise', 'agenda_anunciantes_agencia', '2015-01-21 17:36:02', 'actionAnalise'),
(48, 'grcruz', '11.1.147.232', 'Acessou a Análise', 'anunciantes_setor_meio', '2015-01-21 17:43:34', 'actionAnalise'),
(49, 'grcruz', '11.1.147.232', 'Acessou a Análise', 'agenda_anunciantes_outernet', '2015-01-21 17:46:52', 'actionAnalise'),
(50, 'grcruz', '11.1.147.232', 'Acessou a Análise', 'agenda_anunciantes_outernet', '2015-01-21 17:48:30', 'actionAnalise'),
(51, 'grcruz', '11.1.147.232', 'Acessou a Análise', 'agenda_anunciantes_outernet', '2015-01-21 17:50:26', 'actionAnalise'),
(52, 'grcruz', '11.1.147.232', 'Acessou a Análise', 'midia_dados_2014', '2015-01-21 17:50:38', 'actionAnalise'),
(53, 'grcruz', '11.1.147.232', 'Acessou a Análise', 'penetracao_consumo_meios', '2015-01-21 17:51:07', 'actionAnalise'),
(54, 'grcruz', '11.1.147.232', 'Acessou a Análise', 'penetracao_consumo_meios', '2015-01-21 17:55:23', 'actionAnalise'),
(55, 'grcruz', '11.1.147.232', 'Acessou a Análise', 'agenda_anunciantes_outernet', '2015-01-21 17:56:45', 'actionAnalise'),
(56, 'lfsousa', '201.48.157.10', 'Acessou a Análise', 'midia_dados_2014', '2015-01-21 19:01:18', 'actionAnalise'),
(57, 'lfsousa', '201.48.157.10', 'Acessou a Análise', 'midia_dados_2014', '2015-01-21 19:01:42', 'actionAnalise'),
(58, 'lfsousa', '201.48.157.10', 'Acessou a Análise', 'audiencia_programa_pracas_especiais', '2015-01-21 19:02:25', 'actionAnalise'),
(59, 'lfsousa', '201.48.157.10', 'Acessou a Análise', 'audiencia_programa', '2015-01-21 19:03:23', 'actionAnalise'),
(60, 'lfsousa', '201.48.157.10', 'Acessou a Análise', 'principais_targets_band', '2015-01-21 19:06:32', 'actionAnalise'),
(61, 'tsmedeiros', '177.81.45.64', 'Acessou a Análise', 'agenda_anunciantes_outernet', '2015-01-22 00:59:30', 'actionAnalise'),
(62, 'tsmedeiros', '177.81.45.64', 'Acessou a Análise', 'agenda_anunciantes_outernet', '2015-01-22 01:00:08', 'actionAnalise'),
(63, 'tsmedeiros', '177.81.45.64', 'Acessou a Análise', 'penetracao_consumo_meios', '2015-01-22 01:00:29', 'actionAnalise'),
(64, 'tsmedeiros', '177.81.45.64', 'Acessou a Análise', 'habitos_consumo', '2015-01-22 01:10:37', 'actionAnalise'),
(65, 'tsmedeiros', '177.81.45.64', 'Acessou a Análise', 'agenda_anunciantes_outernet', '2015-01-22 01:17:10', 'actionAnalise'),
(66, 'tsmedeiros', '177.81.45.64', 'Acessou a Análise', 'inter_meios', '2015-01-22 01:17:30', 'actionAnalise'),
(67, 'tsmedeiros', '177.81.45.64', 'Acessou a Análise', 'calc_descontos', '2015-01-22 01:20:56', 'actionAnalise'),
(68, 'groberti', '11.1.116.20', 'Acessou a Análise', 'anunciantes_setor_meio', '2015-01-22 10:34:59', 'actionAnalise'),
(69, 'groberti', '11.1.116.20', 'Acessou a Análise', 'agenda_anunciantes_outernet', '2015-01-22 10:46:29', 'actionAnalise'),
(70, 'groberti', '11.1.116.20', 'Acessou a Análise', 'anunciantes_setor_meio', '2015-01-22 10:51:14', 'actionAnalise'),
(71, 'groberti', '11.1.116.20', 'Acessou a Análise', 'anunciantes_setor_meio', '2015-01-22 10:51:22', 'actionAnalise'),
(72, 'groberti', '11.1.116.20', 'Acessou a Análise', 'anunciantes_setor_meio', '2015-01-22 10:51:31', 'actionAnalise'),
(73, 'groberti', '11.1.116.20', 'Acessou a Análise', 'anunciantes_setor_meio', '2015-01-22 10:52:15', 'actionAnalise'),
(74, 'groberti', '11.1.116.20', 'Acessou a Análise', 'habitos_consumo', '2015-01-22 10:52:58', 'actionAnalise'),
(75, 'groberti', '11.1.116.20', 'Acessou a Análise', 'anunciantes_setor_meio', '2015-01-22 10:53:08', 'actionAnalise'),
(76, 'frpereira', '10.1.8.3', 'Acessou a Análise', 'anunciantes_setor_meio', '2015-01-22 10:53:54', 'actionAnalise'),
(77, 'frpereira', '10.1.8.3', 'Acessou a Análise', 'habitos_consumo', '2015-01-22 10:54:04', 'actionAnalise'),
(78, 'frpereira', '10.1.8.3', 'Acessou a Análise', 'agenda_anunciantes_outernet', '2015-01-22 10:54:14', 'actionAnalise'),
(79, 'frpereira', '10.1.8.3', 'Acessou a Análise', 'inter_meios', '2015-01-22 10:54:18', 'actionAnalise'),
(80, 'groberti', '11.1.116.20', 'Acessou a Análise', 'agenda_anunciantes_outernet', '2015-01-22 10:55:29', 'actionAnalise'),
(81, 'groberti', '11.1.116.20', 'Acessou a Análise', 'inter_meios', '2015-01-22 10:56:28', 'actionAnalise'),
(82, 'frpereira', '10.1.8.3', 'Acessou a Análise', 'anunciantes_setor_meio', '2015-01-22 11:00:42', 'actionAnalise'),
(83, 'frpereira', '10.1.8.3', 'Acessou a Análise', 'anunciantes_setor_meio', '2015-01-22 11:00:55', 'actionAnalise'),
(84, 'frpereira', '10.1.8.3', 'Acessou a Análise', 'inter_meios', '2015-01-22 11:01:16', 'actionAnalise'),
(85, 'frpereira', '10.1.8.3', 'Acessou a Análise', 'anunciantes_setor_meio', '2015-01-22 11:01:42', 'actionAnalise'),
(86, 'frpereira', '10.1.8.3', 'Acessou a Análise', 'agenda_anunciantes_outernet', '2015-01-22 11:03:39', 'actionAnalise'),
(87, 'frpereira', '10.1.8.3', 'Acessou a Análise', 'calc_descontos', '2015-01-22 11:03:48', 'actionAnalise'),
(88, 'cleoncio', '177.101.208.2', 'Acessou a Análise', 'maiores_anunciantes_agencia', '2015-01-22 11:04:19', 'actionAnalise'),
(89, 'frpereira', '10.1.8.3', 'Acessou a Análise', 'agenda_anunciantes_outernet', '2015-01-22 11:04:24', 'actionAnalise'),
(90, 'frpereira', '10.1.8.3', 'Acessou a Análise', 'anunciantes_setor_meio', '2015-01-22 11:07:21', 'actionAnalise'),
(91, 'cleoncio', '177.101.208.2', 'Acessou a Análise', 'maiores_anunciantes_agencia', '2015-01-22 11:07:28', 'actionAnalise'),
(92, 'cleoncio', '177.101.208.2', 'Acessou a Análise', 'maiores_anunciantes_agencia', '2015-01-22 11:07:52', 'actionAnalise'),
(93, 'cleoncio', '177.101.208.2', 'Acessou a Análise', 'maiores_anunciantes_agencia', '2015-01-22 11:08:12', 'actionAnalise'),
(94, 'groberti', '11.1.116.20', 'Acessou a Análise', 'agenda_anunciantes_outernet', '2015-01-22 11:08:44', 'actionAnalise'),
(95, 'groberti', '11.1.116.20', 'Acessou a Análise', 'analise_share_mercado', '2015-01-22 11:09:08', 'actionAnalise'),
(96, 'frpereira', '10.1.8.3', 'Acessou a Análise', 'anunciantes_setor_meio', '2015-01-22 11:10:03', 'actionAnalise'),
(97, 'frpereira', '10.1.8.3', 'Acessou a Análise', 'anunciantes_setor_meio', '2015-01-22 11:10:50', 'actionAnalise'),
(98, 'frpereira', '10.1.8.3', 'Acessou a Análise', 'anunciantes_setor_meio', '2015-01-22 11:11:09', 'actionAnalise'),
(99, 'frpereira', '10.1.8.3', 'Acessou a Análise', 'anunciantes_setor_meio', '2015-01-22 11:11:38', 'actionAnalise'),
(100, 'frpereira', '10.1.8.3', 'Acessou a Análise', 'anunciantes_setor_meio', '2015-01-22 12:07:53', 'actionAnalise'),
(101, 'frpereira', '10.1.8.3', 'Acessou a Análise', 'anunciantes_setor_meio', '2015-01-22 12:08:20', 'actionAnalise'),
(102, 'jurenna', '189.17.39.242', 'Acessou a Análise', 'calc_descontos', '2015-01-22 12:17:07', 'actionAnalise'),
(103, 'jurenna', '189.17.39.242', 'Acessou a Análise', 'audiencia_programa_pracas_especiais', '2015-01-22 12:24:47', 'actionAnalise'),
(104, 'jurenna', '189.17.39.242', 'Acessou a Análise', 'audiencia_programa_pracas_especiais', '2015-01-22 12:26:02', 'actionAnalise'),
(105, 'jurenna', '189.17.39.242', 'Acessou a Análise', 'midia_fatos_2014', '2015-01-22 12:26:29', 'actionAnalise'),
(106, 'jurenna', '189.17.39.242', 'Acessou a Análise', 'audiencia_emissora', '2015-01-22 12:26:49', 'actionAnalise'),
(107, 'groberti', '11.1.116.20', 'Acessou a Análise', 'anunciantes_setor_meio', '2015-01-22 13:01:05', 'actionAnalise'),
(108, 'frpereira', '10.1.8.3', 'Acessou a Análise', 'anunciantes_setor_meio', '2015-01-22 13:01:09', 'actionAnalise'),
(109, 'groberti', '11.1.116.20', 'Acessou a Análise', 'anunciantes_setor_meio', '2015-01-22 13:01:13', 'actionAnalise'),
(110, 'frpereira', '10.1.8.3', 'Acessou a Análise', 'inter_meios', '2015-01-22 13:01:23', 'actionAnalise'),
(111, 'frpereira', '10.1.8.3', 'Acessou a Análise', 'anunciantes_setor_meio', '2015-01-22 13:01:40', 'actionAnalise'),
(112, 'frpereira', '10.1.8.3', 'Acessou a Análise', 'anunciantes_setor_meio', '2015-01-22 13:02:31', 'actionAnalise'),
(113, 'frpereira', '10.1.8.3', 'Acessou a Análise', 'anunciantes_setor_meio', '2015-01-22 13:03:35', 'actionAnalise'),
(114, 'frpereira', '10.1.8.3', 'Acessou a Análise', 'anunciantes_setor_meio', '2015-01-22 13:04:14', 'actionAnalise'),
(115, 'frpereira', '10.1.8.3', 'Acessou a Análise', 'anunciantes_setor_meio', '2015-01-22 13:04:29', 'actionAnalise'),
(116, 'lfsousa', '201.48.157.10', 'Acessou a Análise', 'audiencia_programa', '2015-01-22 15:33:30', 'actionAnalise'),
(117, 'vbarros', '11.1.116.20', 'Acessou a Análise', 'analise_share_mercado_pracas_especiais', '2015-01-22 15:36:35', 'actionAnalise'),
(118, 'vbarros', '11.1.116.20', 'Acessou a Análise', 'inter_meios', '2015-01-22 15:44:24', 'actionAnalise'),
(119, 'lfsousa', '201.48.157.10', 'Acessou a Análise', 'perfil_audiencia_programa', '2015-01-22 15:45:37', 'actionAnalise'),
(120, 'vbarros', '11.1.116.20', 'Acessou a Análise', 'maiores_anunciantes_mercado', '2015-01-22 16:01:10', 'actionAnalise'),
(121, 'vbarros', '11.1.116.20', 'Acessou a Análise', 'analise_share_mercado_pracas_especiais', '2015-01-22 16:03:31', 'actionAnalise'),
(122, 'vbarros', '11.1.116.20', 'Acessou a Análise', 'analise_share_mercado', '2015-01-22 16:08:36', 'actionAnalise'),
(123, 'cleoncio', '177.101.208.2', 'Acessou a Análise', 'perfil_audiencia_programa', '2015-01-22 17:49:22', 'actionAnalise'),
(124, 'fssantos', '201.48.157.10', 'Acessou a Análise', 'audiencia_programa_pracas_especiais', '2015-01-22 17:49:25', 'actionAnalise'),
(125, 'fssantos', '201.48.157.10', 'Acessou a Análise', 'audiencia_programa_pracas_especiais', '2015-01-22 17:56:16', 'actionAnalise'),
(126, 'fssantos', '201.48.157.10', 'Acessou a Análise', 'audiencia_programa', '2015-01-22 18:01:58', 'actionAnalise'),
(127, 'rpbarros', '11.1.116.20', 'Acessou a Análise', 'anunciantes_agencia', '2015-01-22 18:05:23', 'actionAnalise'),
(128, 'rpbarros', '11.1.116.20', 'Acessou a Análise', 'targets_comportamentais_newco', '2015-01-22 18:08:23', 'actionAnalise'),
(129, 'fssantos', '201.48.157.10', 'Acessou a Análise', 'audiencia_programa', '2015-01-22 18:44:28', 'actionAnalise'),
(130, 'fssantos', '201.48.157.10', 'Acessou a Análise', 'audiencia_programa_pracas_especiais', '2015-01-22 18:45:38', 'actionAnalise'),
(131, 'fssantos', '201.48.157.10', 'Acessou a Análise', 'audiencia_programa', '2015-01-22 18:47:40', 'actionAnalise'),
(132, 'leduardo', '201.49.82.55', 'Acessou a Análise', 'audiencia_emissora', '2015-01-23 08:58:43', 'actionAnalise'),
(133, 'leduardo', '201.49.82.55', 'Acessou a Análise', 'audiencia_emissora', '2015-01-23 09:01:18', 'actionAnalise'),
(134, 'leduardo', '201.49.82.55', 'Acessou a Análise', 'analise_share_mercado', '2015-01-23 09:06:44', 'actionAnalise'),
(135, 'leduardo', '201.49.82.55', 'Acessou a Análise', 'agenda_anunciantes_agencia', '2015-01-23 09:14:36', 'actionAnalise'),
(136, 'leduardo', '201.49.82.55', 'Acessou a Análise', 'audiencia_programa_pracas_especiais', '2015-01-23 10:05:04', 'actionAnalise'),
(137, 'cleoncio', '177.101.208.2', 'Acessou a Análise', 'principais_targets_band', '2015-01-23 10:19:51', 'actionAnalise'),
(138, 'fssantos', '201.48.157.10', 'Acessou a Análise', 'analise_share_mercado_pracas_especiais', '2015-01-23 10:34:58', 'actionAnalise'),
(139, 'fssantos', '201.48.157.10', 'Acessou a Análise', 'analise_share_mercado', '2015-01-23 10:37:12', 'actionAnalise'),
(140, 'fssantos', '201.48.157.10', 'Acessou a Análise', 'sazionalidade_investimento', '2015-01-23 10:39:49', 'actionAnalise'),
(141, 'cleoncio', '177.101.208.2', 'Acessou a Análise', 'perfil_audiencia_programa', '2015-01-23 10:43:58', 'actionAnalise'),
(142, 'fssantos', '201.48.157.10', 'Acessou a Análise', 'agenda_anunciantes_agencia', '2015-01-23 10:45:29', 'actionAnalise'),
(143, 'fssantos', '201.48.157.10', 'Acessou a Análise', 'agenda_anunciantes_agencia', '2015-01-23 10:49:37', 'actionAnalise'),
(144, 'rviola', '11.1.116.20', 'Acessou a Análise', 'targets_comportamentais_newco', '2015-01-23 11:25:25', 'actionAnalise'),
(145, 'fcalais', '11.1.116.20', 'Acessou a Análise', 'audiencia_programa', '2015-01-23 11:36:18', 'actionAnalise'),
(146, 'ggemignani', '11.1.116.20', 'Acessou a Análise', 'analise_share_mercado', '2015-01-23 12:21:42', 'actionAnalise'),
(147, 'ggemignani', '11.1.116.20', 'Acessou a Análise', 'perfil_investimento_programa', '2015-01-23 12:27:36', 'actionAnalise'),
(148, 'ggemignani', '11.1.116.20', 'Acessou a Análise', 'audiencia_emissora', '2015-01-23 12:30:48', 'actionAnalise'),
(149, 'ggemignani', '11.1.116.20', 'Acessou a Análise', 'midia_dados_2014', '2015-01-23 12:32:12', 'actionAnalise'),
(150, 'fribeiro', '186.236.73.26', 'Acessou a Análise', 'sazionalidade_investimento', '2015-01-23 16:57:47', 'actionAnalise'),
(151, 'fribeiro', '186.236.73.26', 'Acessou a Análise', 'analise_share_mercado_pracas_especiais', '2015-01-23 17:01:07', 'actionAnalise'),
(152, 'frpereira', '10.1.8.3', 'Acessou a Análise', 'calc_descontos', '2015-01-23 17:06:16', 'actionAnalise'),
(153, 'frpereira', '10.1.8.3', 'Acessou a Análise', 'analise_share_mercado', '2015-01-23 17:06:20', 'actionAnalise'),
(154, 'frpereira', '10.1.8.3', 'Acessou a Análise', 'analise_share_mercado_pracas_especiais', '2015-01-23 17:06:27', 'actionAnalise'),
(155, 'frpereira', '10.1.8.3', 'Acessou a Análise', 'prospeccao', '2015-01-23 17:06:32', 'actionAnalise'),
(156, 'frpereira', '10.1.8.3', 'Acessou a Análise', 'analise_share_mercado_pracas_especiais', '2015-01-23 17:06:39', 'actionAnalise'),
(157, 'frpereira', '10.1.8.3', 'Acessou a Análise', 'analise_share_mercado', '2015-01-23 17:12:14', 'actionAnalise'),
(158, 'frpereira', '10.1.8.3', 'Acessou a Análise', 'analise_share_mercado_pracas_especiais', '2015-01-23 17:12:41', 'actionAnalise'),
(159, 'frpereira', '10.1.8.3', 'Acessou a Análise', 'anunciantes_setor_meio', '2015-01-23 17:13:11', 'actionAnalise'),
(160, 'svleite', '201.48.157.10', 'Acessou a Análise', 'perfil_audiencia_programa', '2015-01-23 17:34:45', 'actionAnalise'),
(161, 'svleite', '201.48.157.10', 'Acessou a Análise', 'principais_targets_band', '2015-01-23 17:36:30', 'actionAnalise'),
(162, 'frpereira', '10.1.8.3', 'Acessou a Análise', 'analise_cpp_cpm', '2015-01-23 17:41:40', 'actionAnalise'),
(163, 'frpereira', '10.1.8.3', 'Acessou a Análise', 'midia_fatos_2014', '2015-01-23 17:41:46', 'actionAnalise'),
(164, 'frpereira', '10.1.8.3', 'Acessou a Análise', 'analise_share_mercado', '2015-01-23 17:41:59', 'actionAnalise'),
(165, 'frpereira', '10.1.8.3', 'Acessou a Análise', 'analise_cpp_cpm', '2015-01-23 17:43:15', 'actionAnalise'),
(166, 'frpereira', '10.1.8.3', 'Acessou a Análise', 'penetracao_consumo_meios', '2015-01-23 17:46:00', 'actionAnalise'),
(167, 'frpereira', '10.1.8.3', 'Acessou a Análise', 'analise_share_mercado', '2015-01-23 17:46:54', 'actionAnalise'),
(168, 'frpereira', '10.1.8.3', 'Acessou a Análise', 'analise_cpp_cpm', '2015-01-23 17:51:27', 'actionAnalise'),
(169, 'frpereira', '10.1.8.3', 'Acessou a Análise', 'penetracao_consumo_meios', '2015-01-23 17:51:40', 'actionAnalise'),
(170, 'frpereira', '10.1.8.3', 'Acessou a Análise', 'midia_fatos_2014', '2015-01-23 17:51:57', 'actionAnalise'),
(171, 'frpereira', '10.1.8.3', 'Acessou a Análise', 'midia_dados_2014', '2015-01-23 17:52:10', 'actionAnalise'),
(172, 'frpereira', '10.1.8.3', 'Acessou a Análise', 'midia_dados_2014', '2015-01-23 17:53:08', 'actionAnalise'),
(173, 'frpereira', '10.1.8.3', 'Acessou a Análise', 'analise_cpp_cpm', '2015-01-23 17:53:47', 'actionAnalise'),
(174, 'frpereira', '10.1.8.3', 'Acessou a Análise', 'agenda_anunciantes_newco', '2015-01-23 17:53:55', 'actionAnalise'),
(175, 'svleite', '201.48.157.10', 'Acessou a Análise', 'principais_targets_band', '2015-01-23 18:02:07', 'actionAnalise'),
(176, 'svleite', '201.48.157.10', 'Acessou a Análise', 'audiencia_programa', '2015-01-23 18:03:09', 'actionAnalise'),
(177, 'ggemignani', '11.1.116.20', 'Acessou a Análise', 'analise_share_mercado_pracas_especiais', '2015-01-23 18:32:45', 'actionAnalise'),
(178, 'ggemignani', '11.1.116.20', 'Acessou a Análise', 'cpp_cpm', '2015-01-23 18:34:36', 'actionAnalise'),
(179, 'aditomaso', '11.1.116.20', 'Acessou a Análise', 'analise_share_mercado', '2015-01-23 18:46:20', 'actionAnalise'),
(180, 'aditomaso', '11.1.116.20', 'Acessou a Análise', 'analise_share_mercado', '2015-01-23 18:51:10', 'actionAnalise'),
(181, 'mchaves', '11.1.108.34', 'Acessou a Análise', 'analise_share_mercado', '2015-01-23 18:51:14', 'actionAnalise'),
(182, 'cleoncio', '177.101.208.2', 'Acessou a Análise', 'principais_targets_band', '2015-01-26 09:26:55', 'actionAnalise'),
(183, 'leduardo', '201.49.82.55', 'Acessou a Análise', 'agenda_anunciantes_agencia', '2015-01-26 11:16:42', 'actionAnalise'),
(184, 'leduardo', '201.49.82.55', 'Acessou a Análise', 'audiencia_programa_pracas_especiais', '2015-01-26 11:37:28', 'actionAnalise'),
(185, 'leduardo', '201.49.82.55', 'Acessou a Análise', 'analise_share_mercado_pracas_especiais', '2015-01-26 11:38:33', 'actionAnalise'),
(186, 'leduardo', '201.49.82.55', 'Acessou a Análise', 'analise_share_mercado', '2015-01-26 11:45:59', 'actionAnalise'),
(187, 'fcouto', '11.1.116.20', 'Acessou a Análise', 'agenda_anunciantes_agencia', '2015-01-26 11:59:00', 'actionAnalise'),
(188, 'leduardo', '201.49.82.55', 'Acessou a Análise', 'agenda_anunciantes_agencia', '2015-01-26 12:03:26', 'actionAnalise'),
(189, 'leduardo', '201.49.82.55', 'Acessou a Análise', 'agenda_anunciantes_agencia', '2015-01-26 12:12:18', 'actionAnalise'),
(190, 'leduardo', '201.49.82.55', 'Acessou a Análise', 'audiencia_programa_pracas_especiais', '2015-01-26 12:12:39', 'actionAnalise'),
(191, 'leduardo', '201.49.82.55', 'Acessou a Análise', 'audiencia_programa_pracas_especiais', '2015-01-26 15:14:25', 'actionAnalise'),
(192, 'leduardo', '201.49.82.55', 'Acessou a Análise', 'analise_share_mercado', '2015-01-26 15:43:18', 'actionAnalise'),
(193, 'fcouto', '11.1.116.20', 'Acessou a Análise', 'targets_comportamentais_newco', '2015-01-26 16:03:02', 'actionAnalise'),
(194, 'leduardo', '201.49.82.55', 'Acessou a Análise', 'agenda_anunciantes_agencia', '2015-01-26 16:08:59', 'actionAnalise'),
(195, 'leduardo', '201.49.82.55', 'Acessou a Análise', 'audiencia_programa_pracas_especiais', '2015-01-26 16:27:34', 'actionAnalise'),
(196, 'leduardo', '201.49.82.55', 'Acessou a Análise', 'audiencia_programa_pracas_especiais', '2015-01-26 16:29:27', 'actionAnalise'),
(197, 'groberti', '11.1.116.20', 'Acessou a Análise', 'analise_share_mercado', '2015-01-27 09:34:22', 'actionAnalise'),
(198, 'groberti', '11.1.116.20', 'Acessou a Análise', 'anunciantes_setor_meio', '2015-01-27 09:35:12', 'actionAnalise'),
(199, 'nledur', '177.101.208.2', 'Acessou a Análise', 'principais_targets_band', '2015-01-27 09:44:21', 'actionAnalise'),
(200, 'nledur', '177.101.208.2', 'Acessou a Análise', 'principais_targets_band', '2015-01-27 09:45:04', 'actionAnalise'),
(201, 'cleoncio', '177.101.208.2', 'Acessou a Análise', 'principais_targets_band', '2015-01-27 09:47:14', 'actionAnalise'),
(202, 'nledur', '177.101.208.2', 'Acessou a Análise', 'perfil_audiencia_programa', '2015-01-27 09:47:25', 'actionAnalise'),
(203, 'nledur', '177.101.208.2', 'Acessou a Análise', 'principais_targets_band', '2015-01-27 10:02:31', 'actionAnalise'),
(204, 'groberti', '11.1.116.20', 'Acessou a Análise', 'perfil_audiencia_programa', '2015-01-27 10:34:38', 'actionAnalise'),
(205, 'cleoncio', '177.101.208.2', 'Acessou a Análise', 'inter_meios', '2015-01-27 10:53:48', 'actionAnalise'),
(206, 'nledur', '177.101.208.2', 'Acessou a Análise', 'inter_meios', '2015-01-27 11:09:19', 'actionAnalise'),
(207, 'nledur', '177.101.208.2', 'Acessou a Análise', 'inter_meios', '2015-01-27 11:11:39', 'actionAnalise'),
(208, 'nledur', '177.101.208.2', 'Acessou a Análise', 'analise_investimento_meio', '2015-01-27 11:53:23', 'actionAnalise'),
(209, 'nledur', '177.101.208.2', 'Acessou a Análise', 'analise_investimento_meio', '2015-01-27 11:53:38', 'actionAnalise'),
(210, 'nledur', '177.101.208.2', 'Acessou a Análise', 'analise_investimento_meio', '2015-01-27 11:54:03', 'actionAnalise'),
(211, 'nledur', '177.101.208.2', 'Acessou a Análise', 'analise_investimento_meio', '2015-01-27 11:54:11', 'actionAnalise'),
(212, 'nledur', '177.101.208.2', 'Acessou a Análise', 'analise_investimento_meio', '2015-01-27 11:54:16', 'actionAnalise'),
(213, 'nledur', '177.101.208.2', 'Acessou a Análise', 'analise_investimento_meio', '2015-01-27 11:54:48', 'actionAnalise'),
(214, 'nledur', '177.101.208.2', 'Acessou a Análise', 'analise_investimento_meio', '2015-01-27 11:54:52', 'actionAnalise'),
(215, 'nledur', '177.101.208.2', 'Acessou a Análise', 'analise_investimento_meio', '2015-01-27 11:55:13', 'actionAnalise'),
(216, 'nledur', '177.101.208.2', 'Acessou a Análise', 'analise_investimento_meio', '2015-01-27 11:55:59', 'actionAnalise'),
(217, 'nledur', '177.101.208.2', 'Acessou a Análise', 'analise_investimento_meio', '2015-01-27 11:56:12', 'actionAnalise'),
(218, 'groberti', '11.1.116.20', 'Acessou a Análise', 'analise_investimento_meio', '2015-01-27 11:57:15', 'actionAnalise'),
(219, 'groberti', '11.1.116.20', 'Acessou a Análise', 'analise_investimento_meio', '2015-01-27 11:57:32', 'actionAnalise'),
(220, 'groberti', '11.1.116.20', 'Acessou a Análise', 'tatica_tv_aberta', '2015-01-27 11:58:22', 'actionAnalise'),
(221, 'frpereira', '10.1.8.3', 'Acessou a Análise', 'analise_investimento_meio', '2015-01-27 11:59:29', 'actionAnalise'),
(222, 'frpereira', '10.1.8.3', 'Acessou a Análise', 'analise_investimento_meio', '2015-01-27 11:59:49', 'actionAnalise'),
(223, 'groberti', '11.1.116.20', 'Acessou a Análise', 'analise_investimento_meio', '2015-01-27 12:00:22', 'actionAnalise'),
(224, 'nledur', '177.101.208.2', 'Acessou a Análise', 'analise_investimento_meio', '2015-01-27 12:01:30', 'actionAnalise'),
(225, 'groberti', '11.1.116.20', 'Acessou a Análise', 'analise_share_mercado', '2015-01-27 12:23:32', 'actionAnalise'),
(226, 'ssitchin', '177.189.201.190', 'Acessou a Análise', 'analise_share_mercado', '2015-01-27 15:22:17', 'actionAnalise'),
(227, 'ldalpont', '177.101.208.2', 'Acessou a Análise', 'principais_targets_band', '2015-01-27 15:56:57', 'actionAnalise'),
(228, 'fcouto', '11.1.116.20', 'Acessou a Análise', 'audiencia_programa_newco', '2015-01-27 16:16:05', 'actionAnalise'),
(229, 'ssitchin', '11.1.116.20', 'Acessou a Análise', 'analise_share_mercado', '2015-01-27 16:42:11', 'actionAnalise'),
(230, 'fcouto', '11.1.116.20', 'Acessou a Análise', 'audiencia_programa_newco', '2015-01-27 16:44:26', 'actionAnalise'),
(231, 'fcouto', '11.1.116.20', 'Acessou a Análise', 'analise_cpp_cpm', '2015-01-27 16:51:24', 'actionAnalise'),
(232, 'fcouto', '11.1.116.20', 'Acessou a Análise', 'analise_cpp_cpm', '2015-01-27 16:51:47', 'actionAnalise'),
(233, 'groberti', '11.1.116.20', 'Acessou a Análise', 'analise_cpp_cpm', '2015-01-27 16:52:28', 'actionAnalise'),
(234, 'fcouto', '11.1.116.20', 'Acessou a Análise', 'analise_cpp_cpm', '2015-01-27 16:52:38', 'actionAnalise'),
(235, 'fcouto', '11.1.116.20', 'Acessou a Análise', 'analise_cpp_cpm', '2015-01-27 16:58:28', 'actionAnalise'),
(236, 'groberti', '11.1.116.20', 'Acessou a Análise', 'analise_cpp_cpm', '2015-01-27 17:03:58', 'actionAnalise'),
(237, 'fcouto', '11.1.116.20', 'Acessou a Análise', 'audiencia_programa_newco', '2015-01-27 20:07:38', 'actionAnalise'),
(238, 'lfsousa', '201.48.157.10', 'Acessou a Análise', 'perfil_audiencia_programa', '2015-01-28 10:13:37', 'actionAnalise'),
(239, 'lfsousa', '201.48.157.10', 'Acessou a Análise', 'principais_targets_band', '2015-01-28 10:14:54', 'actionAnalise'),
(240, 'rrodenbusch', '177.101.208.2', 'Acessou a Análise', 'cpp_cpm', '2015-01-28 11:10:44', 'actionAnalise'),
(241, 'rrodenbusch', '177.101.208.2', 'Acessou a Análise', 'cpp_cpm', '2015-01-28 11:11:22', 'actionAnalise'),
(242, 'svleite', '201.48.157.10', 'Acessou a Análise', 'audiencia_emissora', '2015-01-28 11:53:56', 'actionAnalise'),
(243, 'svleite', '201.48.157.10', 'Acessou a Análise', 'audiencia_programa', '2015-01-28 11:56:08', 'actionAnalise'),
(244, 'lnreal', '11.1.116.20', 'Acessou a Análise', 'analise_investimento_meio', '2015-01-28 11:58:23', 'actionAnalise'),
(245, 'ntonet', '11.1.116.20', 'Acessou a Análise', 'audiencia_programa', '2015-01-28 12:06:30', 'actionAnalise'),
(246, 'fcouto', '11.1.116.20', 'Acessou a Análise', 'agenda_anunciantes_newco', '2015-01-28 13:10:27', 'actionAnalise'),
(247, 'boliveira', '11.1.116.20', 'Acessou a Análise', 'analise_share_mercado_pracas_especiais', '2015-01-28 13:47:17', 'actionAnalise'),
(248, 'groberti', '11.1.116.20', 'Acessou a Análise', 'analise_investimento_meio', '2015-01-28 15:28:20', 'actionAnalise'),
(249, 'fcouto', '11.1.116.20', 'Acessou a Análise', 'agenda_anunciantes_newco', '2015-01-28 15:40:21', 'actionAnalise'),
(250, 'svleite', '201.48.157.10', 'Acessou a Análise', 'perfil_audiencia_programa', '2015-01-28 15:51:52', 'actionAnalise'),
(251, 'svleite', '201.48.157.10', 'Acessou a Análise', 'perfil_audiencia_programa', '2015-01-28 16:01:12', 'actionAnalise'),
(252, 'svleite', '201.48.157.10', 'Acessou a Análise', 'audiencia_programa', '2015-01-28 16:33:41', 'actionAnalise'),
(253, 'vbarros', '11.1.116.20', 'Acessou a Análise', 'analise_share_mercado', '2015-01-28 17:41:06', 'actionAnalise'),
(254, 'svleite', '201.48.157.10', 'Acessou a Análise', 'audiencia_programa', '2015-01-28 17:44:31', 'actionAnalise'),
(255, 'svleite', '201.48.157.10', 'Acessou a Análise', 'audiencia_programa', '2015-01-28 17:49:36', 'actionAnalise'),
(256, 'rcbraga', '11.1.116.20', 'Acessou a Análise', 'analise_share_mercado', '2015-01-28 18:22:08', 'actionAnalise'),
(257, 'leduardo', '201.49.82.55', 'Acessou a Análise', 'analise_share_mercado_pracas_especiais', '2015-01-29 09:51:06', 'actionAnalise'),
(258, 'vbarros', '11.1.116.20', 'Acessou a Análise', 'analise_share_mercado', '2015-01-29 10:00:44', 'actionAnalise'),
(259, 'rcbraga', '11.1.116.20', 'Acessou a Análise', 'analise_share_mercado', '2015-01-29 10:13:12', 'actionAnalise'),
(260, 'rcbraga', '11.1.116.20', 'Acessou a Análise', 'analise_share_mercado', '2015-01-29 10:14:03', 'actionAnalise'),
(261, 'rcbraga', '11.1.116.20', 'Acessou a Análise', 'analise_share_mercado', '2015-01-29 10:14:47', 'actionAnalise'),
(262, 'mebeltrao', '11.1.116.20', 'Acessou a Análise', 'analise_share_mercado', '2015-01-29 10:19:05', 'actionAnalise'),
(263, 'mebeltrao', '11.1.116.20', 'Acessou a Análise', 'prospeccao', '2015-01-29 10:25:09', 'actionAnalise'),
(264, 'mebeltrao', '11.1.116.20', 'Acessou a Análise', 'analise_share_mercado', '2015-01-29 10:32:55', 'actionAnalise'),
(265, 'mebeltrao', '11.1.116.20', 'Acessou a Análise', 'analise_share_mercado', '2015-01-29 10:40:40', 'actionAnalise'),
(266, 'mebeltrao', '11.1.116.20', 'Acessou a Análise', 'agenda_anunciantes_agencia', '2015-01-29 10:51:18', 'actionAnalise'),
(267, 'mebeltrao', '11.1.116.20', 'Acessou a Análise', 'maiores_anunciantes_agencia', '2015-01-29 10:56:08', 'actionAnalise'),
(268, 'jveronezi', '187.73.199.5', 'Acessou a Análise', 'audiencia_programa_pracas_especiais', '2015-01-29 11:03:30', 'actionAnalise'),
(269, 'jveronezi', '187.73.199.5', 'Acessou a Análise', 'analise_share_mercado_pracas_especiais', '2015-01-29 11:04:45', 'actionAnalise'),
(270, 'jveronezi', '187.73.199.5', 'Acessou a Análise', 'audiencia_emissora', '2015-01-29 11:22:55', 'actionAnalise'),
(271, 'jveronezi', '187.73.199.5', 'Acessou a Análise', 'perfil_audiencia_programa', '2015-01-29 11:24:13', 'actionAnalise'),
(272, 'jveronezi', '187.73.199.5', 'Acessou a Análise', 'audiencia_programa_pracas_especiais', '2015-01-29 11:25:06', 'actionAnalise'),
(273, 'mcurti', '11.1.116.20', 'Acessou a Análise', 'midia_dados_2014', '2015-01-29 11:28:53', 'actionAnalise'),
(274, 'lnreal', '11.1.116.20', 'Acessou a Análise', 'analise_investimento_meio', '2015-01-29 12:34:21', 'actionAnalise'),
(275, 'lnreal', '11.1.116.20', 'Acessou a Análise', 'perfil_audiencia_programa', '2015-01-29 12:35:01', 'actionAnalise'),
(276, 'leduardo', '201.49.82.55', 'Acessou a Análise', 'analise_share_mercado_pracas_especiais', '2015-01-29 14:54:37', 'actionAnalise'),
(277, 'groberti', '11.1.116.20', 'Acessou a Análise', 'analise_share_mercado_pracas_especiais', '2015-01-29 14:56:33', 'actionAnalise'),
(278, 'leduardo', '201.49.82.55', 'Acessou a Análise', 'analise_share_mercado_pracas_especiais', '2015-01-29 14:56:45', 'actionAnalise'),
(279, 'groberti', '11.1.116.20', 'Acessou a Análise', 'audiencia_programa_pracas_especiais', '2015-01-29 14:57:27', 'actionAnalise'),
(280, 'leduardo', '201.49.82.55', 'Acessou a Análise', 'sazionalidade_investimento', '2015-01-29 14:58:31', 'actionAnalise'),
(281, 'leduardo', '201.49.82.55', 'Acessou a Análise', 'agenda_anunciantes_agencia', '2015-01-29 14:59:06', 'actionAnalise'),
(282, 'leduardo', '201.49.82.55', 'Acessou a Análise', 'agenda_anunciantes_agencia', '2015-01-29 15:04:57', 'actionAnalise'),
(283, 'msanches', '11.1.116.20', 'Acessou a Análise', 'targets_comportamentais_newco', '2015-01-29 15:15:20', 'actionAnalise'),
(284, 'jveronezi', '187.73.199.5', 'Acessou a Análise', 'audiencia_programa_pracas_especiais', '2015-01-29 15:25:24', 'actionAnalise'),
(285, 'msanches', '11.1.116.20', 'Acessou a Análise', 'targets_comportamentais_newco', '2015-01-29 15:29:26', 'actionAnalise'),
(286, 'msanches', '11.1.116.20', 'Acessou a Análise', 'targets_comportamentais_newco', '2015-01-29 15:31:30', 'actionAnalise'),
(287, 'msanches', '11.1.116.20', 'Acessou a Análise', 'targets_comportamentais_newco', '2015-01-29 15:34:25', 'actionAnalise'),
(288, 'fcouto', '11.1.116.20', 'Acessou a Análise', 'agenda_anunciantes_newco', '2015-01-29 15:37:46', 'actionAnalise'),
(289, 'groberti', '11.1.116.20', 'Acessou a Análise', 'targets_comportamentais_newco', '2015-01-29 15:39:01', 'actionAnalise'),
(290, 'rcbraga', '11.1.116.20', 'Acessou a Análise', 'analise_share_mercado', '2015-01-29 15:42:23', 'actionAnalise'),
(291, 'jvbarros', '11.1.116.20', 'Acessou a Análise', 'sazionalidade_investimento', '2015-01-29 15:42:35', 'actionAnalise'),
(292, 'leduardo', '201.49.82.55', 'Acessou a Análise', 'audiencia_programa_pracas_especiais', '2015-01-29 15:51:20', 'actionAnalise'),
(293, 'leduardo', '201.49.82.55', 'Acessou a Análise', 'audiencia_emissora', '2015-01-29 15:56:17', 'actionAnalise'),
(294, 'leduardo', '201.49.82.55', 'Acessou a Análise', 'audiencia_programa_pracas_especiais', '2015-01-29 15:56:42', 'actionAnalise'),
(295, 'leduardo', '201.49.82.55', 'Acessou a Análise', 'analise_share_mercado_pracas_especiais', '2015-01-29 15:58:12', 'actionAnalise'),
(296, 'frpereira', '11.1.116.20', 'Acessou a Análise', 'targets_comportamentais', '2015-01-29 16:01:18', 'actionAnalise'),
(297, 'leduardo', '201.49.82.55', 'Acessou a Análise', 'audiencia_programa_pracas_especiais', '2015-01-29 16:27:46', 'actionAnalise'),
(298, 'rcbraga', '11.1.116.20', 'Acessou a Análise', 'analise_share_mercado', '2015-01-29 16:33:50', 'actionAnalise'),
(299, 'msanches', '11.1.116.20', 'Acessou a Análise', 'targets_comportamentais', '2015-01-29 16:37:39', 'actionAnalise'),
(300, 'msanches', '11.1.116.20', 'Acessou a Análise', 'targets_comportamentais', '2015-01-29 16:40:23', 'actionAnalise'),
(301, 'groberti', '11.1.116.20', 'Acessou a Análise', 'targets_comportamentais', '2015-01-29 16:41:48', 'actionAnalise'),
(302, 'fcouto', '11.1.116.20', 'Acessou a Análise', 'agenda_anunciantes_agencia', '2015-01-29 16:47:56', 'actionAnalise'),
(303, 'mdasantos', '11.1.116.20', 'Acessou a Análise', 'agenda_anunciantes_agencia', '2015-01-29 16:54:36', 'actionAnalise'),
(304, 'leduardo', '201.49.82.55', 'Acessou a Análise', 'agenda_anunciantes_agencia', '2015-01-29 16:56:04', 'actionAnalise'),
(305, 'leduardo', '201.49.82.55', 'Acessou a Análise', 'analise_share_mercado_pracas_especiais', '2015-01-29 17:06:46', 'actionAnalise'),
(306, 'leduardo', '201.49.82.55', 'Acessou a Análise', 'maiores_anunciantes_mercado', '2015-01-29 17:11:07', 'actionAnalise'),
(307, 'leduardo', '201.49.82.55', 'Acessou a Análise', 'agenda_anunciantes_agencia', '2015-01-29 17:13:37', 'actionAnalise'),
(308, 'leduardo', '201.49.82.55', 'Acessou a Análise', 'analise_share_mercado_pracas_especiais', '2015-01-29 17:16:34', 'actionAnalise'),
(309, 'vbarros', '11.1.116.20', 'Acessou a Análise', 'analise_share_mercado', '2015-01-29 17:19:01', 'actionAnalise'),
(310, 'groberti', '11.1.116.20', 'Acessou a Análise', 'analise_share_mercado_pracas_especiais', '2015-01-29 17:26:40', 'actionAnalise'),
(311, 'groberti', '11.1.116.20', 'Acessou a Análise', 'agenda_anunciantes_agencia', '2015-01-29 17:27:35', 'actionAnalise'),
(312, 'groberti', '11.1.116.20', 'Acessou a Análise', 'agenda_anunciantes_agencia', '2015-01-29 17:28:01', 'actionAnalise'),
(313, 'leduardo', '201.49.82.55', 'Acessou a Análise', 'agenda_anunciantes_agencia', '2015-01-29 17:30:59', 'actionAnalise'),
(314, 'leduardo', '201.49.82.55', 'Acessou a Análise', 'agenda_anunciantes_agencia', '2015-01-29 17:42:51', 'actionAnalise'),
(315, 'leduardo', '201.49.82.55', 'Acessou a Análise', 'audiencia_programa_pracas_especiais', '2015-01-29 17:52:25', 'actionAnalise'),
(316, 'fribeiro', '186.236.73.26', 'Acessou a Análise', 'analise_share_mercado', '2015-01-29 18:00:17', 'actionAnalise'),
(317, 'kbertoli', '201.49.82.55', 'Acessou a Análise', 'analise_share_mercado_pracas_especiais', '2015-01-29 18:01:02', 'actionAnalise'),
(318, 'fribeiro', '186.236.73.26', 'Acessou a Análise', 'prospeccao', '2015-01-29 18:01:25', 'actionAnalise'),
(319, 'kbertoli', '201.49.82.55', 'Acessou a Análise', 'sazionalidade_investimento', '2015-01-29 18:03:32', 'actionAnalise'),
(320, 'kbertoli', '201.49.82.55', 'Acessou a Análise', 'agenda_anunciantes_agencia', '2015-01-29 18:05:19', 'actionAnalise'),
(321, 'fssantos', '201.48.157.10', 'Acessou a Análise', 'audiencia_programa', '2015-01-29 18:08:31', 'actionAnalise'),
(322, 'mcapassi', '11.1.116.20', 'Acessou a Análise', 'audiencia_emissora_newco', '2015-01-29 18:08:45', 'actionAnalise'),
(323, 'fssantos', '201.48.157.10', 'Acessou a Análise', 'audiencia_programa', '2015-01-29 18:15:40', 'actionAnalise'),
(324, 'mdasantos', '11.1.116.20', 'Acessou a Análise', 'perfil_audiencia_programa', '2015-01-29 18:19:54', 'actionAnalise'),
(325, 'mrollo', '11.1.116.20', 'Acessou a Análise', 'analise_cpp_cpm', '2015-01-29 18:32:27', 'actionAnalise'),
(326, 'mrollo', '11.1.116.20', 'Acessou a Análise', 'audiencia_programa_newco', '2015-01-29 18:33:28', 'actionAnalise'),
(327, 'mrollo', '11.1.116.20', 'Acessou a Análise', 'targets_comportamentais', '2015-01-29 18:37:20', 'actionAnalise'),
(328, 'mrollo', '11.1.116.20', 'Acessou a Análise', 'targets_comportamentais', '2015-01-29 18:37:53', 'actionAnalise'),
(329, 'mrollo', '11.1.116.20', 'Acessou a Análise', 'targets_comportamentais', '2015-01-29 18:38:26', 'actionAnalise'),
(330, 'mrollo', '11.1.116.20', 'Acessou a Análise', 'targets_comportamentais', '2015-01-29 18:38:33', 'actionAnalise'),
(331, 'mrollo', '11.1.116.20', 'Acessou a Análise', 'audiencia_programa_newco', '2015-01-29 18:38:45', 'actionAnalise'),
(332, 'mrollo', '11.1.116.20', 'Acessou a Análise', 'audiencia_programa_newco', '2015-01-29 18:38:54', 'actionAnalise'),
(333, 'mnunes', '11.1.116.20', 'Acessou a Análise', 'tatica_tv_aberta', '2015-01-29 18:51:09', 'actionAnalise'),
(334, 'mnunes', '11.1.116.20', 'Acessou a Análise', 'prospeccao', '2015-01-29 18:52:49', 'actionAnalise'),
(335, 'lnreal', '11.1.116.20', 'Acessou a Análise', 'analise_investimento_meio', '2015-01-29 19:11:39', 'actionAnalise'),
(336, 'lnreal', '11.1.116.20', 'Acessou a Análise', 'perfil_audiencia_programa', '2015-01-29 19:20:51', 'actionAnalise'),
(337, 'mnunes', '11.1.116.20', 'Acessou a Análise', 'audiencia_emissora', '2015-01-29 19:22:35', 'actionAnalise'),
(338, 'mnunes', '11.1.116.20', 'Acessou a Análise', 'audiencia_programa_pracas_especiais', '2015-01-29 19:34:22', 'actionAnalise'),
(339, 'mnunes', '11.1.116.20', 'Acessou a Análise', 'audiencia_programa', '2015-01-29 19:40:25', 'actionAnalise'),
(340, 'mnunes', '11.1.116.20', 'Acessou a Análise', 'principais_targets_band', '2015-01-29 20:03:03', 'actionAnalise'),
(341, 'im', '177.181.17.101', 'Acessou a Análise', 'agenda_anunciantes_agencia', '2015-01-29 21:08:12', 'actionAnalise'),
(342, 'im', '177.181.17.101', 'Acessou a Análise', 'prospeccao', '2015-01-29 21:09:29', 'actionAnalise'),
(343, 'im', '177.181.17.101', 'Acessou a Análise', 'perfil_futebol', '2015-01-29 21:09:42', 'actionAnalise'),
(344, 'im', '177.181.17.101', 'Acessou a Análise', 'perfil_futebol', '2015-01-29 21:11:08', 'actionAnalise'),
(345, 'fcouto', '11.1.116.20', 'Acessou a Análise', 'agenda_anunciantes_newco', '2015-01-30 10:19:00', 'actionAnalise'),
(346, 'groberti', '11.1.116.20', 'Acessou a Análise', 'perfil_investimento_emissora', '2015-01-30 10:19:30', 'actionAnalise'),
(347, 'fcouto', '11.1.116.20', 'Acessou a Análise', 'perfil_investimento_emissora', '2015-01-30 10:19:32', 'actionAnalise'),
(348, 'fcouto', '11.1.116.20', 'Acessou a Análise', 'audiencia_programa_newco', '2015-01-30 10:32:15', 'actionAnalise'),
(349, 'fcouto', '11.1.116.20', 'Acessou a Análise', 'agenda_anunciantes_newco', '2015-01-30 10:34:31', 'actionAnalise'),
(350, 'leduardo', '201.49.82.55', 'Acessou a Análise', 'agenda_anunciantes_agencia', '2015-01-30 10:48:46', 'actionAnalise'),
(351, 'leduardo', '201.49.82.55', 'Acessou a Análise', 'agenda_anunciantes_agencia', '2015-01-30 10:56:15', 'actionAnalise'),
(352, 'ghumar', '11.1.116.20', 'Acessou a Análise', 'audiencia_programa', '2015-01-30 11:00:34', 'actionAnalise'),
(353, 'ghumar', '11.1.116.20', 'Acessou a Análise', 'audiencia_programa', '2015-01-30 11:14:54', 'actionAnalise'),
(354, 'leduardo', '201.49.82.55', 'Acessou a Análise', 'agenda_anunciantes_agencia', '2015-01-30 11:19:33', 'actionAnalise'),
(355, 'fcouto', '11.1.116.20', 'Acessou a Análise', 'anunciantes_agencia', '2015-01-30 11:21:26', 'actionAnalise'),
(356, 'leduardo', '201.49.82.55', 'Acessou a Análise', 'analise_share_mercado_pracas_especiais', '2015-01-30 11:36:07', 'actionAnalise'),
(357, 'leduardo', '201.49.82.55', 'Acessou a Análise', 'audiencia_programa_pracas_especiais', '2015-01-30 11:36:27', 'actionAnalise'),
(358, 'leduardo', '201.49.82.55', 'Acessou a Análise', 'audiencia_programa_pracas_especiais', '2015-01-30 11:45:12', 'actionAnalise'),
(359, 'leduardo', '201.49.82.55', 'Acessou a Análise', 'agenda_anunciantes_agencia', '2015-01-30 12:09:10', 'actionAnalise'),
(360, 'leduardo', '201.49.82.55', 'Acessou a Análise', 'agenda_anunciantes_agencia', '2015-01-30 12:10:15', 'actionAnalise'),
(361, 'fssantos', '201.48.157.10', 'Acessou a Análise', 'audiencia_programa', '2015-01-30 13:33:27', 'actionAnalise'),
(362, 'fssantos', '201.48.157.10', 'Acessou a Análise', 'audiencia_programa', '2015-01-30 13:34:30', 'actionAnalise'),
(363, 'fssantos', '201.48.157.10', 'Acessou a Análise', 'perfil_investimento_programa', '2015-01-30 13:37:28', 'actionAnalise'),
(364, 'fssantos', '201.48.157.10', 'Acessou a Análise', 'inter_meios', '2015-01-30 13:38:45', 'actionAnalise'),
(365, 'fssantos', '201.48.157.10', 'Acessou a Análise', 'prospeccao', '2015-01-30 13:40:33', 'actionAnalise'),
(366, 'fssantos', '201.48.157.10', 'Acessou a Análise', 'prospeccao', '2015-01-30 13:48:30', 'actionAnalise'),
(367, 'fssantos', '201.48.157.10', 'Acessou a Análise', 'audiencia_emissora', '2015-01-30 14:03:17', 'actionAnalise'),
(368, 'fssantos', '201.48.157.10', 'Acessou a Análise', 'calc_descontos', '2015-01-30 14:12:09', 'actionAnalise'),
(369, 'fssantos', '201.48.157.10', 'Acessou a Análise', 'audiencia_emissora', '2015-01-30 14:16:56', 'actionAnalise'),
(370, 'fssantos', '201.48.157.10', 'Acessou a Análise', 'audiencia_programa', '2015-01-30 14:20:20', 'actionAnalise'),
(371, 'mprsilva', '11.1.116.20', 'Acessou a Análise', 'analise_share_mercado', '2015-01-30 14:39:04', 'actionAnalise'),
(372, 'mprsilva', '11.1.116.20', 'Acessou a Análise', 'analise_share_mercado', '2015-01-30 14:41:34', 'actionAnalise'),
(373, 'leduardo', '201.49.82.55', 'Acessou a Análise', 'agenda_anunciantes_agencia', '2015-01-30 14:53:48', 'actionAnalise'),
(374, 'ntonet', '187.115.94.54', 'Acessou a Análise', 'audiencia_programa', '2015-01-30 14:56:37', 'actionAnalise'),
(375, 'ntonet', '187.115.94.54', 'Acessou a Análise', 'audiencia_programa', '2015-01-30 15:06:02', 'actionAnalise'),
(376, 'ntonet', '187.115.94.54', 'Acessou a Análise', 'principais_targets_band', '2015-01-30 15:10:10', 'actionAnalise'),
(377, 'ntonet', '187.115.94.54', 'Acessou a Análise', 'audiencia_programa', '2015-01-30 15:35:05', 'actionAnalise'),
(378, 'fcouto', '11.1.116.20', 'Acessou a Análise', 'agenda_anunciantes_newco', '2015-01-30 15:57:03', 'actionAnalise'),
(379, 'lusantos', '201.49.82.55', 'Acessou a Análise', 'tatica_tv_aberta', '2015-01-30 16:45:18', 'actionAnalise'),
(380, 'lusantos', '201.49.82.55', 'Acessou a Análise', 'analise_share_mercado_pracas_especiais', '2015-01-30 16:54:25', 'actionAnalise'),
(381, 'lusantos', '201.49.82.55', 'Acessou a Análise', 'analise_share_mercado_pracas_especiais', '2015-01-30 16:55:34', 'actionAnalise'),
(382, 'lusantos', '201.49.82.55', 'Acessou a Análise', 'prospeccao', '2015-01-30 17:00:56', 'actionAnalise'),
(383, 'svleite', '201.48.157.10', 'Acessou a Análise', 'analise_cpp_cpm', '2015-01-30 17:25:24', 'actionAnalise'),
(384, 'svleite', '201.48.157.10', 'Acessou a Análise', 'analise_cpp_cpm', '2015-01-30 17:33:26', 'actionAnalise'),
(385, 'svleite', '201.48.157.10', 'Acessou a Análise', 'prospeccao', '2015-01-30 17:34:12', 'actionAnalise'),
(386, 'svleite', '201.48.157.10', 'Acessou a Análise', 'prospeccao', '2015-01-30 17:35:52', 'actionAnalise'),
(387, 'jqueiroz', '11.1.116.20', 'Acessou a Análise', 'analise_share_mercado', '2015-01-30 17:46:59', 'actionAnalise'),
(388, 'fssantos', '201.48.157.10', 'Acessou a Análise', 'principais_targets_band', '2015-01-30 18:21:17', 'actionAnalise'),
(389, 'fssantos', '201.48.157.10', 'Acessou a Análise', 'perfil_audiencia_programa', '2015-01-30 18:30:52', 'actionAnalise'),
(390, 'lnreal', '11.1.116.20', 'Acessou a Análise', 'analise_investimento_meio', '2015-01-30 18:37:52', 'actionAnalise'),
(391, 'lnreal', '11.1.116.20', 'Acessou a Análise', 'analise_investimento_meio', '2015-01-30 18:44:30', 'actionAnalise'),
(392, 'lnreal', '11.1.116.20', 'Acessou a Análise', 'analise_investimento_meio', '2015-01-30 18:44:52', 'actionAnalise'),
(393, 'lnreal', '11.1.116.20', 'Acessou a Análise', 'perfil_audiencia_programa', '2015-01-30 18:48:19', 'actionAnalise'),
(394, 'fssantos', '201.48.157.10', 'Acessou a Análise', 'audiencia_programa', '2015-01-30 18:53:46', 'actionAnalise'),
(395, 'fssantos', '201.48.157.10', 'Acessou a Análise', 'audiencia_programa', '2015-01-30 18:55:06', 'actionAnalise'),
(396, 'lfsousa', '11.1.116.20', 'Acessou a Análise', 'tatica_tv_aberta', '2015-01-30 19:01:07', 'actionAnalise'),
(397, 'lfsousa', '201.48.157.10', 'Acessou a Análise', 'audiencia_emissora', '2015-01-30 19:05:22', 'actionAnalise'),
(398, 'lfsousa', '201.48.157.10', 'Acessou a Análise', 'principais_targets_band', '2015-01-30 19:07:05', 'actionAnalise'),
(399, 'mazevedo', '11.1.116.20', 'Acessou a Análise', 'analise_share_mercado', '2015-01-30 20:04:06', 'actionAnalise'),
(400, 'lacarvalho', '191.187.105.240', 'Acessou a Análise', 'prospeccao', '2015-01-31 11:49:10', 'actionAnalise'),
(401, 'rsoares', '191.187.105.240', 'Acessou a Análise', 'analise_share_mercado', '2015-01-31 11:52:37', 'actionAnalise'),
(402, 'leduardo', '201.49.82.55', 'Acessou a Análise', 'analise_share_mercado_pracas_especiais', '2015-02-02 09:44:11', 'actionAnalise'),
(403, 'jveronezi', '187.73.199.5', 'Acessou a Análise', 'analise_share_mercado', '2015-02-02 09:46:17', 'actionAnalise'),
(404, 'jveronezi', '187.73.199.5', 'Acessou a Análise', 'agenda_anunciantes_agencia', '2015-02-02 09:49:30', 'actionAnalise'),
(405, 'jveronezi', '187.73.199.5', 'Acessou a Análise', 'perfil_investimento_programa', '2015-02-02 09:49:48', 'actionAnalise'),
(406, 'jveronezi', '187.73.199.5', 'Acessou a Análise', 'targets_comportamentais', '2015-02-02 09:49:59', 'actionAnalise'),
(407, 'jveronezi', '187.73.199.5', 'Acessou a Análise', 'perfil_investimento_programa', '2015-02-02 10:08:07', 'actionAnalise'),
(408, 'jveronezi', '187.73.199.5', 'Acessou a Análise', 'audiencia_programa', '2015-02-02 10:17:14', 'actionAnalise'),
(409, 'jveronezi', '187.73.199.5', 'Acessou a Análise', 'audiencia_programa', '2015-02-02 10:19:01', 'actionAnalise'),
(410, 'kbertoli', '201.49.82.55', 'Acessou a Análise', 'analise_share_mercado_pracas_especiais', '2015-02-02 10:28:30', 'actionAnalise'),
(411, 'kbertoli', '201.49.82.55', 'Acessou a Análise', 'agenda_anunciantes_agencia', '2015-02-02 10:29:02', 'actionAnalise'),
(412, 'jveronezi', '187.73.199.5', 'Acessou a Análise', 'principais_targets_band', '2015-02-02 10:45:34', 'actionAnalise'),
(413, 'jveronezi', '187.73.199.5', 'Acessou a Análise', 'maiores_anunciantes_setor', '2015-02-02 10:56:44', 'actionAnalise'),
(414, 'jveronezi', '187.73.199.5', 'Acessou a Análise', 'perfil_audiencia_programa', '2015-02-02 10:58:15', 'actionAnalise'),
(415, 'jveronezi', '187.73.199.5', 'Acessou a Análise', 'prospeccao', '2015-02-02 11:07:14', 'actionAnalise'),
(416, 'jveronezi', '187.73.199.5', 'Acessou a Análise', 'prospeccao', '2015-02-02 11:09:00', 'actionAnalise');
INSERT INTO `log` (`id_log`, `usuario_log`, `ip_log`, `acao_log`, `ref_log`, `data_log`, `descricao_log`) VALUES
(417, 'jveronezi', '187.73.199.5', 'Acessou a Análise', 'sazionalidade_investimento', '2015-02-02 11:10:30', 'actionAnalise'),
(418, 'jveronezi', '187.73.199.5', 'Acessou a Análise', 'audiencia_programa', '2015-02-02 11:11:01', 'actionAnalise'),
(419, 'jveronezi', '187.73.199.5', 'Acessou a Análise', 'perfil_audiencia_programa', '2015-02-02 11:11:48', 'actionAnalise'),
(420, 'leduardo', '201.49.82.55', 'Acessou a Análise', 'analise_share_mercado_pracas_especiais', '2015-02-02 11:26:05', 'actionAnalise'),
(421, 'leduardo', '201.49.82.55', 'Acessou a Análise', 'agenda_anunciantes_agencia', '2015-02-02 11:27:39', 'actionAnalise'),
(422, 'leduardo', '201.49.82.55', 'Acessou a Análise', 'audiencia_programa_pracas_especiais', '2015-02-02 11:34:49', 'actionAnalise'),
(423, 'rsoares', '187.2.92.221', 'Acessou a Análise', 'prospeccao', '2015-02-02 11:37:23', 'actionAnalise'),
(424, 'rsoares', '187.2.92.221', 'Acessou a Análise', 'tatica_tv_aberta', '2015-02-02 11:39:51', 'actionAnalise'),
(425, 'leduardo', '201.49.82.55', 'Acessou a Análise', 'agenda_anunciantes_agencia', '2015-02-02 11:43:25', 'actionAnalise'),
(426, 'aracatuba', '187.2.92.221', 'Acessou a Análise', 'analise_cpp_cpm', '2015-02-02 11:43:54', 'actionAnalise'),
(427, 'rsoares', '187.2.92.221', 'Acessou a Análise', 'analise_investimento_meio', '2015-02-02 11:45:31', 'actionAnalise'),
(428, 'rsoares', '187.2.92.221', 'Acessou a Análise', 'prospeccao', '2015-02-02 11:47:29', 'actionAnalise'),
(429, 'rsoares', '187.2.92.221', 'Acessou a Análise', 'perfil_investimento_programa', '2015-02-02 11:56:43', 'actionAnalise'),
(430, 'leduardo', '201.49.82.55', 'Acessou a Análise', 'audiencia_programa_pracas_especiais', '2015-02-02 11:58:56', 'actionAnalise'),
(431, 'lnreal', '11.1.116.20', 'Acessou a Análise', 'analise_investimento_meio', '2015-02-02 12:11:27', 'actionAnalise'),
(432, 'lnreal', '11.1.116.20', 'Acessou a Análise', 'perfil_audiencia_programa', '2015-02-02 12:11:43', 'actionAnalise'),
(433, 'rbueno', '177.143.181.18', 'Acessou a Análise', 'analise_investimento_meio', '2015-02-02 12:42:35', 'actionAnalise'),
(434, 'rbueno', '177.143.181.18', 'Acessou a Análise', 'analise_investimento_meio', '2015-02-02 12:46:37', 'actionAnalise'),
(435, 'rbueno', '177.143.181.18', 'Acessou a Análise', 'analise_cpp_cpm', '2015-02-02 12:49:43', 'actionAnalise'),
(436, 'jpcosta', '177.143.179.16', 'Acessou a Análise', 'agenda_anunciantes_agencia', '2015-02-02 12:59:02', 'actionAnalise'),
(437, 'jpcosta', '177.143.179.16', 'Acessou a Análise', 'agenda_anunciantes_agencia', '2015-02-02 13:00:16', 'actionAnalise'),
(438, 'ntonet', '187.115.94.54', 'Acessou a Análise', 'audiencia_programa', '2015-02-02 14:44:34', 'actionAnalise'),
(439, 'csoares', '201.83.144.11', 'Acessou a Análise', 'analise_share_mercado', '2015-02-02 15:01:46', 'actionAnalise'),
(440, 'mdasantos', '11.1.116.20', 'Acessou a Análise', 'agenda_anunciantes_agencia', '2015-02-02 15:03:13', 'actionAnalise'),
(441, 'mdasantos', '11.1.116.20', 'Acessou a Análise', 'prospeccao', '2015-02-02 15:08:22', 'actionAnalise'),
(442, 'mebeltrao', '11.1.116.20', 'Acessou a Análise', 'prospeccao', '2015-02-02 15:47:09', 'actionAnalise'),
(443, 'rbueno', '177.143.181.18', 'Acessou a Análise', 'agenda_anunciantes_agencia', '2015-02-02 16:00:09', 'actionAnalise'),
(444, 'rbueno', '177.143.179.16', 'Acessou a Análise', 'analise_share_mercado_pracas_especiais', '2015-02-02 16:02:39', 'actionAnalise'),
(445, 'rbueno', '177.143.179.16', 'Acessou a Análise', 'analise_share_mercado', '2015-02-02 16:03:13', 'actionAnalise'),
(446, 'rmatos', '11.1.116.20', 'Acessou a Análise', 'analise_share_mercado', '2015-02-02 16:03:30', 'actionAnalise'),
(447, 'rmatos', '11.1.116.20', 'Acessou a Análise', 'analise_share_mercado_pracas_especiais', '2015-02-02 16:04:22', 'actionAnalise'),
(448, 'rmatos', '11.1.116.20', 'Acessou a Análise', 'perfil_audiencia_programa', '2015-02-02 16:06:16', 'actionAnalise'),
(449, 'rbueno', '131.161.124.226', 'Acessou a Análise', 'prospeccao', '2015-02-02 16:06:41', 'actionAnalise'),
(450, 'rbueno', '177.143.179.16', 'Acessou a Análise', 'sazionalidade_investimento', '2015-02-02 16:09:31', 'actionAnalise'),
(451, 'rbueno', '177.143.179.16', 'Acessou a Análise', 'maiores_anunciantes_mercado', '2015-02-02 16:11:21', 'actionAnalise'),
(452, 'mebeltrao', '11.1.116.20', 'Acessou a Análise', 'prospeccao', '2015-02-02 16:17:39', 'actionAnalise'),
(453, 'manjo', '11.1.116.20', 'Acessou a Análise', 'midia_fatos_2014', '2015-02-02 16:32:49', 'actionAnalise'),
(454, 'fssantos', '201.48.157.10', 'Acessou a Análise', 'audiencia_programa', '2015-02-02 16:51:30', 'actionAnalise'),
(455, 'ntonet', '187.115.94.54', 'Acessou a Análise', 'audiencia_programa', '2015-02-02 17:18:12', 'actionAnalise'),
(456, 'ntonet', '187.115.94.54', 'Acessou a Análise', 'audiencia_programa', '2015-02-02 17:33:30', 'actionAnalise'),
(457, 'groberti', '11.1.116.20', 'Acessou a Análise', 'midia_dados_2014', '2015-02-02 18:02:11', 'actionAnalise'),
(458, 'groberti', '11.1.116.20', 'Acessou a Análise', 'midia_dados_2014', '2015-02-02 18:06:33', 'actionAnalise'),
(459, 'rpbarros', '11.1.116.20', 'Acessou a Análise', 'targets_comportamentais', '2015-02-02 18:50:32', 'actionAnalise'),
(460, 'rpbarros', '11.1.116.20', 'Acessou a Análise', 'audiencia_emissora_newco', '2015-02-02 18:51:29', 'actionAnalise'),
(461, 'fcouto', '11.1.116.20', 'Acessou a Análise', 'tatica_tv_aberta', '2015-02-02 19:02:15', 'actionAnalise'),
(462, 'fcouto', '11.1.116.20', 'Acessou a Análise', 'perfil_investimento_emissora', '2015-02-02 19:03:34', 'actionAnalise'),
(463, 'rpbarros', '11.1.116.20', 'Acessou a Análise', 'perfil_investimento_emissora', '2015-02-02 19:08:04', 'actionAnalise'),
(464, 'rpbarros', '11.1.116.20', 'Acessou a Análise', 'inter_meios', '2015-02-02 19:14:39', 'actionAnalise'),
(465, 'rpbarros', '11.1.116.20', 'Acessou a Análise', 'audiencia_emissora_newco', '2015-02-02 19:15:29', 'actionAnalise'),
(466, 'frpereira', '10.1.8.3', 'Acessou a Análise', 'desempenho_programas_targets', '2015-02-02 19:16:06', 'actionAnalise'),
(467, 'frpereira', '10.1.8.3', 'Acessou a Análise', 'audiencia_emissora_newco', '2015-02-02 19:16:35', 'actionAnalise'),
(468, 'lnreal', '11.1.116.20', 'Acessou a Análise', 'analise_investimento_meio', '2015-02-02 19:39:02', 'actionAnalise'),
(469, 'lnreal', '11.1.116.20', 'Acessou a Análise', 'calc_descontos', '2015-02-02 19:40:12', 'actionAnalise'),
(470, 'lnreal', '11.1.116.20', 'Acessou a Análise', 'audiencia_programa_pracas_especiais', '2015-02-02 19:40:39', 'actionAnalise'),
(471, 'dicarvalho', '187.15.244.85', 'Acessou a Análise', 'tatica_tv_aberta', '2015-02-02 22:04:01', 'actionAnalise'),
(472, 'rsoares', '187.2.92.221', 'Acessou a Análise', 'agenda_anunciantes_agencia', '2015-02-03 09:14:10', 'actionAnalise'),
(473, 'rsoares', '187.2.92.221', 'Acessou a Análise', 'prospeccao', '2015-02-03 09:15:02', 'actionAnalise'),
(474, 'aracatuba', '187.2.92.221', 'Acessou a Análise', 'prospeccao', '2015-02-03 09:18:17', 'actionAnalise'),
(475, 'rsoares', '187.2.92.221', 'Acessou a Análise', 'tatica_tv_aberta', '2015-02-03 09:26:41', 'actionAnalise'),
(476, 'aracatuba', '187.2.92.221', 'Acessou a Análise', 'sazionalidade_investimento', '2015-02-03 09:28:47', 'actionAnalise'),
(477, 'leduardo', '201.49.82.55', 'Acessou a Análise', 'agenda_anunciantes_agencia', '2015-02-03 09:40:33', 'actionAnalise'),
(478, 'lnreal', '11.1.116.20', 'Acessou a Análise', 'analise_investimento_meio', '2015-02-03 09:51:18', 'actionAnalise'),
(479, 'lnreal', '11.1.116.20', 'Acessou a Análise', 'audiencia_programa', '2015-02-03 09:52:54', 'actionAnalise'),
(480, 'rsoares', '187.2.92.221', 'Acessou a Análise', 'analise_share_mercado', '2015-02-03 10:00:33', 'actionAnalise'),
(481, 'rsoares', '187.2.92.221', 'Acessou a Análise', 'analise_share_mercado_pracas_especiais', '2015-02-03 10:01:26', 'actionAnalise'),
(482, 'rsoares', '187.2.92.221', 'Acessou a Análise', 'audiencia_programa_pracas_especiais', '2015-02-03 10:02:56', 'actionAnalise'),
(483, 'leduardo', '201.49.82.55', 'Acessou a Análise', 'audiencia_programa_pracas_especiais', '2015-02-03 10:10:01', 'actionAnalise'),
(484, 'lusantos', '201.49.82.55', 'Acessou a Análise', 'agenda_anunciantes_agencia', '2015-02-03 10:32:37', 'actionAnalise'),
(485, 'lusantos', '201.49.82.55', 'Acessou a Análise', 'cpp_cpm', '2015-02-03 10:41:28', 'actionAnalise'),
(486, 'fcouto', '11.1.116.20', 'Acessou a Análise', 'analise_investimento_meio', '2015-02-03 11:00:52', 'actionAnalise'),
(487, 'fcouto', '11.1.116.20', 'Acessou a Análise', 'analise_cpp_cpm', '2015-02-03 11:06:40', 'actionAnalise'),
(488, 'leduardo', '201.49.82.55', 'Acessou a Análise', 'audiencia_programa_pracas_especiais', '2015-02-03 11:11:43', 'actionAnalise'),
(489, 'ereversi', '187.39.11.168', 'Acessou a Análise', 'tatica_tv_aberta', '2015-02-03 11:12:14', 'actionAnalise'),
(490, 'leduardo', '201.49.82.55', 'Acessou a Análise', 'agenda_anunciantes_agencia', '2015-02-03 11:12:31', 'actionAnalise'),
(491, 'ntonet', '187.115.94.54', 'Acessou a Análise', 'audiencia_programa', '2015-02-03 11:13:16', 'actionAnalise'),
(492, 'ntonet', '187.115.94.54', 'Acessou a Análise', 'audiencia_programa', '2015-02-03 11:14:33', 'actionAnalise'),
(493, 'ntonet', '187.115.94.54', 'Acessou a Análise', 'audiencia_programa', '2015-02-03 11:47:07', 'actionAnalise'),
(494, 'ntonet', '187.115.94.54', 'Acessou a Análise', 'prospeccao', '2015-02-03 11:56:10', 'actionAnalise'),
(495, 'ntonet', '187.115.94.54', 'Acessou a Análise', 'audiencia_emissora', '2015-02-03 11:57:41', 'actionAnalise'),
(496, 'ntonet', '187.115.94.54', 'Acessou a Análise', 'audiencia_emissora', '2015-02-03 12:04:15', 'actionAnalise'),
(497, 'fcouto', '11.1.116.20', 'Acessou a Análise', 'agenda_anunciantes_agencia', '2015-02-03 12:26:56', 'actionAnalise'),
(498, 'mebeltrao', '11.1.116.20', 'Acessou a Análise', 'analise_share_mercado', '2015-02-03 12:43:48', 'actionAnalise'),
(499, 'mebeltrao', '11.1.116.20', 'Acessou a Análise', 'maiores_anunciantes_agencia', '2015-02-03 12:47:09', 'actionAnalise'),
(500, 'mebeltrao', '11.1.116.20', 'Acessou a Análise', 'maiores_anunciantes_setor', '2015-02-03 12:50:19', 'actionAnalise'),
(501, 'mebeltrao', '11.1.116.20', 'Acessou a Análise', 'analise_share_mercado', '2015-02-03 12:57:28', 'actionAnalise'),
(502, 'ntonet', '187.115.94.54', 'Acessou a Análise', 'audiencia_emissora', '2015-02-03 14:23:53', 'actionAnalise'),
(503, 'ntonet', '187.115.94.54', 'Acessou a Análise', 'audiencia_emissora', '2015-02-03 14:24:48', 'actionAnalise'),
(504, 'ntonet', '200.193.239.78', 'Acessou a Análise', 'audiencia_programa', '2015-02-03 14:29:44', 'actionAnalise'),
(505, 'lacarvalho', '177.154.67.105', 'Acessou a Análise', 'sazionalidade_investimento', '2015-02-03 14:55:00', 'actionAnalise'),
(506, 'jveronezi', '187.73.199.5', 'Acessou a Análise', 'analise_share_mercado_pracas_especiais', '2015-02-03 14:55:42', 'actionAnalise'),
(507, 'lacarvalho', '177.154.67.105', 'Acessou a Análise', 'sazionalidade_investimento', '2015-02-03 15:41:22', 'actionAnalise'),
(508, 'rsoares', '187.2.92.221', 'Acessou a Análise', 'tatica_tv_aberta', '2015-02-03 15:44:02', 'actionAnalise'),
(509, 'rsoares', '187.2.92.221', 'Acessou a Análise', 'perfil_futebol', '2015-02-03 15:46:24', 'actionAnalise'),
(510, 'mebeltrao', '11.1.116.20', 'Acessou a Análise', 'agenda_anunciantes_agencia', '2015-02-03 15:46:35', 'actionAnalise'),
(511, 'ghumar', '11.1.116.20', 'Acessou a Análise', 'midia_dados_2014', '2015-02-03 15:46:36', 'actionAnalise'),
(512, 'ghumar', '11.1.116.20', 'Acessou a Análise', 'midia_fatos_2014', '2015-02-03 15:47:40', 'actionAnalise'),
(513, 'rsoares', '187.2.92.221', 'Acessou a Análise', 'audiencia_emissora', '2015-02-03 15:48:20', 'actionAnalise'),
(514, 'mebeltrao', '11.1.116.20', 'Acessou a Análise', 'maiores_anunciantes_agencia', '2015-02-03 15:49:13', 'actionAnalise'),
(515, 'rsoares', '187.2.92.221', 'Acessou a Análise', 'maiores_agencias_mercado', '2015-02-03 15:49:38', 'actionAnalise'),
(516, 'mebeltrao', '11.1.116.20', 'Acessou a Análise', 'maiores_anunciantes_mercado', '2015-02-03 15:53:57', 'actionAnalise'),
(517, 'lnreal', '11.1.116.20', 'Acessou a Análise', 'analise_investimento_meio', '2015-02-03 15:56:47', 'actionAnalise'),
(518, 'rsoares', '187.2.92.221', 'Acessou a Análise', 'analise_share_mercado_pracas_especiais', '2015-02-03 15:56:59', 'actionAnalise'),
(519, 'lnreal', '11.1.116.20', 'Acessou a Análise', 'audiencia_programa_pracas_especiais', '2015-02-03 15:57:01', 'actionAnalise'),
(520, 'rsoares', '187.2.92.221', 'Acessou a Análise', 'audiencia_programa_pracas_especiais', '2015-02-03 15:57:19', 'actionAnalise'),
(521, 'lnreal', '11.1.116.20', 'Acessou a Análise', 'analise_investimento_meio', '2015-02-03 15:57:25', 'actionAnalise'),
(522, 'lnreal', '11.1.116.20', 'Acessou a Análise', 'audiencia_programa', '2015-02-03 15:57:47', 'actionAnalise'),
(523, 'mebeltrao', '11.1.116.20', 'Acessou a Análise', 'audiencia_programa', '2015-02-03 15:58:40', 'actionAnalise'),
(524, 'mebeltrao', '11.1.116.20', 'Acessou a Análise', 'maiores_agencias_mercado', '2015-02-03 16:00:12', 'actionAnalise'),
(525, 'mebeltrao', '11.1.116.20', 'Acessou a Análise', 'principais_targets_band', '2015-02-03 16:00:46', 'actionAnalise'),
(526, 'lacarvalho', '177.154.67.105', 'Acessou a Análise', 'agenda_anunciantes_agencia', '2015-02-03 16:00:47', 'actionAnalise'),
(527, 'lnreal', '11.1.116.20', 'Acessou a Análise', 'perfil_audiencia_programa', '2015-02-03 16:01:57', 'actionAnalise'),
(528, 'lnreal', '11.1.116.20', 'Acessou a Análise', 'principais_targets_band', '2015-02-03 16:03:57', 'actionAnalise'),
(529, 'lnreal', '11.1.116.20', 'Acessou a Análise', 'perfil_audiencia_programa', '2015-02-03 16:07:28', 'actionAnalise'),
(530, 'mebeltrao', '11.1.116.20', 'Acessou a Análise', 'sazionalidade_investimento', '2015-02-03 16:12:47', 'actionAnalise'),
(531, 'mebeltrao', '11.1.116.20', 'Acessou a Análise', 'audiencia_programa', '2015-02-03 16:19:04', 'actionAnalise'),
(532, 'vbarros', '11.1.116.20', 'Acessou a Análise', 'perfil_investimento_emissora', '2015-02-03 16:21:17', 'actionAnalise'),
(533, 'mebeltrao', '11.1.116.20', 'Acessou a Análise', 'audiencia_programa', '2015-02-03 16:23:19', 'actionAnalise'),
(534, 'leduardo', '201.49.82.55', 'Acessou a Análise', 'agenda_anunciantes_agencia', '2015-02-03 16:47:33', 'actionAnalise'),
(535, 'leduardo', '201.49.82.55', 'Acessou a Análise', 'audiencia_programa_pracas_especiais', '2015-02-03 16:59:39', 'actionAnalise'),
(536, 'ntonet', '187.115.94.54', 'Acessou a Análise', 'audiencia_programa', '2015-02-03 17:13:58', 'actionAnalise'),
(537, 'leduardo', '201.49.82.55', 'Acessou a Análise', 'agenda_anunciantes_agencia', '2015-02-03 17:33:00', 'actionAnalise'),
(538, 'leduardo', '201.49.82.55', 'Acessou a Análise', 'agenda_anunciantes_agencia', '2015-02-03 17:37:40', 'actionAnalise'),
(539, 'ntonet', '187.115.94.54', 'Acessou a Análise', 'audiencia_programa', '2015-02-03 17:37:58', 'actionAnalise'),
(540, 'rsoares', '187.2.92.221', 'Acessou a Análise', 'analise_investimento_meio', '2015-02-03 18:10:40', 'actionAnalise'),
(541, 'rsoares', '187.2.92.221', 'Acessou a Análise', 'prospeccao', '2015-02-03 18:11:06', 'actionAnalise'),
(542, 'lnreal', '11.1.116.20', 'Acessou a Análise', 'perfil_audiencia_programa', '2015-02-03 18:15:36', 'actionAnalise'),
(543, 'rsoares', '187.2.92.221', 'Acessou a Análise', 'principais_targets_band', '2015-02-03 18:17:31', 'actionAnalise'),
(544, 'rsoares', '187.2.92.221', 'Acessou a Análise', 'analise_share_mercado_pracas_especiais', '2015-02-03 18:18:29', 'actionAnalise'),
(545, 'rsoares', '187.2.92.221', 'Acessou a Análise', 'audiencia_programa_pracas_especiais', '2015-02-03 18:28:03', 'actionAnalise'),
(546, 'mdasantos', '11.1.116.20', 'Acessou a Análise', 'audiencia_emissora', '2015-02-03 18:29:20', 'actionAnalise'),
(547, 'mdasantos', '11.1.116.20', 'Acessou a Análise', 'audiencia_programa_pracas_especiais', '2015-02-03 18:32:39', 'actionAnalise'),
(548, 'mdasantos', '11.1.116.20', 'Acessou a Análise', 'audiencia_programa', '2015-02-03 18:32:57', 'actionAnalise'),
(549, 'rsoares', '187.2.92.221', 'Acessou a Análise', 'maiores_agencias_mercado', '2015-02-03 18:33:52', 'actionAnalise'),
(550, 'rsoares', '187.2.92.221', 'Acessou a Análise', 'maiores_anunciantes_mercado', '2015-02-03 18:34:05', 'actionAnalise'),
(551, 'mcapassi', '11.1.116.20', 'Acessou a Análise', 'agenda_anunciantes_newco', '2015-02-03 18:35:55', 'actionAnalise'),
(552, 'rsoares', '187.2.92.221', 'Acessou a Análise', 'audiencia_programa_pracas_especiais', '2015-02-04 08:55:53', 'actionAnalise'),
(553, 'rviola', '11.1.116.20', 'Acessou a Análise', 'analise_cpp_cpm', '2015-02-04 09:09:48', 'actionAnalise'),
(554, 'rviola', '11.1.116.20', 'Acessou a Análise', 'analise_cpp_cpm', '2015-02-04 09:27:29', 'actionAnalise'),
(555, 'daleite', '11.1.116.20', 'Acessou a Análise', 'analise_cpp_cpm', '2015-02-04 09:41:06', 'actionAnalise'),
(556, 'jveronezi', '187.73.199.5', 'Acessou a Análise', 'agenda_anunciantes_agencia', '2015-02-04 09:58:23', 'actionAnalise'),
(557, 'jveronezi', '187.73.199.5', 'Acessou a Análise', 'agenda_anunciantes_agencia', '2015-02-04 10:26:23', 'actionAnalise'),
(558, 'jveronezi', '187.73.199.5', 'Acessou a Análise', 'analise_share_mercado', '2015-02-04 10:27:12', 'actionAnalise'),
(559, 'ldalpont', '177.101.208.2', 'Acessou a Análise', 'cpp_cpm', '2015-02-04 11:01:36', 'actionAnalise'),
(560, 'ldalpont', '177.101.208.2', 'Acessou a Análise', 'cpp_cpm', '2015-02-04 11:04:33', 'actionAnalise'),
(561, 'lnreal', '11.1.116.20', 'Acessou a Análise', 'analise_investimento_meio', '2015-02-04 11:21:40', 'actionAnalise'),
(562, 'lnreal', '11.1.116.20', 'Acessou a Análise', 'perfil_audiencia_programa', '2015-02-04 11:28:02', 'actionAnalise'),
(563, 'ntonet', '187.115.94.54', 'Acessou a Análise', 'tatica_tv_aberta', '2015-02-04 11:51:06', 'actionAnalise'),
(564, 'dleopoldo', '11.1.116.20', 'Acessou a Análise', 'perfil_futebol', '2015-02-04 12:04:31', 'actionAnalise'),
(565, 'jqueiroz', '187.73.217.125', 'Acessou a Análise', 'cpp_cpm', '2015-02-04 14:23:36', 'actionAnalise'),
(566, 'jqueiroz', '187.73.217.125', 'Acessou a Análise', 'prospeccao', '2015-02-04 14:34:40', 'actionAnalise'),
(567, 'jqueiroz', '187.73.217.125', 'Acessou a Análise', 'agenda_anunciantes_agencia', '2015-02-04 14:35:21', 'actionAnalise'),
(568, 'aracatuba', '187.2.92.221', 'Acessou a Análise', 'maiores_anunciantes_setor', '2015-02-04 14:41:41', 'actionAnalise'),
(569, 'rsoares', '187.2.92.221', 'Acessou a Análise', 'maiores_anunciantes_setor', '2015-02-04 14:42:19', 'actionAnalise'),
(570, 'rsoares', '187.2.92.221', 'Acessou a Análise', 'maiores_anunciantes_mercado', '2015-02-04 14:44:28', 'actionAnalise'),
(571, 'aracatuba', '187.2.92.221', 'Acessou a Análise', 'calc_descontos', '2015-02-04 14:44:46', 'actionAnalise'),
(572, 'aracatuba', '187.2.92.221', 'Acessou a Análise', 'cpp_cpm', '2015-02-04 14:47:55', 'actionAnalise'),
(573, 'rsoares', '187.2.92.221', 'Acessou a Análise', 'analise_share_mercado_pracas_especiais', '2015-02-04 14:49:26', 'actionAnalise'),
(574, 'gqueiroz', '11.1.113.71', 'Acessou a Análise', 'analise_share_mercado', '2015-02-04 14:55:57', 'actionAnalise'),
(575, 'gqueiroz', '11.1.113.71', 'Acessou a Análise', 'maiores_anunciantes_agencia', '2015-02-04 14:57:51', 'actionAnalise'),
(576, 'aracatuba', '187.2.92.221', 'Acessou a Análise', 'agenda_anunciantes_agencia', '2015-02-04 14:59:20', 'actionAnalise'),
(577, 'msanches', '11.1.116.20', 'Acessou a Análise', 'audiencia_emissora_newco', '2015-02-04 15:10:29', 'actionAnalise'),
(578, 'msanches', '11.1.116.20', 'Acessou a Análise', 'targets_comportamentais', '2015-02-04 15:13:04', 'actionAnalise'),
(579, 'msanches', '11.1.116.20', 'Acessou a Análise', 'audiencia_emissora_newco', '2015-02-04 15:16:11', 'actionAnalise'),
(580, 'msanches', '11.1.116.20', 'Acessou a Análise', 'audiencia_emissora_newco', '2015-02-04 15:17:35', 'actionAnalise'),
(581, 'rsoares', '177.83.229.133', 'Acessou a Análise', 'maiores_agencias_mercado', '2015-02-04 15:17:53', 'actionAnalise'),
(582, 'msanches', '11.1.116.20', 'Acessou a Análise', 'audiencia_programa_newco', '2015-02-04 15:19:09', 'actionAnalise'),
(583, 'rsoares', '177.83.229.133', 'Acessou a Análise', 'audiencia_programa_pracas_especiais', '2015-02-04 15:26:50', 'actionAnalise'),
(584, 'afukasawa', '11.1.116.20', 'Acessou a Análise', 'calc_descontos', '2015-02-04 15:58:31', 'actionAnalise'),
(585, 'rsoares', '187.2.92.221', 'Acessou a Análise', 'audiencia_programa_pracas_especiais', '2015-02-04 16:33:10', 'actionAnalise'),
(586, 'aracatuba', '187.2.92.221', 'Acessou a Análise', 'agenda_anunciantes_agencia', '2015-02-04 16:33:12', 'actionAnalise'),
(587, 'mcapassi', '11.1.116.20', 'Acessou a Análise', 'analise_investimento_meio', '2015-02-04 17:40:03', 'actionAnalise'),
(588, 'rpbarros', '11.1.116.20', 'Acessou a Análise', 'audiencia_programa_newco', '2015-02-04 17:41:23', 'actionAnalise'),
(589, 'rpbarros', '11.1.116.20', 'Acessou a Análise', 'analise_investimento_meio', '2015-02-04 17:41:47', 'actionAnalise'),
(590, 'rpbarros', '11.1.116.20', 'Acessou a Análise', 'midia_dados_2014', '2015-02-04 17:42:32', 'actionAnalise'),
(591, 'rpbarros', '11.1.116.20', 'Acessou a Análise', 'perfil_investimento_emissora', '2015-02-04 17:42:51', 'actionAnalise'),
(592, 'rpbarros', '11.1.116.20', 'Acessou a Análise', 'anunciantes_agencia', '2015-02-04 17:44:04', 'actionAnalise'),
(593, 'rpbarros', '11.1.116.20', 'Acessou a Análise', 'agenda_anunciantes_newco', '2015-02-04 17:47:55', 'actionAnalise'),
(594, 'msanches', '11.1.116.20', 'Acessou a Análise', 'agenda_anunciantes_agencia', '2015-02-04 17:48:12', 'actionAnalise'),
(595, 'mcapassi', '11.1.116.20', 'Acessou a Análise', 'agenda_anunciantes_agencia', '2015-02-04 17:50:11', 'actionAnalise'),
(596, 'ldalpont', '177.101.208.2', 'Acessou a Análise', 'cpp_cpm', '2015-02-04 18:09:19', 'actionAnalise'),
(597, 'lnreal', '11.1.116.20', 'Acessou a Análise', 'analise_investimento_meio', '2015-02-04 18:09:28', 'actionAnalise'),
(598, 'lnreal', '11.1.116.20', 'Acessou a Análise', 'perfil_audiencia_programa', '2015-02-04 18:09:38', 'actionAnalise'),
(599, 'groberti', '11.1.116.20', 'Acessou a Análise', 'calc_descontos', '2015-02-04 19:23:28', 'actionAnalise'),
(600, 'groberti', '11.1.116.20', 'Acessou a Análise', 'analise_share_mercado', '2015-02-04 19:24:23', 'actionAnalise'),
(601, 'groberti', '11.1.116.20', 'Acessou a Análise', 'analise_share_mercado', '2015-02-04 19:29:19', 'actionAnalise'),
(602, 'groberti', '11.1.116.20', 'Acessou a Análise', 'cpp_cpm', '2015-02-04 19:30:49', 'actionAnalise'),
(603, 'groberti', '11.1.116.20', 'Acessou a Análise', 'sazionalidade_investimento', '2015-02-04 19:33:49', 'actionAnalise'),
(604, 'groberti', '11.1.116.20', 'Acessou a Análise', 'prospeccao', '2015-02-04 19:40:19', 'actionAnalise'),
(605, 'groberti', '11.1.116.20', 'Acessou a Análise', 'agenda_anunciantes_agencia', '2015-02-04 19:44:58', 'actionAnalise'),
(606, 'groberti', '11.1.116.20', 'Acessou a Análise', 'maiores_anunciantes_setor', '2015-02-04 19:47:49', 'actionAnalise'),
(607, 'groberti', '11.1.116.20', 'Acessou a Análise', 'inter_meios', '2015-02-04 19:49:41', 'actionAnalise'),
(608, 'groberti', '11.1.116.20', 'Acessou a Análise', 'audiencia_emissora', '2015-02-04 19:50:12', 'actionAnalise'),
(609, 'groberti', '11.1.116.20', 'Acessou a Análise', 'audiencia_programa', '2015-02-04 19:53:14', 'actionAnalise'),
(610, 'groberti', '11.1.116.20', 'Acessou a Análise', 'principais_targets_band', '2015-02-04 19:55:53', 'actionAnalise'),
(611, 'groberti', '11.1.116.20', 'Acessou a Análise', 'perfil_investimento_programa', '2015-02-04 19:57:29', 'actionAnalise'),
(612, 'groberti', '11.1.116.20', 'Acessou a Análise', 'perfil_audiencia_programa', '2015-02-04 19:58:47', 'actionAnalise'),
(613, 'groberti', '11.1.116.20', 'Acessou a Análise', 'targets_comportamentais', '2015-02-04 20:00:19', 'actionAnalise'),
(614, 'groberti', '11.1.116.20', 'Acessou a Análise', 'tatica_tv_aberta', '2015-02-04 20:02:36', 'actionAnalise'),
(615, 'groberti', '11.1.116.20', 'Acessou a Análise', 'analise_investimento_meio', '2015-02-04 20:03:35', 'actionAnalise'),
(616, 'lcsantos', '201.48.157.10', 'Acessou a Análise', 'agenda_anunciantes_agencia', '2015-02-05 09:36:15', 'actionAnalise'),
(617, 'lcsantos', '201.48.157.10', 'Acessou a Análise', 'analise_share_mercado', '2015-02-05 10:23:27', 'actionAnalise'),
(618, 'ghumar', '11.1.116.20', 'Acessou a Análise', 'perfil_audiencia_programa', '2015-02-05 11:27:27', 'actionAnalise'),
(619, 'leduardo', '201.49.82.55', 'Acessou a Análise', 'agenda_anunciantes_agencia', '2015-02-05 11:31:44', 'actionAnalise'),
(620, 'groberti', '11.1.116.20', 'Acessou a Análise', 'agenda_anunciantes_agencia', '2015-02-05 11:44:46', 'actionAnalise'),
(621, 'wqueiroz', '11.1.142.49', 'Acessou a Análise', 'midia_dados_2014', '2015-02-05 12:06:17', 'actionAnalise'),
(622, 'rsoares', '189.29.57.146', 'Acessou a Análise', 'agenda_anunciantes_agencia', '2015-02-05 12:18:09', 'actionAnalise'),
(623, 'wqueiroz', '11.1.142.49', 'Acessou a Análise', 'analise_share_mercado', '2015-02-05 12:22:05', 'actionAnalise'),
(624, 'wqueiroz', '11.1.142.49', 'Acessou a Análise', 'audiencia_programa', '2015-02-05 12:23:14', 'actionAnalise'),
(625, 'wqueiroz', '11.1.142.49', 'Acessou a Análise', 'inter_meios', '2015-02-05 12:24:57', 'actionAnalise'),
(626, 'aracatuba', '189.29.57.146', 'Acessou a Análise', 'audiencia_emissora', '2015-02-05 12:27:22', 'actionAnalise'),
(627, 'wqueiroz', '11.1.142.49', 'Acessou a Análise', 'inter_meios', '2015-02-05 12:27:53', 'actionAnalise'),
(628, 'aracatuba', '189.29.57.146', 'Acessou a Análise', 'audiencia_programa_pracas_especiais', '2015-02-05 12:29:18', 'actionAnalise'),
(629, 'rsoares', '189.29.57.146', 'Acessou a Análise', 'audiencia_programa_pracas_especiais', '2015-02-05 13:04:49', 'actionAnalise'),
(630, 'rsoares', '189.29.57.146', 'Acessou a Análise', 'analise_share_mercado_pracas_especiais', '2015-02-05 13:11:03', 'actionAnalise'),
(631, 'rsoares', '189.29.57.146', 'Acessou a Análise', 'audiencia_programa_pracas_especiais', '2015-02-05 13:11:24', 'actionAnalise'),
(632, 'ntonet', '200.193.239.78', 'Acessou a Análise', 'audiencia_programa', '2015-02-05 14:01:56', 'actionAnalise'),
(633, 'rsoares', '189.29.57.146', 'Acessou a Análise', 'audiencia_programa_pracas_especiais', '2015-02-05 14:04:31', 'actionAnalise'),
(634, 'rsoares', '189.29.57.146', 'Acessou a Análise', 'audiencia_programa_pracas_especiais', '2015-02-05 14:17:01', 'actionAnalise'),
(635, 'ntonet', '187.115.94.54', 'Acessou a Análise', 'audiencia_programa', '2015-02-05 14:27:05', 'actionAnalise'),
(636, 'rpbarros', '11.1.116.20', 'Acessou a Análise', 'audiencia_programa_newco', '2015-02-05 14:33:47', 'actionAnalise'),
(637, 'rsoares', '189.29.57.146', 'Acessou a Análise', 'targets_comportamentais', '2015-02-05 14:42:05', 'actionAnalise'),
(638, 'leduardo', '201.49.82.55', 'Acessou a Análise', 'analise_share_mercado_pracas_especiais', '2015-02-05 14:47:03', 'actionAnalise'),
(639, 'leduardo', '201.49.82.55', 'Acessou a Análise', 'agenda_anunciantes_agencia', '2015-02-05 14:48:54', 'actionAnalise'),
(640, 'rrodenbusch', '177.101.208.2', 'Acessou a Análise', 'cpp_cpm', '2015-02-05 15:02:55', 'actionAnalise'),
(641, 'leduardo', '201.49.82.55', 'Acessou a Análise', 'agenda_anunciantes_agencia', '2015-02-05 15:14:01', 'actionAnalise'),
(642, 'leduardo', '201.49.82.55', 'Acessou a Análise', 'audiencia_programa_pracas_especiais', '2015-02-05 15:14:23', 'actionAnalise'),
(643, 'groberti', '11.1.116.20', 'Acessou a Análise', 'perfil_investimento_emissora', '2015-02-05 15:35:51', 'actionAnalise'),
(644, 'groberti', '11.1.116.20', 'Acessou a Análise', 'audiencia_programa_newco', '2015-02-05 15:36:15', 'actionAnalise'),
(645, 'groberti', '11.1.116.20', 'Acessou a Análise', 'audiencia_emissora_newco', '2015-02-05 15:36:32', 'actionAnalise'),
(646, 'kbertoli', '201.49.82.55', 'Acessou a Análise', 'agenda_anunciantes_agencia', '2015-02-05 15:45:46', 'actionAnalise'),
(647, 'kbertoli', '201.49.82.55', 'Acessou a Análise', 'perfil_audiencia_programa', '2015-02-05 15:46:37', 'actionAnalise'),
(648, 'fcouto', '11.1.116.20', 'Acessou a Análise', 'analise_cpp_cpm', '2015-02-05 15:49:37', 'actionAnalise'),
(649, 'leduardo', '201.49.82.55', 'Acessou a Análise', 'perfil_audiencia_programa', '2015-02-05 15:50:10', 'actionAnalise'),
(650, 'leduardo', '201.49.82.55', 'Acessou a Análise', 'perfil_audiencia_programa', '2015-02-05 15:52:45', 'actionAnalise'),
(651, 'refarias', '11.1.116.20', 'Acessou a Análise', 'analise_share_mercado', '2015-02-05 15:53:45', 'actionAnalise'),
(652, 'fcouto', '11.1.116.20', 'Acessou a Análise', 'analise_cpp_cpm', '2015-02-05 16:17:59', 'actionAnalise'),
(653, 'ntonet', '187.115.94.54', 'Acessou a Análise', 'analise_share_mercado_pracas_especiais', '2015-02-05 16:40:02', 'actionAnalise'),
(654, 'ntonet', '187.115.94.54', 'Acessou a Análise', 'analise_share_mercado_pracas_especiais', '2015-02-05 16:52:36', 'actionAnalise'),
(655, 'rsoares', '189.29.57.146', 'Acessou a Análise', 'audiencia_programa_pracas_especiais', '2015-02-05 17:24:30', 'actionAnalise'),
(656, 'rsoares', '189.29.57.146', 'Acessou a Análise', 'cpp_cpm', '2015-02-05 17:28:46', 'actionAnalise'),
(657, 'rsoares', '189.29.57.146', 'Acessou a Análise', 'perfil_investimento_programa', '2015-02-05 17:45:41', 'actionAnalise'),
(658, 'rsoares', '189.29.57.146', 'Acessou a Análise', 'principais_targets_band', '2015-02-05 17:46:59', 'actionAnalise'),
(659, 'rsoares', '189.29.57.146', 'Acessou a Análise', 'prospeccao', '2015-02-05 17:51:56', 'actionAnalise'),
(660, 'cwatanabe', '11.1.108.34', 'Acessou a Análise', 'analise_share_mercado_pracas_especiais', '2015-02-05 17:53:13', 'actionAnalise'),
(661, 'rsoares', '189.29.57.146', 'Acessou a Análise', 'maiores_anunciantes_setor', '2015-02-05 18:00:17', 'actionAnalise'),
(662, 'rsoares', '189.29.57.146', 'Acessou a Análise', 'agenda_anunciantes_agencia', '2015-02-05 18:04:37', 'actionAnalise'),
(663, 'rsoares', '189.29.57.146', 'Acessou a Análise', 'maiores_anunciantes_agencia', '2015-02-05 18:10:30', 'actionAnalise'),
(664, 'mazevedo', '11.1.116.20', 'Acessou a Análise', 'analise_share_mercado', '2015-02-05 19:31:34', 'actionAnalise'),
(665, 'jqueiroz', '11.1.116.20', 'Acessou a Análise', 'sazionalidade_investimento', '2015-02-06 08:35:22', 'actionAnalise'),
(666, 'jqueiroz', '11.1.116.20', 'Acessou a Análise', 'maiores_anunciantes_agencia', '2015-02-06 08:42:01', 'actionAnalise'),
(667, 'jqueiroz', '11.1.116.20', 'Acessou a Análise', 'agenda_anunciantes_agencia', '2015-02-06 08:44:08', 'actionAnalise'),
(668, 'jqueiroz', '11.1.116.20', 'Acessou a Análise', 'sazionalidade_investimento', '2015-02-06 08:48:41', 'actionAnalise'),
(669, 'kbertoli', '191.189.78.52', 'Acessou a Análise', 'analise_share_mercado', '2015-02-06 11:08:27', 'actionAnalise'),
(670, 'kbertoli', '191.189.78.52', 'Acessou a Análise', 'analise_share_mercado', '2015-02-06 11:09:04', 'actionAnalise'),
(671, 'kbertoli', '191.189.78.52', 'Acessou a Análise', 'agenda_anunciantes_agencia', '2015-02-06 11:10:18', 'actionAnalise'),
(672, 'mdasantos', '11.1.116.20', 'Acessou a Análise', 'agenda_anunciantes_agencia', '2015-02-06 11:17:01', 'actionAnalise'),
(673, 'rrodenbusch', '177.101.208.2', 'Acessou a Análise', 'cpp_cpm', '2015-02-06 11:19:41', 'actionAnalise'),
(674, 'mdasantos', '11.1.116.20', 'Acessou a Análise', 'prospeccao', '2015-02-06 11:20:02', 'actionAnalise'),
(675, 'mdasantos', '11.1.116.20', 'Acessou a Análise', 'prospeccao', '2015-02-06 12:47:53', 'actionAnalise'),
(676, 'refarias', '11.1.116.20', 'Acessou a Análise', 'audiencia_emissora', '2015-02-06 13:28:43', 'actionAnalise'),
(677, 'lusantos', '201.49.82.55', 'Acessou a Análise', 'agenda_anunciantes_agencia', '2015-02-06 14:11:43', 'actionAnalise'),
(678, 'lusantos', '201.49.82.55', 'Acessou a Análise', 'maiores_anunciantes_setor', '2015-02-06 14:16:04', 'actionAnalise'),
(679, 'leduardo', '201.49.82.55', 'Acessou a Análise', 'agenda_anunciantes_agencia', '2015-02-06 15:38:02', 'actionAnalise'),
(680, 'fssantos', '201.48.157.10', 'Acessou a Análise', 'analise_share_mercado', '2015-02-06 15:48:24', 'actionAnalise'),
(681, 'fssantos', '201.48.157.10', 'Acessou a Análise', 'audiencia_emissora', '2015-02-06 15:55:45', 'actionAnalise'),
(682, 'lusantos', '201.49.82.55', 'Acessou a Análise', 'agenda_anunciantes_agencia', '2015-02-06 16:04:53', 'actionAnalise'),
(683, 'fssantos', '201.48.157.10', 'Acessou a Análise', 'analise_share_mercado', '2015-02-06 16:23:55', 'actionAnalise'),
(684, 'fssantos', '201.48.157.10', 'Acessou a Análise', 'analise_share_mercado', '2015-02-06 16:24:18', 'actionAnalise'),
(685, 'fssantos', '201.48.157.10', 'Acessou a Análise', 'analise_investimento_meio', '2015-02-06 16:32:02', 'actionAnalise'),
(686, 'fssantos', '201.48.157.10', 'Acessou a Análise', 'audiencia_emissora', '2015-02-06 16:51:03', 'actionAnalise'),
(687, 'fssantos', '201.48.157.10', 'Acessou a Análise', 'audiencia_emissora', '2015-02-06 16:56:07', 'actionAnalise'),
(688, 'fssantos', '201.48.157.10', 'Acessou a Análise', 'analise_share_mercado', '2015-02-06 16:58:55', 'actionAnalise'),
(689, 'fssantos', '201.48.157.10', 'Acessou a Análise', 'tatica_tv_aberta', '2015-02-06 17:09:40', 'actionAnalise'),
(690, 'rrodenbusch', '177.101.208.2', 'Acessou a Análise', 'cpp_cpm', '2015-02-06 17:16:51', 'actionAnalise'),
(691, 'fssantos', '201.48.157.10', 'Acessou a Análise', 'targets_comportamentais', '2015-02-06 17:19:25', 'actionAnalise'),
(692, 'fssantos', '201.48.157.10', 'Acessou a Análise', 'analise_investimento_meio', '2015-02-06 17:20:33', 'actionAnalise'),
(693, 'fssantos', '201.48.157.10', 'Acessou a Análise', 'cpp_cpm', '2015-02-06 17:21:59', 'actionAnalise'),
(694, 'svleite', '201.48.157.10', 'Acessou a Análise', 'midia_dados_2014', '2015-02-06 17:23:42', 'actionAnalise'),
(695, 'svleite', '201.48.157.10', 'Acessou a Análise', 'midia_dados_2014', '2015-02-06 17:24:43', 'actionAnalise'),
(696, 'fssantos', '201.48.157.10', 'Acessou a Análise', 'perfil_investimento_programa', '2015-02-06 17:36:23', 'actionAnalise'),
(697, 'fssantos', '201.48.157.10', 'Acessou a Análise', 'principais_targets_band', '2015-02-06 17:36:38', 'actionAnalise'),
(698, 'fssantos', '201.48.157.10', 'Acessou a Análise', 'analise_investimento_meio', '2015-02-06 17:53:00', 'actionAnalise'),
(699, 'leduardo', '201.49.82.55', 'Acessou a Análise', 'agenda_anunciantes_agencia', '2015-02-06 17:59:18', 'actionAnalise'),
(700, 'leduardo', '201.49.82.55', 'Acessou a Análise', 'analise_share_mercado_pracas_especiais', '2015-02-06 17:59:46', 'actionAnalise'),
(701, 'fssantos', '201.48.157.10', 'Acessou a Análise', 'audiencia_programa', '2015-02-06 18:00:02', 'actionAnalise'),
(702, 'svleite', '201.48.157.10', 'Acessou a Análise', 'audiencia_programa', '2015-02-06 18:00:56', 'actionAnalise'),
(703, 'svleite', '201.48.157.10', 'Acessou a Análise', 'audiencia_programa', '2015-02-06 18:11:35', 'actionAnalise'),
(704, 'crfreitas', '187.54.231.234', 'Acessou a Análise', 'analise_share_mercado', '2015-02-08 02:08:06', 'actionAnalise'),
(705, 'crfreitas', '187.54.231.234', 'Acessou a Análise', 'targets_comportamentais', '2015-02-08 02:20:57', 'actionAnalise'),
(706, 'crfreitas', '187.54.231.234', 'Acessou a Análise', 'desempenho_programas_targets', '2015-02-08 02:26:45', 'actionAnalise'),
(707, 'refarias', '11.1.116.20', 'Acessou a Análise', 'perfil_futebol', '2015-02-09 10:14:46', 'actionAnalise'),
(708, 'lrocha', '201.49.82.55', 'Acessou a Análise', 'tatica_tv_aberta', '2015-02-09 10:21:50', 'actionAnalise'),
(709, 'lrocha', '201.49.82.55', 'Acessou a Análise', 'tatica_tv_aberta', '2015-02-09 10:23:32', 'actionAnalise'),
(710, 'leduardo', '201.49.82.55', 'Acessou a Análise', 'agenda_anunciantes_agencia', '2015-02-09 10:27:23', 'actionAnalise'),
(711, 'leduardo', '201.49.82.55', 'Acessou a Análise', 'agenda_anunciantes_agencia', '2015-02-09 10:27:59', 'actionAnalise'),
(712, 'lnreal', '11.1.116.20', 'Acessou a Análise', 'analise_investimento_meio', '2015-02-09 10:30:42', 'actionAnalise'),
(713, 'lnreal', '11.1.116.20', 'Acessou a Análise', 'perfil_audiencia_programa', '2015-02-09 10:30:53', 'actionAnalise'),
(714, 'lnreal', '11.1.116.20', 'Acessou a Análise', 'audiencia_emissora', '2015-02-09 10:33:35', 'actionAnalise'),
(715, 'lnreal', '11.1.116.20', 'Acessou a Análise', 'analise_investimento_meio', '2015-02-09 10:35:00', 'actionAnalise'),
(716, 'lnreal', '11.1.116.20', 'Acessou a Análise', 'perfil_audiencia_programa', '2015-02-09 10:37:45', 'actionAnalise'),
(717, 'lnreal', '11.1.116.20', 'Acessou a Análise', 'audiencia_programa', '2015-02-09 10:39:17', 'actionAnalise'),
(718, 'lrocha', '201.49.82.55', 'Acessou a Análise', 'tatica_tv_aberta', '2015-02-09 10:43:15', 'actionAnalise'),
(719, 'csoares', '11.1.116.20', 'Acessou a Análise', 'analise_share_mercado', '2015-02-09 10:45:00', 'actionAnalise'),
(720, 'leduardo', '201.49.82.55', 'Acessou a Análise', 'audiencia_programa_pracas_especiais', '2015-02-09 10:53:21', 'actionAnalise'),
(721, 'leduardo', '201.49.82.55', 'Acessou a Análise', 'analise_share_mercado_pracas_especiais', '2015-02-09 11:01:24', 'actionAnalise'),
(722, 'svleite', '201.48.157.10', 'Acessou a Análise', 'midia_dados_2014', '2015-02-09 11:26:58', 'actionAnalise'),
(723, 'leduardo', '201.49.82.55', 'Acessou a Análise', 'analise_share_mercado_pracas_especiais', '2015-02-09 12:05:03', 'actionAnalise'),
(724, 'leduardo', '201.49.82.55', 'Acessou a Análise', 'maiores_anunciantes_setor', '2015-02-09 12:26:09', 'actionAnalise'),
(725, 'leduardo', '201.49.82.55', 'Acessou a Análise', 'agenda_anunciantes_agencia', '2015-02-09 12:41:06', 'actionAnalise'),
(726, 'leduardo', '201.49.82.55', 'Acessou a Análise', 'agenda_anunciantes_agencia', '2015-02-09 12:56:16', 'actionAnalise'),
(727, 'leduardo', '201.49.82.55', 'Acessou a Análise', 'agenda_anunciantes_agencia', '2015-02-09 12:58:11', 'actionAnalise'),
(728, 'lusantos', '201.49.82.55', 'Acessou a Análise', 'agenda_anunciantes_agencia', '2015-02-09 15:14:00', 'actionAnalise'),
(729, 'leduardo', '201.49.82.55', 'Acessou a Análise', 'agenda_anunciantes_agencia', '2015-02-09 15:32:05', 'actionAnalise'),
(730, 'lusantos', '201.49.82.55', 'Acessou a Análise', 'agenda_anunciantes_agencia', '2015-02-09 15:34:26', 'actionAnalise'),
(731, 'mrollo', '11.1.116.20', 'Acessou a Análise', 'midia_dados_2014', '2015-02-09 15:49:24', 'actionAnalise'),
(732, 'rpbarros', '11.1.116.20', 'Acessou a Análise', 'targets_comportamentais', '2015-02-09 15:55:01', 'actionAnalise'),
(733, 'leduardo', '201.49.82.55', 'Acessou a Análise', 'audiencia_programa_pracas_especiais', '2015-02-09 16:00:37', 'actionAnalise'),
(734, 'mprsilva', '11.1.116.20', 'Acessou a Análise', 'analise_share_mercado', '2015-02-09 16:11:42', 'actionAnalise'),
(735, 'lusantos', '201.49.82.55', 'Acessou a Análise', 'maiores_anunciantes_agencia', '2015-02-09 16:14:28', 'actionAnalise'),
(736, 'lusantos', '201.49.82.55', 'Acessou a Análise', 'agenda_anunciantes_agencia', '2015-02-09 16:15:07', 'actionAnalise'),
(737, 'leduardo', '201.49.82.55', 'Acessou a Análise', 'agenda_anunciantes_agencia', '2015-02-09 16:26:26', 'actionAnalise'),
(738, 'lusantos', '201.49.82.55', 'Acessou a Análise', 'agenda_anunciantes_agencia', '2015-02-09 16:34:48', 'actionAnalise'),
(739, 'jveronezi', '187.73.199.5', 'Acessou a Análise', 'analise_share_mercado_pracas_especiais', '2015-02-09 18:01:27', 'actionAnalise'),
(740, 'lusantos', '201.49.82.55', 'Acessou a Análise', 'agenda_anunciantes_agencia', '2015-02-09 18:02:47', 'actionAnalise'),
(741, 'jveronezi', '187.73.199.5', 'Acessou a Análise', 'agenda_anunciantes_agencia', '2015-02-09 18:08:57', 'actionAnalise'),
(742, 'jveronezi', '187.73.199.5', 'Acessou a Análise', 'analise_share_mercado_pracas_especiais', '2015-02-09 18:11:27', 'actionAnalise'),
(743, 'lusantos', '201.49.82.55', 'Acessou a Análise', 'agenda_anunciantes_agencia', '2015-02-09 18:21:09', 'actionAnalise'),
(744, 'lfsousa', '201.48.157.10', 'Acessou a Análise', 'analise_investimento_meio', '2015-02-09 19:38:19', 'actionAnalise'),
(745, 'lcsantos', '201.48.157.10', 'Acessou a Análise', 'analise_investimento_meio', '2015-02-09 19:40:19', 'actionAnalise'),
(746, 'lfsousa', '201.48.157.10', 'Acessou a Análise', 'maiores_anunciantes_setor', '2015-02-09 19:51:25', 'actionAnalise'),
(747, 'lfsousa', '201.48.157.10', 'Acessou a Análise', 'tatica_tv_aberta', '2015-02-09 19:52:36', 'actionAnalise'),
(748, 'lfsousa', '201.48.157.10', 'Acessou a Análise', 'analise_investimento_meio', '2015-02-09 19:53:37', 'actionAnalise'),
(749, 'jqueiroz', '11.1.116.20', 'Acessou a Análise', 'agenda_anunciantes_agencia', '2015-02-10 08:19:27', 'actionAnalise'),
(750, 'atorralba', '11.1.116.20', 'Acessou a Análise', 'analise_investimento_meio', '2015-02-10 08:46:05', 'actionAnalise'),
(751, 'atorralba', '11.1.116.20', 'Acessou a Análise', 'sazionalidade_investimento', '2015-02-10 08:51:54', 'actionAnalise'),
(752, 'dasilva', '11.1.116.20', 'Acessou a Análise', 'agenda_anunciantes_agencia', '2015-02-10 08:52:10', 'actionAnalise'),
(753, 'jqueiroz', '11.1.116.20', 'Acessou a Análise', 'analise_investimento_meio', '2015-02-10 08:56:46', 'actionAnalise'),
(754, 'ereversi', '189.35.251.180', 'Acessou a Análise', 'analise_investimento_meio', '2015-02-10 09:03:37', 'actionAnalise'),
(755, 'jveronezi', '187.73.199.5', 'Acessou a Análise', 'analise_share_mercado_pracas_especiais', '2015-02-10 09:03:42', 'actionAnalise'),
(756, 'jveronezi', '187.73.199.5', 'Acessou a Análise', 'sazionalidade_investimento', '2015-02-10 09:04:29', 'actionAnalise'),
(757, 'ereversi', '189.35.251.180', 'Acessou a Análise', 'agenda_anunciantes_agencia', '2015-02-10 09:04:53', 'actionAnalise'),
(758, 'jveronezi', '187.73.199.5', 'Acessou a Análise', 'agenda_anunciantes_agencia', '2015-02-10 09:06:36', 'actionAnalise'),
(759, 'leduardo', '201.49.82.55', 'Acessou a Análise', 'audiencia_programa_pracas_especiais', '2015-02-10 09:42:07', 'actionAnalise'),
(760, 'leduardo', '201.49.82.55', 'Acessou a Análise', 'agenda_anunciantes_agencia', '2015-02-10 09:48:57', 'actionAnalise'),
(761, 'leduardo', '201.49.82.55', 'Acessou a Análise', 'agenda_anunciantes_agencia', '2015-02-10 10:01:15', 'actionAnalise'),
(762, 'jveronezi', '187.73.199.5', 'Acessou a Análise', 'audiencia_programa_pracas_especiais', '2015-02-10 10:05:41', 'actionAnalise'),
(763, 'rpbarros', '11.1.116.20', 'Acessou a Análise', 'audiencia_emissora_newco', '2015-02-10 10:31:22', 'actionAnalise'),
(764, 'rpbarros', '11.1.116.20', 'Acessou a Análise', 'audiencia_programa_newco', '2015-02-10 10:33:48', 'actionAnalise'),
(765, 'aracatuba', '189.29.57.146', 'Acessou a Análise', 'agenda_anunciantes_agencia', '2015-02-10 10:34:06', 'actionAnalise'),
(766, 'rpbarros', '11.1.116.20', 'Acessou a Análise', 'anunciantes_agencia', '2015-02-10 10:37:28', 'actionAnalise'),
(767, 'rpbarros', '11.1.116.20', 'Acessou a Análise', 'agenda_anunciantes_newco', '2015-02-10 10:41:57', 'actionAnalise'),
(768, 'ssitchin', '11.1.116.20', 'Acessou a Análise', 'analise_share_mercado', '2015-02-10 11:01:33', 'actionAnalise'),
(769, 'ssitchin', '11.1.116.20', 'Acessou a Análise', 'analise_share_mercado', '2015-02-10 11:06:22', 'actionAnalise'),
(770, 'rsoares', '189.29.57.146', 'Acessou a Análise', 'agenda_anunciantes_agencia', '2015-02-10 11:14:25', 'actionAnalise'),
(771, 'ssitchin', '11.1.116.20', 'Acessou a Análise', 'analise_share_mercado', '2015-02-10 11:16:51', 'actionAnalise'),
(772, 'rsoares', '189.29.57.146', 'Acessou a Análise', 'prospeccao', '2015-02-10 11:18:01', 'actionAnalise'),
(773, 'aracatuba', '189.29.57.146', 'Acessou a Análise', 'analise_share_mercado_pracas_especiais', '2015-02-10 11:23:50', 'actionAnalise'),
(774, 'leduardo', '201.49.82.55', 'Acessou a Análise', 'agenda_anunciantes_agencia', '2015-02-10 11:24:16', 'actionAnalise'),
(775, 'ney', '11.1.116.20', 'Acessou a Análise', 'midia_fatos_2014', '2015-02-10 11:26:05', 'actionAnalise'),
(776, 'rsoares', '189.29.57.146', 'Acessou a Análise', 'maiores_anunciantes_agencia', '2015-02-10 11:28:08', 'actionAnalise'),
(777, 'rsoares', '189.29.57.146', 'Acessou a Análise', 'analise_share_mercado_pracas_especiais', '2015-02-10 11:28:55', 'actionAnalise'),
(778, 'aracatuba', '189.29.57.146', 'Acessou a Análise', 'analise_share_mercado_pracas_especiais', '2015-02-10 11:29:50', 'actionAnalise'),
(779, 'rsoares', '189.29.57.146', 'Acessou a Análise', 'analise_share_mercado_pracas_especiais', '2015-02-10 11:31:07', 'actionAnalise'),
(780, 'rsoares', '189.29.57.146', 'Acessou a Análise', 'agenda_anunciantes_agencia', '2015-02-10 11:33:18', 'actionAnalise'),
(781, 'leduardo', '201.49.82.55', 'Acessou a Análise', 'agenda_anunciantes_agencia', '2015-02-10 11:42:21', 'actionAnalise'),
(782, 'cokumura', '201.49.82.55', 'Acessou a Análise', 'agenda_anunciantes_agencia', '2015-02-10 11:44:30', 'actionAnalise'),
(783, 'cokumura', '201.49.82.55', 'Acessou a Análise', 'agenda_anunciantes_agencia', '2015-02-10 11:49:52', 'actionAnalise'),
(784, 'ereversi', '187.39.11.168', 'Acessou a Análise', 'agenda_anunciantes_agencia', '2015-02-10 11:50:59', 'actionAnalise'),
(785, 'leduardo', '201.49.82.55', 'Acessou a Análise', 'agenda_anunciantes_agencia', '2015-02-10 11:51:50', 'actionAnalise'),
(786, 'lusantos', '201.49.82.55', 'Acessou a Análise', 'agenda_anunciantes_agencia', '2015-02-10 11:53:33', 'actionAnalise'),
(787, 'leduardo', '201.49.82.55', 'Acessou a Análise', 'agenda_anunciantes_agencia', '2015-02-10 12:42:57', 'actionAnalise'),
(788, 'leduardo', '201.49.82.55', 'Acessou a Análise', 'analise_share_mercado_pracas_especiais', '2015-02-10 12:45:19', 'actionAnalise'),
(789, 'leduardo', '201.49.82.55', 'Acessou a Análise', 'agenda_anunciantes_agencia', '2015-02-10 13:04:28', 'actionAnalise'),
(790, 'frpereira', '189.125.148.4', 'Acessou a Análise', 'analise_share_mercado_pracas_especiais', '2015-02-10 13:48:26', 'actionAnalise'),
(791, 'ntonet', '187.115.94.54', 'Acessou a Análise', 'audiencia_programa', '2015-02-10 14:07:56', 'actionAnalise'),
(792, 'rpbarros', '11.1.116.20', 'Acessou a Análise', 'prospeccao', '2015-02-10 14:50:48', 'actionAnalise'),
(793, 'rpbarros', '11.1.116.20', 'Acessou a Análise', 'perfil_investimento_programa', '2015-02-10 14:52:01', 'actionAnalise'),
(794, 'jveronezi', '187.73.199.5', 'Acessou a Análise', 'analise_share_mercado_pracas_especiais', '2015-02-10 15:05:28', 'actionAnalise'),
(795, 'jveronezi', '187.73.199.5', 'Acessou a Análise', 'agenda_anunciantes_agencia', '2015-02-10 15:13:17', 'actionAnalise'),
(796, 'leduardo', '201.49.82.55', 'Acessou a Análise', 'agenda_anunciantes_agencia', '2015-02-10 15:25:34', 'actionAnalise'),
(797, 'jveronezi', '187.73.199.5', 'Acessou a Análise', 'agenda_anunciantes_agencia', '2015-02-10 15:32:40', 'actionAnalise'),
(798, 'leduardo', '201.49.82.55', 'Acessou a Análise', 'analise_share_mercado_pracas_especiais', '2015-02-10 15:34:35', 'actionAnalise'),
(799, 'leduardo', '201.49.82.55', 'Acessou a Análise', 'agenda_anunciantes_agencia', '2015-02-10 15:34:43', 'actionAnalise'),
(800, 'fcouto', '11.1.116.20', 'Acessou a Análise', 'agenda_anunciantes_newco', '2015-02-10 15:57:54', 'actionAnalise'),
(801, 'fcouto', '11.1.116.20', 'Acessou a Análise', 'agenda_anunciantes_agencia', '2015-02-10 15:58:22', 'actionAnalise'),
(802, 'fcouto', '11.1.116.20', 'Acessou a Análise', 'inter_meios', '2015-02-10 16:04:30', 'actionAnalise'),
(803, 'fcouto', '11.1.116.20', 'Acessou a Análise', 'perfil_investimento_emissora', '2015-02-10 16:05:07', 'actionAnalise'),
(804, 'vbarros', '11.1.116.20', 'Acessou a Análise', 'targets_comportamentais', '2015-02-10 16:05:59', 'actionAnalise'),
(805, 'vbarros', '11.1.116.20', 'Acessou a Análise', 'analise_investimento_meio', '2015-02-10 16:06:40', 'actionAnalise'),
(806, 'fcouto', '11.1.116.20', 'Acessou a Análise', 'analise_investimento_meio', '2015-02-10 16:07:01', 'actionAnalise'),
(807, 'vbarros', '11.1.116.20', 'Acessou a Análise', 'agenda_anunciantes_newco', '2015-02-10 16:10:10', 'actionAnalise'),
(808, 'lnreal', '11.1.116.20', 'Acessou a Análise', 'analise_investimento_meio', '2015-02-10 16:21:06', 'actionAnalise'),
(809, 'lnreal', '11.1.116.20', 'Acessou a Análise', 'analise_share_mercado', '2015-02-10 16:21:16', 'actionAnalise'),
(810, 'leduardo', '201.49.82.55', 'Acessou a Análise', 'agenda_anunciantes_agencia', '2015-02-10 16:24:55', 'actionAnalise'),
(811, 'lnreal', '11.1.116.20', 'Acessou a Análise', 'analise_investimento_meio', '2015-02-10 16:36:25', 'actionAnalise'),
(812, 'refarias', '11.1.116.20', 'Acessou a Análise', 'prospeccao', '2015-02-10 16:39:17', 'actionAnalise'),
(813, 'fcouto', '11.1.116.20', 'Acessou a Análise', 'agenda_anunciantes_agencia', '2015-02-10 16:42:42', 'actionAnalise'),
(814, 'lnreal', '11.1.116.20', 'Acessou a Análise', 'perfil_audiencia_programa', '2015-02-10 16:45:46', 'actionAnalise'),
(815, 'lnreal', '11.1.116.20', 'Acessou a Análise', 'analise_investimento_meio', '2015-02-10 16:46:25', 'actionAnalise'),
(816, 'lnreal', '11.1.116.20', 'Acessou a Análise', 'analise_share_mercado', '2015-02-10 16:46:36', 'actionAnalise'),
(817, 'msanches', '11.1.116.20', 'Acessou a Análise', 'audiencia_emissora_newco', '2015-02-10 17:05:31', 'actionAnalise'),
(818, 'lnreal', '11.1.116.20', 'Acessou a Análise', 'tatica_tv_aberta', '2015-02-10 17:17:56', 'actionAnalise'),
(819, 'ssitchin', '11.1.116.20', 'Acessou a Análise', 'analise_share_mercado', '2015-02-10 17:24:25', 'actionAnalise'),
(820, 'lnreal', '11.1.116.20', 'Acessou a Análise', 'analise_share_mercado', '2015-02-10 17:38:10', 'actionAnalise'),
(821, 'lnreal', '11.1.116.20', 'Acessou a Análise', 'analise_investimento_meio', '2015-02-10 17:52:26', 'actionAnalise'),
(822, 'lnreal', '11.1.116.20', 'Acessou a Análise', 'audiencia_programa', '2015-02-10 17:52:41', 'actionAnalise'),
(823, 'ereversi', '189.35.251.180', 'Acessou a Análise', 'audiencia_programa_pracas_especiais', '2015-02-10 19:45:25', 'actionAnalise'),
(824, 'lfsousa', '201.48.157.10', 'Acessou a Análise', 'analise_investimento_meio', '2015-02-11 09:26:24', 'actionAnalise'),
(825, 'jveronezi', '187.73.199.5', 'Acessou a Análise', 'maiores_anunciantes_agencia', '2015-02-11 10:01:56', 'actionAnalise'),
(826, 'jveronezi', '187.73.199.5', 'Acessou a Análise', 'agenda_anunciantes_agencia', '2015-02-11 10:05:13', 'actionAnalise'),
(827, 'jveronezi', '187.73.199.5', 'Acessou a Análise', 'sazionalidade_investimento', '2015-02-11 10:06:08', 'actionAnalise'),
(828, 'jveronezi', '187.73.199.5', 'Acessou a Análise', 'maiores_anunciantes_setor', '2015-02-11 10:14:32', 'actionAnalise');
INSERT INTO `log` (`id_log`, `usuario_log`, `ip_log`, `acao_log`, `ref_log`, `data_log`, `descricao_log`) VALUES
(829, 'jveronezi', '187.73.199.5', 'Acessou a Análise', 'analise_investimento_meio', '2015-02-11 10:15:57', 'actionAnalise'),
(830, 'lfsousa', '201.48.157.10', 'Acessou a Análise', 'analise_investimento_meio', '2015-02-11 10:57:44', 'actionAnalise'),
(831, 'lusantos', '201.49.82.55', 'Acessou a Análise', 'agenda_anunciantes_agencia', '2015-02-11 11:22:20', 'actionAnalise'),
(832, 'rcbraga', '11.1.116.20', 'Acessou a Análise', 'analise_investimento_meio', '2015-02-11 11:26:20', 'actionAnalise'),
(833, 'lusantos', '201.49.82.55', 'Acessou a Análise', 'agenda_anunciantes_agencia', '2015-02-11 11:45:40', 'actionAnalise'),
(834, 'refarias', '11.1.116.20', 'Acessou a Análise', 'perfil_audiencia_programa', '2015-02-11 11:59:30', 'actionAnalise'),
(835, 'lusantos', '201.49.82.55', 'Acessou a Análise', 'agenda_anunciantes_agencia', '2015-02-11 12:09:02', 'actionAnalise'),
(836, 'dibarreta', '200.215.221.194', 'Acessou a Análise', 'tatica_tv_aberta', '2015-02-11 15:31:43', 'actionAnalise'),
(837, 'leduardo', '201.49.82.55', 'Acessou a Análise', 'analise_share_mercado_pracas_especiais', '2015-02-11 16:30:55', 'actionAnalise'),
(838, 'ghumar', '11.1.116.20', 'Acessou a Análise', 'tatica_tv_aberta', '2015-02-11 16:37:36', 'actionAnalise'),
(839, 'ghumar', '11.1.116.20', 'Acessou a Análise', 'perfil_investimento_programa', '2015-02-11 16:40:25', 'actionAnalise'),
(840, 'ghumar', '11.1.116.20', 'Acessou a Análise', 'inter_meios', '2015-02-11 16:42:55', 'actionAnalise'),
(841, 'ghumar', '11.1.116.20', 'Acessou a Análise', 'analise_share_mercado', '2015-02-11 16:43:18', 'actionAnalise'),
(842, 'msanches', '11.1.116.20', 'Acessou a Análise', 'desempenho_programas_targets', '2015-02-11 17:19:33', 'actionAnalise'),
(843, 'lusantos', '201.49.82.55', 'Acessou a Análise', 'agenda_anunciantes_agencia', '2015-02-11 17:34:01', 'actionAnalise'),
(844, 'tbonan', '201.49.82.55', 'Acessou a Análise', 'agenda_anunciantes_agencia', '2015-02-12 09:02:03', 'actionAnalise'),
(845, 'leduardo', '201.49.82.55', 'Acessou a Análise', 'maiores_anunciantes_agencia', '2015-02-12 09:08:01', 'actionAnalise'),
(846, 'leduardo', '201.49.82.55', 'Acessou a Análise', 'agenda_anunciantes_agencia', '2015-02-12 09:12:15', 'actionAnalise'),
(847, 'leduardo', '201.49.82.55', 'Acessou a Análise', 'maiores_anunciantes_agencia', '2015-02-12 09:14:13', 'actionAnalise'),
(848, 'leduardo', '201.49.82.55', 'Acessou a Análise', 'agenda_anunciantes_agencia', '2015-02-12 09:17:49', 'actionAnalise'),
(849, 'jveronezi', '187.73.199.5', 'Acessou a Análise', 'analise_share_mercado_pracas_especiais', '2015-02-12 10:02:30', 'actionAnalise'),
(850, 'jveronezi', '187.73.199.5', 'Acessou a Análise', 'analise_investimento_meio', '2015-02-12 10:16:06', 'actionAnalise'),
(851, 'msilveira', '11.1.116.20', 'Acessou a Análise', 'desempenho_programas_targets', '2015-02-12 11:04:08', 'actionAnalise'),
(852, 'refarias', '11.1.116.20', 'Acessou a Análise', 'perfil_futebol', '2015-02-12 11:47:09', 'actionAnalise'),
(853, 'fcouto', '11.1.116.20', 'Acessou a Análise', 'agenda_anunciantes_agencia', '2015-02-12 11:54:33', 'actionAnalise'),
(854, 'rsoares', '189.29.57.146', 'Acessou a Análise', 'audiencia_programa_pracas_especiais', '2015-02-12 12:47:19', 'actionAnalise'),
(855, 'kbertoli', '201.49.82.55', 'Acessou a Análise', 'audiencia_programa_pracas_especiais', '2015-02-12 13:40:44', 'actionAnalise'),
(856, 'msanches', '11.1.116.20', 'Acessou a Análise', 'desempenho_programas_targets', '2015-02-12 14:37:43', 'actionAnalise'),
(857, 'msanches', '11.1.116.20', 'Acessou a Análise', 'desempenho_programas_targets', '2015-02-12 14:40:06', 'actionAnalise'),
(858, 'groberti', '11.1.116.20', 'Acessou a Análise', 'agenda_anunciantes_agencia', '2015-02-12 16:37:19', 'actionAnalise'),
(859, 'leduardo', '201.49.82.55', 'Acessou a Análise', 'maiores_anunciantes_agencia', '2015-02-12 16:46:44', 'actionAnalise'),
(860, 'leduardo', '201.49.82.55', 'Acessou a Análise', 'agenda_anunciantes_agencia', '2015-02-12 16:58:47', 'actionAnalise'),
(861, 'groberti', '11.1.116.20', 'Acessou a Análise', 'agenda_anunciantes_outernet', '2015-02-12 17:06:03', 'actionAnalise'),
(862, 'groberti', '11.1.116.20', 'Acessou a Análise', 'agenda_anunciantes_agencia', '2015-02-12 18:21:29', 'actionAnalise'),
(863, 'groberti', '11.1.116.20', 'Acessou a Análise', 'sazionalidade_investimento', '2015-02-12 18:44:37', 'actionAnalise'),
(864, 'frpereira', '11.1.116.20', 'Acessou a Análise', 'analise_share_mercado', '2015-02-13 14:28:18', 'actionAnalise'),
(865, 'msilveira', '11.1.116.20', 'Acessou a Análise', 'audiencia_programa_newco', '2015-02-13 15:56:01', 'actionAnalise'),
(866, 'msilveira', '11.1.116.20', 'Acessou a Análise', 'audiencia_programa_newco', '2015-02-13 16:01:23', 'actionAnalise'),
(867, 'vbarros', '11.1.116.20', 'Acessou a Análise', 'analise_share_mercado', '2015-02-13 16:42:17', 'actionAnalise'),
(868, 'rmiller', '11.1.116.20', 'Acessou a Análise', 'analise_cpp_cpm', '2015-02-13 17:06:45', 'actionAnalise'),
(869, 'dibarreta', '200.215.221.194', 'Acessou a Análise', 'tatica_tv_aberta', '2015-02-13 18:29:28', 'actionAnalise'),
(870, 'dibarreta', '177.19.179.203', 'Acessou a Análise', 'inter_meios', '2015-02-13 18:32:41', 'actionAnalise'),
(871, 'dibarreta', '200.215.221.194', 'Acessou a Análise', 'analise_cpp_cpm', '2015-02-13 18:38:18', 'actionAnalise'),
(872, 'rsoares', '189.29.57.146', 'Acessou a Análise', 'audiencia_programa_pracas_especiais', '2015-02-18 10:00:31', 'actionAnalise'),
(873, 'lrocha', '201.49.82.55', 'Acessou a Análise', 'prospeccao', '2015-02-18 11:14:51', 'actionAnalise'),
(874, 'tbonan', '201.49.82.55', 'Acessou a Análise', 'analise_share_mercado', '2015-02-18 11:16:52', 'actionAnalise'),
(875, 'lrocha', '201.49.82.55', 'Acessou a Análise', 'analise_share_mercado', '2015-02-18 11:23:49', 'actionAnalise'),
(876, 'rbueno', '177.159.174.48', 'Acessou a Análise', 'tatica_tv_aberta', '2015-02-18 14:30:22', 'actionAnalise'),
(877, 'mcapassi', '11.1.116.20', 'Acessou a Análise', 'audiencia_programa_newco', '2015-02-18 15:14:30', 'actionAnalise'),
(878, 'mcapassi', '11.1.116.20', 'Acessou a Análise', 'audiencia_programa_newco', '2015-02-18 15:16:10', 'actionAnalise'),
(879, 'fcouto', '11.1.116.20', 'Acessou a Análise', 'agenda_anunciantes_newco', '2015-02-18 15:16:45', 'actionAnalise'),
(880, 'mcapassi', '11.1.116.20', 'Acessou a Análise', 'audiencia_programa_newco', '2015-02-18 15:17:24', 'actionAnalise'),
(881, 'mcapassi', '11.1.116.20', 'Acessou a Análise', 'audiencia_emissora_newco', '2015-02-18 15:20:09', 'actionAnalise'),
(882, 'mcapassi', '11.1.116.20', 'Acessou a Análise', 'audiencia_programa_newco', '2015-02-18 15:24:44', 'actionAnalise'),
(883, 'msanches', '11.1.116.20', 'Acessou a Análise', 'audiencia_emissora_newco', '2015-02-18 15:28:19', 'actionAnalise'),
(884, 'mcapassi', '11.1.116.20', 'Acessou a Análise', 'audiencia_emissora_newco', '2015-02-18 15:28:33', 'actionAnalise'),
(885, 'mcapassi', '11.1.116.20', 'Acessou a Análise', 'desempenho_programas_targets', '2015-02-18 15:32:32', 'actionAnalise'),
(886, 'mcapassi', '11.1.116.20', 'Acessou a Análise', 'desempenho_programas_targets', '2015-02-18 15:39:16', 'actionAnalise'),
(887, 'jpcosta', '177.159.174.45', 'Acessou a Análise', 'tatica_tv_aberta', '2015-02-18 15:50:37', 'actionAnalise'),
(888, 'jpcosta', '177.159.174.45', 'Acessou a Análise', 'analise_share_mercado', '2015-02-18 16:00:18', 'actionAnalise'),
(889, 'jpcosta', '177.159.174.45', 'Acessou a Análise', 'cpp_cpm', '2015-02-18 16:11:30', 'actionAnalise'),
(890, 'cokumura', '72.246.216.154', 'Acessou a Análise', 'agenda_anunciantes_agencia', '2015-02-18 16:19:45', 'actionAnalise'),
(891, 'jpcosta', '177.159.174.45', 'Acessou a Análise', 'tatica_tv_aberta', '2015-02-18 16:30:46', 'actionAnalise'),
(892, 'fcouto', '11.1.116.20', 'Acessou a Análise', 'agenda_anunciantes_agencia', '2015-02-18 16:39:02', 'actionAnalise'),
(893, 'tbonan', '72.246.216.154', 'Acessou a Análise', 'analise_investimento_meio', '2015-02-18 17:05:23', 'actionAnalise'),
(894, 'tbonan', '72.246.216.149', 'Acessou a Análise', 'agenda_anunciantes_agencia', '2015-02-18 17:08:44', 'actionAnalise'),
(895, 'cokumura', '72.246.216.154', 'Acessou a Análise', 'agenda_anunciantes_agencia', '2015-02-18 17:58:16', 'actionAnalise'),
(896, 'lusantos', '72.246.216.154', 'Acessou a Análise', 'agenda_anunciantes_agencia', '2015-02-18 18:04:31', 'actionAnalise'),
(897, 'cokumura', '72.246.216.154', 'Acessou a Análise', 'audiencia_programa_pracas_especiais', '2015-02-18 18:18:15', 'actionAnalise'),
(898, 'frpereira', '72.246.216.154', 'Acessou a Análise', 'prospeccao', '2015-02-18 18:23:02', 'actionAnalise'),
(899, 'csoares', '11.1.116.20', 'Acessou a Análise', 'cpp_cpm', '2015-02-18 18:37:17', 'actionAnalise'),
(900, 'rmiller', '11.1.116.20', 'Acessou a Análise', 'analise_cpp_cpm', '2015-02-18 18:46:34', 'actionAnalise'),
(901, 'rmiller', '11.1.116.20', 'Acessou a Análise', 'cpp_cpm', '2015-02-18 18:47:01', 'actionAnalise'),
(902, 'rsoares', '177.159.174.5', 'Acessou a Análise', 'cpp_cpm', '2015-02-19 08:45:14', 'actionAnalise'),
(903, 'rsoares', '177.159.174.5', 'Acessou a Análise', 'audiencia_programa_pracas_especiais', '2015-02-19 08:50:12', 'actionAnalise'),
(904, 'aracatuba', '177.159.181.152', 'Acessou a Análise', 'cpp_cpm', '2015-02-19 08:51:48', 'actionAnalise'),
(905, 'gqueiroz', '72.246.216.154', 'Acessou a Análise', 'analise_share_mercado', '2015-02-19 09:06:03', 'actionAnalise'),
(906, 'rsoares', '69.31.17.27', 'Acessou a Análise', 'audiencia_programa_pracas_especiais', '2015-02-19 09:25:44', 'actionAnalise'),
(907, 'jveronezi', '11.1.116.20', 'Acessou a Análise', 'agenda_anunciantes_agencia', '2015-02-19 09:27:09', 'actionAnalise'),
(908, 'jveronezi', '11.1.116.20', 'Acessou a Análise', 'agenda_anunciantes_agencia', '2015-02-19 09:35:25', 'actionAnalise'),
(909, 'jveronezi', '11.1.116.20', 'Acessou a Análise', 'agenda_anunciantes_agencia', '2015-02-19 09:39:09', 'actionAnalise'),
(910, 'jveronezi', '11.1.116.20', 'Acessou a Análise', 'agenda_anunciantes_agencia', '2015-02-19 09:39:58', 'actionAnalise'),
(911, 'jveronezi', '11.1.116.20', 'Acessou a Análise', 'agenda_anunciantes_agencia', '2015-02-19 09:41:39', 'actionAnalise'),
(912, 'jveronezi', '11.1.116.20', 'Acessou a Análise', 'agenda_anunciantes_agencia', '2015-02-19 09:43:03', 'actionAnalise'),
(913, 'jveronezi', '11.1.116.20', 'Acessou a Análise', 'analise_share_mercado_pracas_especiais', '2015-02-19 09:43:23', 'actionAnalise'),
(914, 'jveronezi', '11.1.116.20', 'Acessou a Análise', 'analise_share_mercado_pracas_especiais', '2015-02-19 09:44:11', 'actionAnalise'),
(915, 'jveronezi', '11.1.116.20', 'Acessou a Análise', 'analise_share_mercado_pracas_especiais', '2015-02-19 09:44:38', 'actionAnalise'),
(916, 'fssantos', '177.159.181.150', 'Acessou a Análise', 'audiencia_programa', '2015-02-19 09:44:39', 'actionAnalise'),
(917, 'jveronezi', '11.1.116.20', 'Acessou a Análise', 'analise_share_mercado_pracas_especiais', '2015-02-19 09:45:56', 'actionAnalise'),
(918, 'rsoares', '24.143.197.204', 'Acessou a Análise', 'agenda_anunciantes_agencia', '2015-02-19 09:46:19', 'actionAnalise'),
(919, 'fssantos', '177.159.181.152', 'Acessou a Análise', 'audiencia_programa', '2015-02-19 09:46:20', 'actionAnalise'),
(920, 'jveronezi', '11.1.116.20', 'Acessou a Análise', 'analise_share_mercado_pracas_especiais', '2015-02-19 09:46:22', 'actionAnalise'),
(921, 'msilveira', '11.1.116.20', 'Acessou a Análise', 'audiencia_programa_newco', '2015-02-19 09:51:01', 'actionAnalise'),
(922, 'rsoares', '24.143.197.204', 'Acessou a Análise', 'maiores_anunciantes_mercado', '2015-02-19 09:51:50', 'actionAnalise'),
(923, 'rsoares', '24.143.197.204', 'Acessou a Análise', 'analise_share_mercado_pracas_especiais', '2015-02-19 09:58:10', 'actionAnalise'),
(924, 'rsoares', '24.143.197.204', 'Acessou a Análise', 'prospeccao', '2015-02-19 10:06:59', 'actionAnalise'),
(925, 'rsoares', '24.143.197.204', 'Acessou a Análise', 'agenda_anunciantes_agencia', '2015-02-19 10:10:20', 'actionAnalise'),
(926, 'rsoares', '24.143.197.204', 'Acessou a Análise', 'perfil_audiencia_programa', '2015-02-19 10:11:05', 'actionAnalise'),
(927, 'rcbraga', '11.1.116.20', 'Acessou a Análise', 'analise_share_mercado', '2015-02-19 10:12:44', 'actionAnalise'),
(928, 'rsoares', '24.143.197.204', 'Acessou a Análise', 'principais_targets_band', '2015-02-19 10:13:00', 'actionAnalise'),
(929, 'rsoares', '24.143.197.204', 'Acessou a Análise', 'perfil_audiencia_programa', '2015-02-19 10:13:46', 'actionAnalise'),
(930, 'rsoares', '24.143.197.204', 'Acessou a Análise', 'midia_fatos_2014', '2015-02-19 10:14:19', 'actionAnalise'),
(931, 'rsoares', '24.143.197.204', 'Acessou a Análise', 'targets_comportamentais', '2015-02-19 10:14:58', 'actionAnalise'),
(932, 'dasilva', '72.246.216.154', 'Acessou a Análise', 'agenda_anunciantes_agencia', '2015-02-19 10:39:48', 'actionAnalise'),
(933, 'dasilva', '72.246.216.154', 'Acessou a Análise', 'analise_share_mercado', '2015-02-19 10:42:10', 'actionAnalise'),
(934, 'jpcosta', '177.159.174.5', 'Acessou a Análise', 'analise_share_mercado', '2015-02-19 11:13:44', 'actionAnalise'),
(935, 'groberti', '11.1.116.20', 'Acessou a Análise', 'maiores_anunciantes_setor', '2015-02-19 11:20:27', 'actionAnalise'),
(936, 'msilveira', '11.1.116.20', 'Acessou a Análise', 'desempenho_programas_targets', '2015-02-19 11:38:38', 'actionAnalise'),
(937, 'msilveira', '11.1.116.20', 'Acessou a Análise', 'audiencia_programa_newco', '2015-02-19 11:44:14', 'actionAnalise'),
(938, 'svleite', '177.159.181.152', 'Acessou a Análise', 'perfil_audiencia_programa', '2015-02-19 12:00:26', 'actionAnalise'),
(939, 'jpcosta', '177.159.174.45', 'Acessou a Análise', 'tatica_tv_aberta', '2015-02-19 12:03:00', 'actionAnalise'),
(940, 'jpcosta', '177.159.174.45', 'Acessou a Análise', 'tatica_tv_aberta', '2015-02-19 12:03:32', 'actionAnalise'),
(941, 'jpcosta', '177.159.174.5', 'Acessou a Análise', 'tatica_tv_aberta', '2015-02-19 12:03:58', 'actionAnalise'),
(942, 'jpcosta', '177.159.174.45', 'Acessou a Análise', 'sazionalidade_investimento', '2015-02-19 12:11:00', 'actionAnalise'),
(943, 'jpcosta', '177.159.174.5', 'Acessou a Análise', 'agenda_anunciantes_agencia', '2015-02-19 12:14:04', 'actionAnalise'),
(944, 'jpcosta', '177.159.174.45', 'Acessou a Análise', 'analise_share_mercado', '2015-02-19 12:17:37', 'actionAnalise'),
(945, 'groberti', '11.1.116.20', 'Acessou a Análise', 'maiores_anunciantes_setor', '2015-02-19 12:17:52', 'actionAnalise'),
(946, 'lnreal', '11.1.116.20', 'Acessou a Análise', 'analise_investimento_meio', '2015-02-19 12:49:26', 'actionAnalise'),
(947, 'lnreal', '11.1.116.20', 'Acessou a Análise', 'tatica_tv_aberta', '2015-02-19 12:49:43', 'actionAnalise'),
(948, 'mcapassi', '11.1.116.20', 'Acessou a Análise', 'desempenho_programas_targets', '2015-02-19 14:57:17', 'actionAnalise'),
(949, 'mcapassi', '11.1.116.20', 'Acessou a Análise', 'desempenho_programas_targets', '2015-02-19 15:03:40', 'actionAnalise'),
(950, 'mcapassi', '11.1.116.20', 'Acessou a Análise', 'desempenho_programas_targets', '2015-02-19 15:08:04', 'actionAnalise'),
(951, 'mcapassi', '11.1.116.20', 'Acessou a Análise', 'desempenho_programas_targets', '2015-02-19 15:15:46', 'actionAnalise'),
(952, 'mcapassi', '11.1.116.20', 'Acessou a Análise', 'desempenho_programas_targets', '2015-02-19 15:18:18', 'actionAnalise'),
(953, 'rcbraga', '11.1.116.20', 'Acessou a Análise', 'analise_share_mercado', '2015-02-19 15:18:47', 'actionAnalise'),
(954, 'mcapassi', '11.1.116.20', 'Acessou a Análise', 'desempenho_programas_targets', '2015-02-19 15:22:22', 'actionAnalise'),
(955, 'csoares', '11.1.116.20', 'Acessou a Análise', 'analise_share_mercado', '2015-02-19 15:29:29', 'actionAnalise'),
(956, 'csoares', '11.1.116.20', 'Acessou a Análise', 'analise_share_mercado', '2015-02-19 15:30:17', 'actionAnalise'),
(957, 'csoares', '11.1.116.20', 'Acessou a Análise', 'sazionalidade_investimento', '2015-02-19 15:30:37', 'actionAnalise'),
(958, 'csoares', '11.1.116.20', 'Acessou a Análise', 'analise_share_mercado', '2015-02-19 15:31:18', 'actionAnalise'),
(959, 'groberti', '11.1.116.20', 'Acessou a Análise', 'agenda_anunciantes_agencia', '2015-02-19 15:40:10', 'actionAnalise'),
(960, 'csoares', '11.1.116.20', 'Acessou a Análise', 'sazionalidade_investimento', '2015-02-19 15:47:45', 'actionAnalise'),
(961, 'csoares', '11.1.116.20', 'Acessou a Análise', 'cpp_cpm', '2015-02-19 15:50:09', 'actionAnalise'),
(962, 'fcouto', '11.1.116.20', 'Acessou a Análise', 'agenda_anunciantes_agencia', '2015-02-19 15:51:10', 'actionAnalise'),
(963, 'csoares', '11.1.116.20', 'Acessou a Análise', 'tatica_tv_aberta', '2015-02-19 15:54:46', 'actionAnalise'),
(964, 'groberti', '11.1.116.20', 'Acessou a Análise', 'prospeccao', '2015-02-19 15:58:36', 'actionAnalise'),
(965, 'lacarvalho', '72.246.216.154', 'Acessou a Análise', 'analise_share_mercado', '2015-02-19 16:07:59', 'actionAnalise'),
(966, 'kbertoli', '72.246.216.144', 'Acessou a Análise', 'agenda_anunciantes_agencia', '2015-02-19 16:12:41', 'actionAnalise'),
(967, 'kbertoli', '72.246.216.154', 'Acessou a Análise', 'agenda_anunciantes_agencia', '2015-02-19 16:38:15', 'actionAnalise'),
(968, 'lnreal', '11.1.116.20', 'Acessou a Análise', 'analise_investimento_meio', '2015-02-19 17:03:37', 'actionAnalise'),
(969, 'lnreal', '11.1.116.20', 'Acessou a Análise', 'tatica_tv_aberta', '2015-02-19 17:03:46', 'actionAnalise'),
(970, 'rcbraga', '11.1.116.20', 'Acessou a Análise', 'analise_share_mercado', '2015-02-19 17:42:43', 'actionAnalise'),
(971, 'jveronezi', '11.1.116.20', 'Acessou a Análise', 'audiencia_programa_pracas_especiais', '2015-02-20 09:01:44', 'actionAnalise'),
(972, 'leduardo', '72.246.216.144', 'Acessou a Análise', 'agenda_anunciantes_agencia', '2015-02-20 09:44:32', 'actionAnalise'),
(973, 'leduardo', '72.246.216.154', 'Acessou a Análise', 'audiencia_programa_pracas_especiais', '2015-02-20 09:49:52', 'actionAnalise'),
(974, 'leduardo', '72.246.216.144', 'Acessou a Análise', 'agenda_anunciantes_agencia', '2015-02-20 10:45:12', 'actionAnalise'),
(975, 'rcbraga', '11.1.116.20', 'Acessou a Análise', 'analise_share_mercado', '2015-02-20 10:46:32', 'actionAnalise'),
(976, 'leduardo', '72.246.216.144', 'Acessou a Análise', 'maiores_anunciantes_agencia', '2015-02-20 10:52:10', 'actionAnalise'),
(977, 'manjo', '11.1.116.20', 'Acessou a Análise', 'audiencia_programa', '2015-02-20 10:59:49', 'actionAnalise'),
(978, 'fcouto', '11.1.116.20', 'Acessou a Análise', 'audiencia_programa_newco', '2015-02-20 11:08:07', 'actionAnalise'),
(979, 'mebeltrao', '11.1.116.20', 'Acessou a Análise', 'analise_share_mercado', '2015-02-20 15:11:57', 'actionAnalise'),
(980, 'mebeltrao', '11.1.116.20', 'Acessou a Análise', 'principais_targets_band', '2015-02-20 15:25:28', 'actionAnalise'),
(981, 'fssantos', '72.246.216.154', 'Acessou a Análise', 'audiencia_programa', '2015-02-20 16:02:11', 'actionAnalise'),
(982, 'fssantos', '72.246.216.144', 'Acessou a Análise', 'audiencia_emissora', '2015-02-20 16:16:58', 'actionAnalise'),
(983, 'fssantos', '72.246.216.154', 'Acessou a Análise', 'analise_share_mercado', '2015-02-20 16:31:04', 'actionAnalise'),
(984, 'rcbraga', '11.1.116.20', 'Acessou a Análise', 'analise_share_mercado', '2015-02-20 16:31:44', 'actionAnalise'),
(985, 'fssantos', '72.246.216.154', 'Acessou a Análise', 'analise_share_mercado_pracas_especiais', '2015-02-20 16:33:15', 'actionAnalise'),
(986, 'fssantos', '72.246.216.144', 'Acessou a Análise', 'analise_share_mercado', '2015-02-20 16:33:42', 'actionAnalise'),
(987, 'fssantos', '72.246.216.144', 'Acessou a Análise', 'audiencia_emissora', '2015-02-20 16:34:54', 'actionAnalise'),
(988, 'leduardo', '72.246.216.154', 'Acessou a Análise', 'agenda_anunciantes_agencia', '2015-02-20 16:50:28', 'actionAnalise'),
(989, 'rcbraga', '11.1.116.20', 'Acessou a Análise', 'analise_share_mercado', '2015-02-20 17:45:15', 'actionAnalise'),
(990, 'rcbraga', '11.1.116.20', 'Acessou a Análise', 'principais_targets_band', '2015-02-20 17:45:52', 'actionAnalise'),
(991, 'lnreal', '11.1.116.20', 'Acessou a Análise', 'analise_investimento_meio', '2015-02-20 18:05:53', 'actionAnalise'),
(992, 'lnreal', '11.1.116.20', 'Acessou a Análise', 'analise_investimento_meio', '2015-02-20 18:06:13', 'actionAnalise'),
(993, 'lnreal', '11.1.116.20', 'Acessou a Análise', 'analise_investimento_meio', '2015-02-20 18:07:00', 'actionAnalise'),
(994, 'rcbraga', '11.1.116.20', 'Acessou a Análise', 'analise_investimento_meio', '2015-02-20 18:07:25', 'actionAnalise'),
(995, 'lnreal', '11.1.116.20', 'Acessou a Análise', 'tatica_tv_aberta', '2015-02-20 18:11:16', 'actionAnalise'),
(996, 'rcbraga', '11.1.116.20', 'Acessou a Análise', 'tatica_tv_aberta', '2015-02-20 18:11:20', 'actionAnalise'),
(997, 'rcbraga', '11.1.116.20', 'Acessou a Análise', 'analise_investimento_meio', '2015-02-20 18:15:00', 'actionAnalise'),
(998, 'lnreal', '11.1.116.20', 'Acessou a Análise', 'analise_share_mercado', '2015-02-20 18:16:42', 'actionAnalise'),
(999, 'msilveira', '11.1.116.20', 'Acessou a Análise', 'audiencia_programa_newco', '2015-02-20 18:39:23', 'actionAnalise'),
(1000, 'lnreal', '11.1.116.20', 'Acessou a Análise', 'analise_share_mercado', '2015-02-20 18:41:39', 'actionAnalise'),
(1001, 'lnreal', '11.1.116.20', 'Acessou a Análise', 'tatica_tv_aberta', '2015-02-20 19:05:33', 'actionAnalise'),
(1002, 'lacarvalho', '72.246.216.144', 'Acessou a Análise', 'perfil_audiencia_programa', '2015-02-21 13:40:51', 'actionAnalise'),
(1003, 'lacarvalho', '72.246.216.144', 'Acessou a Análise', 'perfil_audiencia_programa', '2015-02-21 14:02:18', 'actionAnalise'),
(1004, 'rviola', '11.1.116.20', 'Acessou a Análise', 'analise_share_mercado', '2015-02-23 07:18:49', 'actionAnalise'),
(1005, 'rviola', '11.1.116.20', 'Acessou a Análise', 'principais_targets_band', '2015-02-23 07:34:38', 'actionAnalise'),
(1006, 'rviola', '11.1.116.20', 'Acessou a Análise', 'tatica_tv_aberta', '2015-02-23 07:41:41', 'actionAnalise'),
(1007, 'mebeltrao', '11.1.116.20', 'Acessou a Análise', 'analise_share_mercado', '2015-02-23 08:29:12', 'actionAnalise'),
(1008, 'mebeltrao', '11.1.116.20', 'Acessou a Análise', 'agenda_anunciantes_agencia', '2015-02-23 08:31:24', 'actionAnalise'),
(1009, 'mebeltrao', '11.1.116.20', 'Acessou a Análise', 'prospeccao', '2015-02-23 08:33:02', 'actionAnalise'),
(1010, 'mebeltrao', '11.1.116.20', 'Acessou a Análise', 'analise_investimento_meio', '2015-02-23 08:43:55', 'actionAnalise'),
(1011, 'refarias', '11.1.116.20', 'Acessou a Análise', 'analise_share_mercado', '2015-02-23 08:49:44', 'actionAnalise'),
(1012, 'mebeltrao', '11.1.116.20', 'Acessou a Análise', 'audiencia_emissora', '2015-02-23 08:54:49', 'actionAnalise'),
(1013, 'mebeltrao', '11.1.116.20', 'Acessou a Análise', 'audiencia_programa', '2015-02-23 08:59:09', 'actionAnalise'),
(1014, 'mebeltrao', '11.1.116.20', 'Acessou a Análise', 'midia_dados_2014', '2015-02-23 09:09:58', 'actionAnalise'),
(1015, 'mebeltrao', '11.1.116.20', 'Acessou a Análise', 'analise_share_mercado', '2015-02-23 09:15:11', 'actionAnalise'),
(1016, 'mebeltrao', '11.1.116.20', 'Acessou a Análise', 'agenda_anunciantes_agencia', '2015-02-23 09:20:35', 'actionAnalise'),
(1017, 'mebeltrao', '11.1.116.20', 'Acessou a Análise', 'analise_share_mercado', '2015-02-23 09:28:09', 'actionAnalise'),
(1018, 'mebeltrao', '11.1.116.20', 'Acessou a Análise', 'analise_investimento_meio', '2015-02-23 09:31:15', 'actionAnalise'),
(1019, 'mebeltrao', '11.1.116.20', 'Acessou a Análise', 'analise_investimento_meio', '2015-02-23 09:33:49', 'actionAnalise'),
(1020, 'mebeltrao', '11.1.116.20', 'Acessou a Análise', 'calc_descontos', '2015-02-23 09:42:43', 'actionAnalise'),
(1021, 'mebeltrao', '11.1.116.20', 'Acessou a Análise', 'analise_investimento_meio', '2015-02-23 09:44:24', 'actionAnalise'),
(1022, 'mebeltrao', '11.1.116.20', 'Acessou a Análise', 'perfil_audiencia_programa', '2015-02-23 09:46:03', 'actionAnalise'),
(1023, 'lfsousa', '72.246.216.144', 'Acessou a Análise', 'audiencia_emissora', '2015-02-23 10:05:17', 'actionAnalise'),
(1024, 'leduardo', '72.246.216.154', 'Acessou a Análise', 'maiores_anunciantes_agencia', '2015-02-23 10:21:06', 'actionAnalise'),
(1025, 'rcbraga', '11.1.116.20', 'Acessou a Análise', 'tatica_tv_aberta', '2015-02-23 10:32:16', 'actionAnalise'),
(1026, 'lfsousa', '72.246.216.144', 'Acessou a Análise', 'perfil_audiencia_programa', '2015-02-23 10:45:41', 'actionAnalise'),
(1027, 'rsoares', '177.159.181.152', 'Acessou a Análise', 'maiores_agencias_mercado', '2015-02-23 11:25:21', 'actionAnalise'),
(1028, 'mcapassi', '11.1.116.20', 'Acessou a Análise', 'desempenho_programas_targets', '2015-02-23 11:29:51', 'actionAnalise'),
(1029, 'lusantos', '72.246.216.144', 'Acessou a Análise', 'agenda_anunciantes_agencia', '2015-02-23 11:31:53', 'actionAnalise'),
(1030, 'rsoares', '177.159.181.152', 'Acessou a Análise', 'analise_share_mercado_pracas_especiais', '2015-02-23 11:33:21', 'actionAnalise'),
(1031, 'rsoares', '177.159.181.152', 'Acessou a Análise', 'audiencia_programa_pracas_especiais', '2015-02-23 11:33:44', 'actionAnalise'),
(1032, 'lusantos', '72.246.216.154', 'Acessou a Análise', 'agenda_anunciantes_agencia', '2015-02-23 11:33:55', 'actionAnalise'),
(1033, 'rsoares', '24.143.197.204', 'Acessou a Análise', 'analise_share_mercado', '2015-02-23 11:40:35', 'actionAnalise'),
(1034, 'leduardo', '72.246.216.144', 'Acessou a Análise', 'agenda_anunciantes_agencia', '2015-02-23 11:46:18', 'actionAnalise'),
(1035, 'cleoncio', '177.159.181.150', 'Acessou a Análise', 'perfil_audiencia_programa', '2015-02-23 11:58:35', 'actionAnalise'),
(1036, 'cleoncio', '177.159.181.150', 'Acessou a Análise', 'perfil_audiencia_programa', '2015-02-23 11:59:10', 'actionAnalise'),
(1037, 'cleoncio', '177.159.181.150', 'Acessou a Análise', 'targets_comportamentais', '2015-02-23 11:59:39', 'actionAnalise'),
(1038, 'lfsousa', '11.1.116.20', 'Acessou a Análise', 'audiencia_emissora', '2015-02-23 14:24:41', 'actionAnalise'),
(1039, 'lfsousa', '11.1.116.20', 'Acessou a Análise', 'audiencia_programa', '2015-02-23 14:25:22', 'actionAnalise'),
(1040, 'dibarreta', '177.159.181.150', 'Acessou a Análise', 'cpp_cpm', '2015-02-23 14:36:28', 'actionAnalise'),
(1041, 'fcouto', '11.1.116.20', 'Acessou a Análise', 'audiencia_emissora_newco', '2015-02-23 15:03:02', 'actionAnalise'),
(1042, 'fcouto', '11.1.116.20', 'Acessou a Análise', 'audiencia_programa_newco', '2015-02-23 15:07:32', 'actionAnalise'),
(1043, 'ntonet', '11.1.116.20', 'Acessou a Análise', 'audiencia_programa', '2015-02-23 15:10:54', 'actionAnalise'),
(1044, 'ldalpont', '177.159.181.150', 'Acessou a Análise', 'analise_share_mercado', '2015-02-23 15:16:39', 'actionAnalise'),
(1045, 'ldalpont', '177.159.181.150', 'Acessou a Análise', 'perfil_audiencia_programa', '2015-02-23 15:17:10', 'actionAnalise'),
(1046, 'ldalpont', '177.159.181.150', 'Acessou a Análise', 'principais_targets_band', '2015-02-23 15:18:17', 'actionAnalise'),
(1047, 'dibarreta', '177.159.181.150', 'Acessou a Análise', 'audiencia_programa', '2015-02-23 15:19:56', 'actionAnalise'),
(1048, 'aprado', '177.159.181.150', 'Acessou a Análise', 'audiencia_programa', '2015-02-23 15:26:23', 'actionAnalise'),
(1049, 'aprado', '177.159.181.150', 'Acessou a Análise', 'audiencia_programa', '2015-02-23 15:32:54', 'actionAnalise'),
(1050, 'ldalpont', '177.159.181.150', 'Acessou a Análise', 'audiencia_programa', '2015-02-23 15:43:14', 'actionAnalise'),
(1051, 'ldalpont', '177.159.181.150', 'Acessou a Análise', 'audiencia_programa', '2015-02-23 15:46:33', 'actionAnalise'),
(1052, 'refarias', '11.1.116.20', 'Acessou a Análise', 'analise_share_mercado', '2015-02-23 16:23:58', 'actionAnalise'),
(1053, 'refarias', '11.1.116.20', 'Acessou a Análise', 'analise_share_mercado', '2015-02-23 16:28:30', 'actionAnalise'),
(1054, 'Apnoliveira', '11.1.116.20', 'Acessou a Análise', 'midia_dados_2014', '2015-02-23 16:38:23', 'actionAnalise'),
(1055, 'fcouto', '11.1.116.20', 'Acessou a Análise', 'audiencia_programa_newco', '2015-02-23 17:11:42', 'actionAnalise'),
(1056, 'fcouto', '11.1.116.20', 'Acessou a Análise', 'audiencia_programa_newco', '2015-02-23 17:13:46', 'actionAnalise'),
(1057, 'ghumar', '11.1.116.20', 'Acessou a Análise', 'perfil_audiencia_programa', '2015-02-23 17:16:59', 'actionAnalise'),
(1058, 'aprado', '177.159.181.152', 'Acessou a Análise', 'audiencia_programa', '2015-02-23 17:29:50', 'actionAnalise'),
(1059, 'rcbraga', '11.1.116.20', 'Acessou a Análise', 'analise_share_mercado', '2015-02-23 17:50:47', 'actionAnalise'),
(1060, 'cleoncio', '177.159.181.150', 'Acessou a Análise', 'analise_share_mercado', '2015-02-23 18:10:32', 'actionAnalise'),
(1061, 'lfsousa', '72.246.216.154', 'Acessou a Análise', 'inter_meios', '2015-02-23 18:36:58', 'actionAnalise'),
(1062, 'refarias', '11.1.116.20', 'Acessou a Análise', 'analise_share_mercado', '2015-02-24 08:51:27', 'actionAnalise'),
(1063, 'Apnoliveira', '11.1.116.20', 'Acessou a Análise', 'agenda_anunciantes_newco', '2015-02-24 09:25:46', 'actionAnalise'),
(1064, 'fhnascimento', '11.1.116.20', 'Acessou a Análise', 'audiencia_emissora_newco', '2015-02-24 10:35:07', 'actionAnalise'),
(1065, 'Apnoliveira', '11.1.116.20', 'Acessou a Análise', 'audiencia_programa_newco', '2015-02-24 10:35:18', 'actionAnalise'),
(1066, 'Apnoliveira', '11.1.116.20', 'Acessou a Análise', 'audiencia_programa_newco', '2015-02-24 10:36:18', 'actionAnalise'),
(1067, 'fhnascimento', '11.1.116.20', 'Acessou a Análise', 'audiencia_programa_newco', '2015-02-24 10:36:34', 'actionAnalise'),
(1068, 'Apnoliveira', '11.1.116.20', 'Acessou a Análise', 'agenda_anunciantes_newco', '2015-02-24 10:36:43', 'actionAnalise'),
(1069, 'Apnoliveira', '11.1.116.20', 'Acessou a Análise', 'anunciantes_agencia', '2015-02-24 10:38:24', 'actionAnalise'),
(1070, 'jqueiroz', '72.246.216.154', 'Acessou a Análise', 'agenda_anunciantes_agencia', '2015-02-24 11:10:31', 'actionAnalise'),
(1071, 'jqueiroz', '72.246.216.154', 'Acessou a Análise', 'cpp_cpm', '2015-02-24 11:10:41', 'actionAnalise'),
(1072, 'fcalais', '11.1.116.20', 'Acessou a Análise', 'tatica_tv_aberta', '2015-02-24 11:11:04', 'actionAnalise'),
(1073, 'jqueiroz', '72.246.216.154', 'Acessou a Análise', 'agenda_anunciantes_agencia', '2015-02-24 11:12:02', 'actionAnalise'),
(1074, 'leduardo', '72.246.216.144', 'Acessou a Análise', 'maiores_anunciantes_agencia', '2015-02-24 11:21:47', 'actionAnalise'),
(1075, 'refarias', '11.1.116.20', 'Acessou a Análise', 'analise_share_mercado', '2015-02-24 11:23:22', 'actionAnalise'),
(1076, 'lnreal', '11.1.116.20', 'Acessou a Análise', 'analise_investimento_meio', '2015-02-24 15:13:16', 'actionAnalise'),
(1077, 'lnreal', '11.1.116.20', 'Acessou a Análise', 'principais_targets_band', '2015-02-24 15:13:47', 'actionAnalise'),
(1078, 'leduardo', '24.143.197.187', 'Acessou a Análise', 'maiores_agencias_mercado', '2015-02-24 15:27:20', 'actionAnalise'),
(1079, 'fcouto', '11.1.116.20', 'Acessou a Análise', 'audiencia_programa_newco', '2015-02-24 15:35:31', 'actionAnalise'),
(1080, 'fcouto', '11.1.116.20', 'Acessou a Análise', 'audiencia_programa_newco', '2015-02-24 15:52:27', 'actionAnalise'),
(1081, 'lfsousa', '11.1.116.20', 'Acessou a Análise', 'perfil_audiencia_programa', '2015-02-24 17:20:23', 'actionAnalise'),
(1082, 'groberti', '11.1.116.20', 'Acessou a Análise', 'prospeccao', '2015-02-24 17:31:59', 'actionAnalise'),
(1083, 'rviola', '11.1.116.20', 'Acessou a Análise', 'cpp_cpm', '2015-02-24 17:40:28', 'actionAnalise'),
(1084, 'rviola', '11.1.116.20', 'Acessou a Análise', 'cpp_cpm', '2015-02-24 17:41:34', 'actionAnalise'),
(1085, 'rviola', '11.1.116.20', 'Acessou a Análise', 'cpp_cpm', '2015-02-24 17:42:40', 'actionAnalise'),
(1086, 'rcbraga', '11.1.116.20', 'Acessou a Análise', 'audiencia_programa', '2015-02-24 17:50:51', 'actionAnalise'),
(1087, 'cwatanabe', '11.1.108.34', 'Acessou a Análise', 'analise_share_mercado', '2015-02-24 18:39:51', 'actionAnalise'),
(1088, 'fcouto', '11.1.116.20', 'Acessou a Análise', 'agenda_anunciantes_agencia', '2015-02-24 20:10:04', 'actionAnalise'),
(1089, 'refarias', '11.1.116.20', 'Acessou a Análise', 'analise_share_mercado', '2015-02-25 08:50:27', 'actionAnalise'),
(1090, 'mebeltrao', '11.1.116.20', 'Acessou a Análise', 'perfil_audiencia_programa', '2015-02-25 09:01:05', 'actionAnalise'),
(1091, 'mebeltrao', '11.1.116.20', 'Acessou a Análise', 'perfil_audiencia_programa', '2015-02-25 09:09:58', 'actionAnalise'),
(1092, 'mebeltrao', '11.1.116.20', 'Acessou a Análise', 'audiencia_programa', '2015-02-25 09:15:14', 'actionAnalise'),
(1093, 'mebeltrao', '11.1.116.20', 'Acessou a Análise', 'principais_targets_band', '2015-02-25 09:21:08', 'actionAnalise'),
(1094, 'mebeltrao', '11.1.116.20', 'Acessou a Análise', 'analise_investimento_meio', '2015-02-25 09:28:51', 'actionAnalise'),
(1095, 'mebeltrao', '11.1.116.20', 'Acessou a Análise', 'analise_share_mercado', '2015-02-25 09:33:12', 'actionAnalise'),
(1096, 'leduardo', '72.246.216.154', 'Acessou a Análise', 'agenda_anunciantes_agencia', '2015-02-25 10:25:13', 'actionAnalise'),
(1097, 'leduardo', '72.246.216.154', 'Acessou a Análise', 'maiores_anunciantes_agencia', '2015-02-25 10:26:26', 'actionAnalise'),
(1098, 'leduardo', '72.246.216.154', 'Acessou a Análise', 'agenda_anunciantes_agencia', '2015-02-25 10:27:38', 'actionAnalise'),
(1099, 'refarias', '11.1.116.20', 'Acessou a Análise', 'principais_targets_band', '2015-02-25 10:45:26', 'actionAnalise'),
(1100, 'leduardo', '72.246.216.144', 'Acessou a Análise', 'audiencia_programa_pracas_especiais', '2015-02-25 11:01:02', 'actionAnalise'),
(1101, 'leduardo', '72.246.216.154', 'Acessou a Análise', 'agenda_anunciantes_agencia', '2015-02-25 11:48:58', 'actionAnalise'),
(1102, 'lnreal', '11.1.116.20', 'Acessou a Análise', 'analise_investimento_meio', '2015-02-25 14:13:18', 'actionAnalise'),
(1103, 'lnreal', '11.1.116.20', 'Acessou a Análise', 'perfil_audiencia_programa', '2015-02-25 14:36:41', 'actionAnalise'),
(1104, 'leduardo', '72.246.216.154', 'Acessou a Análise', 'agenda_anunciantes_agencia', '2015-02-25 15:20:38', 'actionAnalise'),
(1105, 'leduardo', '72.246.216.154', 'Acessou a Análise', 'maiores_anunciantes_agencia', '2015-02-25 15:20:50', 'actionAnalise'),
(1106, 'leduardo', '72.246.216.154', 'Acessou a Análise', 'agenda_anunciantes_agencia', '2015-02-25 15:26:19', 'actionAnalise'),
(1107, 'csoares', '11.1.116.20', 'Acessou a Análise', 'analise_share_mercado', '2015-02-25 15:50:43', 'actionAnalise'),
(1108, 'gpsouza', '11.1.116.20', 'Acessou a Análise', 'perfil_audiencia_programa', '2015-02-25 16:09:19', 'actionAnalise'),
(1109, 'gpsouza', '11.1.116.20', 'Acessou a Análise', 'analise_share_mercado', '2015-02-25 16:10:43', 'actionAnalise'),
(1110, 'marketingtri', '179.155.86.129', 'Acessou a Análise', 'maiores_anunciantes_setor', '2015-02-25 16:28:20', 'actionAnalise'),
(1111, 'marketingtri', '179.155.86.129', 'Acessou a Análise', 'targets_comportamentais', '2015-02-25 16:29:31', 'actionAnalise'),
(1112, 'rcbraga', '11.1.116.20', 'Acessou a Análise', 'analise_share_mercado', '2015-02-25 17:12:44', 'actionAnalise'),
(1113, 'ghumar', '11.1.116.20', 'Acessou a Análise', 'audiencia_programa', '2015-02-26 09:23:15', 'actionAnalise'),
(1114, 'fssantos', '72.246.216.144', 'Acessou a Análise', 'audiencia_programa', '2015-02-26 11:43:39', 'actionAnalise'),
(1115, 'lmfreitas', '72.246.216.144', 'Acessou a Análise', 'audiencia_programa', '2015-02-26 11:47:49', 'actionAnalise'),
(1116, 'aracatuba', '24.143.197.185', 'Acessou a Análise', 'analise_share_mercado_pracas_especiais', '2015-02-26 12:45:34', 'actionAnalise'),
(1117, 'aracatuba', '24.143.197.208', 'Acessou a Análise', 'audiencia_programa_pracas_especiais', '2015-02-26 12:46:55', 'actionAnalise'),
(1118, 'mebeltrao', '11.1.116.20', 'Acessou a Análise', 'analise_share_mercado', '2015-02-26 13:27:26', 'actionAnalise'),
(1119, 'mebeltrao', '11.1.116.20', 'Acessou a Análise', 'prospeccao', '2015-02-26 13:31:42', 'actionAnalise'),
(1120, 'mebeltrao', '11.1.116.20', 'Acessou a Análise', 'agenda_anunciantes_agencia', '2015-02-26 13:38:51', 'actionAnalise'),
(1121, 'mebeltrao', '11.1.116.20', 'Acessou a Análise', 'analise_investimento_meio', '2015-02-26 13:41:43', 'actionAnalise'),
(1122, 'mebeltrao', '11.1.116.20', 'Acessou a Análise', 'analise_share_mercado', '2015-02-26 13:45:44', 'actionAnalise'),
(1123, 'mebeltrao', '11.1.116.20', 'Acessou a Análise', 'maiores_anunciantes_setor', '2015-02-26 13:48:24', 'actionAnalise'),
(1124, 'mebeltrao', '11.1.116.20', 'Acessou a Análise', 'perfil_audiencia_programa', '2015-02-26 13:51:12', 'actionAnalise'),
(1125, 'rpbarros', '11.1.116.20', 'Acessou a Análise', 'desempenho_programas_targets', '2015-02-26 13:55:22', 'actionAnalise'),
(1126, 'rpbarros', '11.1.116.20', 'Acessou a Análise', 'perfil_investimento_emissora', '2015-02-26 13:57:53', 'actionAnalise'),
(1127, 'rpbarros', '11.1.116.20', 'Acessou a Análise', 'desempenho_programas_targets', '2015-02-26 14:00:13', 'actionAnalise'),
(1128, 'rpbarros', '11.1.116.20', 'Acessou a Análise', 'targets_comportamentais', '2015-02-26 14:01:17', 'actionAnalise'),
(1129, 'rpbarros', '11.1.116.20', 'Acessou a Análise', 'desempenho_programas_targets', '2015-02-26 14:03:20', 'actionAnalise'),
(1130, 'rpbarros', '11.1.116.20', 'Acessou a Análise', 'desempenho_programas_targets', '2015-02-26 14:07:17', 'actionAnalise'),
(1131, 'rpbarros', '11.1.116.20', 'Acessou a Análise', 'desempenho_programas_targets', '2015-02-26 14:11:28', 'actionAnalise'),
(1132, 'jveronezi', '24.143.197.187', 'Acessou a Análise', 'analise_share_mercado_pracas_especiais', '2015-02-26 14:37:31', 'actionAnalise'),
(1133, 'cleoncio', '177.159.181.152', 'Acessou a Análise', 'audiencia_programa', '2015-02-26 14:56:10', 'actionAnalise'),
(1134, 'mazevedo', '11.1.116.20', 'Acessou a Análise', 'analise_share_mercado', '2015-02-26 15:02:17', 'actionAnalise'),
(1135, 'mazevedo', '11.1.116.20', 'Acessou a Análise', 'analise_share_mercado', '2015-02-26 15:02:40', 'actionAnalise'),
(1136, 'vflopes', '11.1.147.62', 'Acessou a Análise', 'inter_meios', '2015-02-26 15:03:36', 'actionAnalise'),
(1137, 'vflopes', '11.1.147.62', 'Acessou a Análise', 'agenda_anunciantes_outernet', '2015-02-26 15:03:45', 'actionAnalise'),
(1138, 'cleoncio', '177.159.181.152', 'Acessou a Análise', 'cpp_cpm', '2015-02-26 15:04:40', 'actionAnalise'),
(1139, 'csoares', '11.1.116.20', 'Acessou a Análise', 'agenda_anunciantes_outernet', '2015-02-26 15:09:32', 'actionAnalise'),
(1140, 'csoares', '11.1.116.20', 'Acessou a Análise', 'anunciantes_setor_meio', '2015-02-26 15:11:50', 'actionAnalise'),
(1141, 'ghumar', '11.1.116.20', 'Acessou a Análise', 'analise_share_mercado', '2015-02-26 15:20:49', 'actionAnalise'),
(1142, 'cleoncio', '177.159.181.152', 'Acessou a Análise', 'cpp_cpm', '2015-02-26 15:25:06', 'actionAnalise'),
(1143, 'frpereira', '11.1.108.34', 'Acessou a Análise', 'agenda_anunciantes_outernet', '2015-02-26 15:28:30', 'actionAnalise'),
(1144, 'cleoncio', '177.159.181.150', 'Acessou a Análise', 'audiencia_programa', '2015-02-26 15:32:46', 'actionAnalise'),
(1145, 'cleoncio', '177.159.181.152', 'Acessou a Análise', 'audiencia_programa', '2015-02-26 15:32:52', 'actionAnalise'),
(1146, 'aracatuba', '24.143.197.201', 'Acessou a Análise', 'agenda_anunciantes_agencia', '2015-02-26 15:57:40', 'actionAnalise'),
(1147, 'aracatuba', '24.143.197.201', 'Acessou a Análise', 'maiores_anunciantes_agencia', '2015-02-26 15:59:06', 'actionAnalise'),
(1148, 'leduardo', '24.143.197.208', 'Acessou a Análise', 'maiores_anunciantes_agencia', '2015-02-26 16:00:07', 'actionAnalise'),
(1149, 'aracatuba', '69.31.17.19', 'Acessou a Análise', 'maiores_anunciantes_agencia', '2015-02-26 16:08:47', 'actionAnalise'),
(1150, 'aracatuba', '69.31.17.19', 'Acessou a Análise', 'maiores_anunciantes_agencia', '2015-02-26 16:18:40', 'actionAnalise'),
(1151, 'leduardo', '69.31.17.19', 'Acessou a Análise', 'agenda_anunciantes_agencia', '2015-02-26 16:27:12', 'actionAnalise'),
(1152, 'aracatuba', '69.31.17.19', 'Acessou a Análise', 'maiores_anunciantes_mercado', '2015-02-26 16:28:50', 'actionAnalise'),
(1153, 'aracatuba', '24.143.197.185', 'Acessou a Análise', 'audiencia_programa_pracas_especiais', '2015-02-26 16:42:09', 'actionAnalise'),
(1154, 'rsoares', '24.143.197.204', 'Acessou a Análise', 'audiencia_programa_pracas_especiais', '2015-02-26 16:42:23', 'actionAnalise'),
(1155, 'frpereira', '11.1.108.34', 'Fez Upload pelo Frontend', 'net_1001noites', '2015-02-26 16:48:44', 'actionUploadFile'),
(1156, 'frpereira', '11.1.108.34', 'Fez Upload pelo Frontend', 'net_1001noites', '2015-02-26 16:49:53', 'actionUploadFile'),
(1157, 'rsoares', '69.31.17.27', 'Acessou a Análise', 'audiencia_programa_pracas_especiais', '2015-02-26 17:44:46', 'actionAnalise'),
(1158, 'cleoncio', '177.159.181.150', 'Acessou a Análise', 'audiencia_programa', '2015-02-26 17:49:03', 'actionAnalise'),
(1159, 'rsoares', '24.143.197.185', 'Acessou a Análise', 'analise_cpp_cpm', '2015-02-26 18:15:05', 'actionAnalise'),
(1160, 'rsoares', '24.143.197.204', 'Acessou a Análise', 'audiencia_programa_pracas_especiais', '2015-02-26 18:20:46', 'actionAnalise'),
(1161, 'csoares', '11.1.116.20', 'Acessou a Análise', 'analise_investimento_meio', '2015-02-26 18:50:05', 'actionAnalise'),
(1162, 'rsoares', '177.159.181.152', 'Acessou a Análise', 'cpp_cpm', '2015-02-26 19:02:34', 'actionAnalise'),
(1163, 'rsoares', '177.159.181.152', 'Acessou a Análise', 'maiores_agencias_mercado', '2015-02-26 19:17:09', 'actionAnalise'),
(1164, 'cokumura', '72.246.216.154', 'Acessou a Análise', 'agenda_anunciantes_agencia', '2015-02-27 08:58:55', 'actionAnalise'),
(1165, 'jveronezi', '11.1.116.20', 'Acessou a Análise', 'maiores_anunciantes_agencia', '2015-02-27 09:03:33', 'actionAnalise'),
(1166, 'jveronezi', '11.1.116.20', 'Acessou a Análise', 'maiores_anunciantes_agencia', '2015-02-27 09:29:01', 'actionAnalise'),
(1167, 'jveronezi', '11.1.116.20', 'Acessou a Análise', 'maiores_anunciantes_agencia', '2015-02-27 09:52:13', 'actionAnalise'),
(1168, 'kbertoli', '72.246.216.154', 'Acessou a Análise', 'maiores_anunciantes_agencia', '2015-02-27 10:12:45', 'actionAnalise'),
(1169, 'kbertoli', '72.246.216.154', 'Acessou a Análise', 'agenda_anunciantes_agencia', '2015-02-27 10:13:34', 'actionAnalise'),
(1170, 'aracatuba', '24.143.197.187', 'Acessou a Análise', 'maiores_anunciantes_agencia', '2015-02-27 10:17:06', 'actionAnalise'),
(1171, 'frpereira', '11.1.108.34', 'Acessou o Veículo', 'band', '2015-02-27 10:23:59', 'actionVeiculo'),
(1172, 'frpereira', '11.1.108.34', 'Acessou o Veículo', 'band', '2015-02-27 10:24:27', 'actionVeiculo'),
(1173, 'frpereira', '11.1.108.34', 'Acessou a Análise', 'agenda_anunciantes_agencia', '2015-02-27 10:25:40', 'actionAnalise'),
(1174, 'frpereira', '11.1.108.34', 'Acessou o Veículo', 'band', '2015-02-27 10:25:59', 'actionVeiculo'),
(1175, 'frpereira', '11.1.108.34', 'Acessou o Programa', 'net_1001noites', '2015-02-27 10:26:11', 'actionPrograma'),
(1176, 'frpereira', '11.1.108.34', 'Acessou o Veículo', 'band', '2015-02-27 10:26:18', 'actionVeiculo'),
(1177, 'frpereira', '11.1.108.34', 'Acessou as Notícias', 'noticias', '2015-02-27 10:26:36', 'actionNoticias'),
(1178, 'frpereira', '11.1.108.34', 'Acessou o Veículo', 'band_news', '2015-02-27 10:27:22', 'actionVeiculo'),
(1179, 'frpereira', '11.1.108.34', 'Acessou o Programa', 'a_noticia', '2015-02-27 10:27:32', 'actionPrograma'),
(1180, 'frpereira', '11.1.108.34', 'Acessou o Veículo', 'band_news', '2015-02-27 10:27:40', 'actionVeiculo'),
(1181, 'aracatuba', '24.143.197.187', 'Acessou o Veículo', 'band', '2015-02-27 10:28:19', 'actionVeiculo'),
(1182, 'aracatuba', '24.143.197.187', 'Acessou o Veículo', 'band', '2015-02-27 10:28:19', 'actionVeiculo'),
(1183, 'aracatuba', '24.143.197.185', 'Acessou o Veículo', 'band', '2015-02-27 10:28:21', 'actionVeiculo'),
(1184, 'aracatuba', '24.143.197.201', 'Acessou a Análise', 'agenda_anunciantes_agencia', '2015-02-27 10:28:27', 'actionAnalise'),
(1185, 'csoares', '11.1.116.20', 'Acessou o Veículo', 'outernet', '2015-02-27 10:30:28', 'actionVeiculo'),
(1186, 'aracatuba', '24.143.197.201', 'Acessou o Veículo', 'band', '2015-02-27 10:31:16', 'actionVeiculo'),
(1187, 'aracatuba', '24.143.197.187', 'Acessou o Veículo', 'band', '2015-02-27 10:31:18', 'actionVeiculo'),
(1188, 'aracatuba', '24.143.197.185', 'Acessou a Análise', 'analise_investimento_meio', '2015-02-27 10:31:27', 'actionAnalise'),
(1189, 'groberti', '11.1.116.20', 'Acessou o Veículo', 'outernet', '2015-02-27 10:32:10', 'actionVeiculo'),
(1190, 'aracatuba', '24.143.197.185', 'Acessou o Veículo', 'band', '2015-02-27 10:34:42', 'actionVeiculo'),
(1191, 'aracatuba', '24.143.197.201', 'Acessou o Veículo', 'band', '2015-02-27 10:34:45', 'actionVeiculo'),
(1192, 'aracatuba', '24.143.197.187', 'Acessou a Análise', 'analise_investimento_meio', '2015-02-27 10:35:16', 'actionAnalise'),
(1193, 'cleoncio', '177.159.181.174', 'Acessou o Veículo', 'band', '2015-02-27 10:41:12', 'actionVeiculo'),
(1194, 'cleoncio', '177.159.181.150', 'Acessou o Veículo', 'band', '2015-02-27 10:41:34', 'actionVeiculo'),
(1195, 'frpereira', '11.1.108.34', 'Acessou o Veículo', 'outernet', '2015-02-27 10:42:07', 'actionVeiculo'),
(1196, 'frpereira', '11.1.108.34', 'Acessou o Veículo', 'band', '2015-02-27 10:43:11', 'actionVeiculo'),
(1197, 'frpereira', '11.1.108.34', 'Acessou o Veículo', 'outernet', '2015-02-27 10:43:13', 'actionVeiculo'),
(1198, 'frpereira', '11.1.108.34', 'Acessou o Veículo', 'outernet', '2015-02-27 10:43:20', 'actionVeiculo'),
(1199, 'frpereira', '11.1.108.34', 'Acessou o Veículo', 'outernet', '2015-02-27 10:43:26', 'actionVeiculo'),
(1200, 'frpereira', '11.1.108.34', 'Acessou o Veículo', 'outernet', '2015-02-27 10:44:16', 'actionVeiculo'),
(1201, 'csoares', '11.1.116.20', 'Acessou o Veículo', 'outernet', '2015-02-27 10:44:34', 'actionVeiculo'),
(1202, 'csoares', '11.1.116.20', 'Acessou o Veículo', 'band', '2015-02-27 10:44:46', 'actionVeiculo'),
(1203, 'frpereira', '11.1.108.34', 'Acessou o Veículo', 'outernet', '2015-02-27 10:44:53', 'actionVeiculo'),
(1204, 'frpereira', '11.1.108.34', 'Acessou o Veículo', 'outernet', '2015-02-27 10:45:29', 'actionVeiculo'),
(1205, 'frpereira', '11.1.108.34', 'Acessou o Programa', 'outernet_numeros', '2015-02-27 10:45:33', 'actionPrograma'),
(1206, 'frpereira', '11.1.108.34', 'Acessou o Veículo', 'outernet', '2015-02-27 10:45:36', 'actionVeiculo'),
(1207, 'aracatuba', '24.143.197.187', 'Acessou o Veículo', 'band', '2015-02-27 10:46:10', 'actionVeiculo'),
(1208, 'aracatuba', '24.143.197.187', 'Acessou o Veículo', 'band', '2015-02-27 10:46:12', 'actionVeiculo'),
(1209, 'aracatuba', '24.143.197.185', 'Acessou a Análise', 'maiores_anunciantes_agencia', '2015-02-27 10:46:18', 'actionAnalise'),
(1210, 'frpereira', '11.1.108.34', 'Acessou o Veículo', 'band', '2015-02-27 10:47:32', 'actionVeiculo'),
(1211, 'frpereira', '11.1.108.34', 'Acessou o Veículo', 'band', '2015-02-27 10:47:33', 'actionVeiculo'),
(1212, 'frpereira', '11.1.108.34', 'Acessou o Veículo', 'band', '2015-02-27 10:47:48', 'actionVeiculo'),
(1213, 'frpereira', '11.1.108.34', 'Acessou o Veículo', 'band', '2015-02-27 10:47:49', 'actionVeiculo'),
(1214, 'frpereira', '11.1.108.34', 'Acessou o Veículo', 'outernet', '2015-02-27 10:48:21', 'actionVeiculo'),
(1215, 'frpereira', '11.1.108.34', 'Acessou o Veículo', 'band', '2015-02-27 10:48:30', 'actionVeiculo'),
(1216, 'frpereira', '11.1.108.34', 'Acessou o Veículo', 'band', '2015-02-27 10:48:32', 'actionVeiculo'),
(1217, 'frpereira', '11.1.108.34', 'Acessou o Veículo', 'band_news', '2015-02-27 10:48:56', 'actionVeiculo'),
(1218, 'frpereira', '11.1.108.34', 'Acessou o Veículo', 'band_internacional', '2015-02-27 10:49:05', 'actionVeiculo'),
(1219, 'frpereira', '11.1.108.34', 'Acessou o Veículo', 'metro', '2015-02-27 10:49:09', 'actionVeiculo'),
(1220, 'frpereira', '11.1.108.34', 'Acessou o Veículo', 'band', '2015-02-27 10:49:24', 'actionVeiculo'),
(1221, 'frpereira', '11.1.108.34', 'Acessou o Veículo', 'band', '2015-02-27 10:49:26', 'actionVeiculo'),
(1222, 'frpereira', '11.1.108.34', 'Acessou o Programa', 'net_1001noites', '2015-02-27 10:50:01', 'actionPrograma'),
(1223, 'frpereira', '11.1.108.34', 'Acessou o Veículo', 'band', '2015-02-27 10:50:03', 'actionVeiculo'),
(1224, 'frpereira', '11.1.108.34', 'Acessou o Programa', 'jogo_aberto', '2015-02-27 10:50:15', 'actionPrograma'),
(1225, 'frpereira', '11.1.108.34', 'Acessou o Veículo', 'band', '2015-02-27 10:50:19', 'actionVeiculo'),
(1226, 'frpereira', '11.1.108.34', 'Acessou o Veículo', 'band', '2015-02-27 10:50:44', 'actionVeiculo'),
(1227, 'frpereira', '11.1.108.34', 'Acessou o Veículo', 'band', '2015-02-27 10:50:45', 'actionVeiculo'),
(1228, 'frpereira', '11.1.108.34', 'Acessou o Veículo', 'band', '2015-02-27 10:51:00', 'actionVeiculo'),
(1229, 'frpereira', '11.1.108.34', 'Acessou o Veículo', 'band', '2015-02-27 10:51:01', 'actionVeiculo'),
(1230, 'frpereira', '11.1.108.34', 'Acessou o Veículo', 'band', '2015-02-27 10:51:12', 'actionVeiculo'),
(1231, 'frpereira', '11.1.108.34', 'Acessou o Veículo', 'band', '2015-02-27 10:51:14', 'actionVeiculo'),
(1232, 'frpereira', '11.1.108.34', 'Acessou o Veículo', 'band_news', '2015-02-27 10:51:36', 'actionVeiculo'),
(1233, 'frpereira', '11.1.108.34', 'Acessou o Veículo', 'band', '2015-02-27 10:51:42', 'actionVeiculo'),
(1234, 'frpereira', '11.1.108.34', 'Acessou o Veículo', 'band_news', '2015-02-27 10:51:48', 'actionVeiculo'),
(1235, 'groberti', '11.1.116.20', 'Acessou o Veículo', 'outernet', '2015-02-27 10:52:05', 'actionVeiculo'),
(1236, 'groberti', '11.1.116.20', 'Terminou aplicação', 'logout', '2015-02-27 10:52:14', 'actionLogout'),
(1237, 'groberti', '11.1.116.20', 'Acessou o Veículo', 'outernet', '2015-02-27 10:52:25', 'actionVeiculo'),
(1238, 'groberti', '11.1.116.20', 'Acessou o Veículo', 'outernet', '2015-02-27 10:53:24', 'actionVeiculo'),
(1239, 'groberti', '11.1.116.20', 'Acessou o Veículo', 'band', '2015-02-27 10:53:43', 'actionVeiculo'),
(1240, 'groberti', '11.1.116.20', 'Acessou o Veículo', 'band_news', '2015-02-27 10:54:04', 'actionVeiculo'),
(1241, 'rsoares', '24.143.197.185', 'Acessou o Veículo', 'band', '2015-02-27 10:54:43', 'actionVeiculo'),
(1242, 'frpereira', '11.1.108.34', 'Acessou o Veículo', 'band_news', '2015-02-27 10:55:29', 'actionVeiculo'),
(1243, 'frpereira', '11.1.108.34', 'Acessou o Veículo', 'band_news', '2015-02-27 10:55:35', 'actionVeiculo'),
(1244, 'frpereira', '11.1.108.34', 'Acessou o Veículo', 'band_news', '2015-02-27 10:56:58', 'actionVeiculo'),
(1245, 'rsoares', '24.143.197.187', 'Acessou o Veículo', 'band', '2015-02-27 10:57:05', 'actionVeiculo'),
(1246, 'frpereira', '11.1.108.34', 'Acessou o Veículo', 'band_news', '2015-02-27 10:57:22', 'actionVeiculo'),
(1247, 'frpereira', '11.1.108.34', 'Acessou o Veículo', 'band_news', '2015-02-27 10:57:43', 'actionVeiculo');
INSERT INTO `log` (`id_log`, `usuario_log`, `ip_log`, `acao_log`, `ref_log`, `data_log`, `descricao_log`) VALUES
(1248, 'frpereira', '11.1.108.34', 'Acessou o Programa', 'a_noticia', '2015-02-27 10:57:55', 'actionPrograma'),
(1249, 'frpereira', '11.1.108.34', 'Acessou o Veículo', 'band', '2015-02-27 10:58:19', 'actionVeiculo'),
(1250, 'frpereira', '11.1.108.34', 'Acessou o Veículo', 'band', '2015-02-27 10:58:21', 'actionVeiculo'),
(1251, 'frpereira', '11.1.108.34', 'Acessou o Programa', 'net_1001noites', '2015-02-27 10:58:23', 'actionPrograma'),
(1252, 'frpereira', '11.1.108.34', 'Acessou o Veículo', 'band', '2015-02-27 10:58:25', 'actionVeiculo'),
(1253, 'rsoares', '24.143.197.185', 'Acessou o Veículo', 'band', '2015-02-27 10:58:54', 'actionVeiculo'),
(1254, 'rsoares', '24.143.197.187', 'Acessou o Veículo', 'band', '2015-02-27 10:58:56', 'actionVeiculo'),
(1255, 'csoares', '11.1.116.20', 'Acessou o Veículo', 'band_news', '2015-02-27 10:59:28', 'actionVeiculo'),
(1256, 'csoares', '11.1.116.20', 'Terminou aplicação', 'logout', '2015-02-27 10:59:34', 'actionLogout'),
(1257, 'csoares', '11.1.116.20', 'Acessou o Veículo', 'band_news', '2015-02-27 10:59:39', 'actionVeiculo'),
(1258, 'csoares', '11.1.116.20', 'Acessou o Veículo', 'outernet', '2015-02-27 10:59:42', 'actionVeiculo'),
(1259, 'groberti', '11.1.116.20', 'Acessou o Veículo', 'band', '2015-02-27 11:00:41', 'actionVeiculo'),
(1260, 'groberti', '11.1.116.20', 'Acessou o Veículo', 'band', '2015-02-27 11:00:49', 'actionVeiculo'),
(1261, 'groberti', '11.1.116.20', 'Acessou o Veículo', 'band', '2015-02-27 11:00:53', 'actionVeiculo'),
(1262, 'rsoares', '24.143.197.185', 'Acessou o Veículo', 'band', '2015-02-27 11:01:07', 'actionVeiculo'),
(1263, 'rsoares', '24.143.197.187', 'Acessou o Veículo', 'band', '2015-02-27 11:01:10', 'actionVeiculo'),
(1264, 'rsoares', '24.143.197.201', 'Acessou a Análise', 'audiencia_programa_pracas_especiais', '2015-02-27 11:01:31', 'actionAnalise'),
(1265, 'frpereira', '11.1.108.34', 'Acessou as Notícias', 'noticias', '2015-02-27 11:02:50', 'actionNoticias'),
(1266, 'frpereira', '11.1.108.34', 'Acessou o Veículo', 'band_news', '2015-02-27 11:03:48', 'actionVeiculo'),
(1267, 'frpereira', '11.1.108.34', 'Acessou o Veículo', 'outernet', '2015-02-27 11:03:51', 'actionVeiculo'),
(1268, 'groberti', '11.1.116.20', 'Acessou o Veículo', 'band_news', '2015-02-27 11:04:25', 'actionVeiculo'),
(1269, 'groberti', '11.1.116.20', 'Acessou o Veículo', 'outernet', '2015-02-27 11:04:33', 'actionVeiculo'),
(1270, 'groberti', '11.1.116.20', 'Acessou o Veículo', 'metro', '2015-02-27 11:04:42', 'actionVeiculo'),
(1271, 'csoares', '11.1.116.20', 'Acessou o Veículo', 'band_news', '2015-02-27 11:04:45', 'actionVeiculo'),
(1272, 'groberti', '11.1.116.20', 'Acessou o Veículo', 'band', '2015-02-27 11:04:45', 'actionVeiculo'),
(1273, 'groberti', '11.1.116.20', 'Acessou o Veículo', 'band', '2015-02-27 11:04:54', 'actionVeiculo'),
(1274, 'csoares', '11.1.116.20', 'Acessou o Veículo', 'outernet', '2015-02-27 11:05:09', 'actionVeiculo'),
(1275, 'csoares', '11.1.116.20', 'Acessou o Veículo', 'band', '2015-02-27 11:05:20', 'actionVeiculo'),
(1276, 'fcouto', '11.1.116.20', 'Acessou o Veículo', 'band_sports', '2015-02-27 11:05:40', 'actionVeiculo'),
(1277, 'fcouto', '11.1.116.20', 'Acessou o Programa', 'wta_atp', '2015-02-27 11:05:46', 'actionPrograma'),
(1278, 'csoares', '11.1.116.20', 'Acessou o Veículo', 'band_news', '2015-02-27 11:05:58', 'actionVeiculo'),
(1279, 'csoares', '11.1.116.20', 'Acessou o Veículo', 'outernet', '2015-02-27 11:06:02', 'actionVeiculo'),
(1280, 'csoares', '11.1.116.20', 'Acessou o Veículo', 'band', '2015-02-27 11:06:06', 'actionVeiculo'),
(1281, 'frpereira', '11.1.108.34', 'Acessou o Veículo', 'band_news', '2015-02-27 11:06:35', 'actionVeiculo'),
(1282, 'frpereira', '11.1.108.34', 'Acessou o Veículo', 'outernet', '2015-02-27 11:06:39', 'actionVeiculo'),
(1283, 'frpereira', '11.1.108.34', 'Acessou o Veículo', 'metro', '2015-02-27 11:06:43', 'actionVeiculo'),
(1284, 'frpereira', '11.1.108.34', 'Acessou o Veículo', 'band_sports', '2015-02-27 11:06:52', 'actionVeiculo'),
(1285, 'rcbraga', '11.1.116.20', 'Acessou o Veículo', 'band', '2015-02-27 11:13:03', 'actionVeiculo'),
(1286, 'rcbraga', '11.1.116.20', 'Acessou o Veículo', 'band', '2015-02-27 11:13:04', 'actionVeiculo'),
(1287, 'rcbraga', '11.1.116.20', 'Acessou o Programa', 'tabela_precos', '2015-02-27 11:13:20', 'actionPrograma'),
(1288, 'fcouto', '11.1.116.20', 'Acessou o Veículo', 'band_news', '2015-02-27 11:13:54', 'actionVeiculo'),
(1289, 'fcouto', '11.1.116.20', 'Acessou o Veículo', 'band_news', '2015-02-27 11:13:59', 'actionVeiculo'),
(1290, 'fcouto', '11.1.116.20', 'Terminou aplicação', 'logout', '2015-02-27 11:14:07', 'actionLogout'),
(1291, 'fcouto', '11.1.116.20', 'Acessou o Veículo', 'band_news', '2015-02-27 11:14:11', 'actionVeiculo'),
(1292, 'fcouto', '11.1.116.20', 'Acessou o Veículo', 'band_news', '2015-02-27 11:14:48', 'actionVeiculo'),
(1293, 'fcouto', '11.1.116.20', 'Acessou o Veículo', 'band_sports', '2015-02-27 11:15:06', 'actionVeiculo'),
(1294, 'fcouto', '11.1.116.20', 'Acessou o Veículo', 'band_news', '2015-02-27 11:15:16', 'actionVeiculo'),
(1295, 'rsoares', '69.31.17.23', 'Acessou o Veículo', 'band', '2015-02-27 11:15:23', 'actionVeiculo'),
(1296, 'rsoares', '69.31.17.23', 'Acessou o Veículo', 'band', '2015-02-27 11:16:19', 'actionVeiculo'),
(1297, 'rsoares', '69.31.17.23', 'Acessou a Análise', 'maiores_anunciantes_agencia', '2015-02-27 11:16:45', 'actionAnalise'),
(1298, 'aracatuba', '69.31.17.15', 'Acessou o Veículo', 'band', '2015-02-27 11:21:05', 'actionVeiculo'),
(1299, 'aracatuba', '69.31.17.23', 'Acessou o Veículo', 'band', '2015-02-27 11:21:08', 'actionVeiculo'),
(1300, 'aracatuba', '69.31.17.15', 'Acessou a Análise', 'maiores_anunciantes_agencia', '2015-02-27 11:21:16', 'actionAnalise'),
(1301, 'csoares', '11.1.116.20', 'Acessou o Veículo', 'outernet', '2015-02-27 11:21:28', 'actionVeiculo'),
(1302, 'csoares', '11.1.116.20', 'Acessou o Veículo', 'band_news', '2015-02-27 11:21:34', 'actionVeiculo'),
(1303, 'fcouto', '11.1.116.20', 'Acessou a Análise', 'audiencia_emissora_newco', '2015-02-27 11:26:24', 'actionAnalise'),
(1304, 'aracatuba', '24.143.197.185', 'Acessou o Veículo', 'band', '2015-02-27 11:28:23', 'actionVeiculo'),
(1305, 'aracatuba', '24.143.197.201', 'Acessou o Veículo', 'band', '2015-02-27 11:28:26', 'actionVeiculo'),
(1306, 'aracatuba', '24.143.197.187', 'Acessou a Análise', 'maiores_anunciantes_agencia', '2015-02-27 11:28:32', 'actionAnalise'),
(1307, 'jvbarros', '11.1.116.20', 'Acessou o Veículo', 'band', '2015-02-27 11:30:19', 'actionVeiculo'),
(1308, 'jvbarros', '11.1.116.20', 'Acessou o Veículo', 'band', '2015-02-27 11:30:20', 'actionVeiculo'),
(1309, 'csoares', '11.1.116.20', 'Acessou o Veículo', 'band_news', '2015-02-27 11:32:05', 'actionVeiculo'),
(1310, 'csoares', '11.1.116.20', 'Acessou o Veículo', 'outernet', '2015-02-27 11:32:08', 'actionVeiculo'),
(1311, 'fcouto', '11.1.116.20', 'Acessou o Veículo', 'band_news', '2015-02-27 11:33:08', 'actionVeiculo'),
(1312, 'fcouto', '11.1.116.20', 'Acessou a Análise', 'audiencia_programa_newco', '2015-02-27 11:33:39', 'actionAnalise'),
(1313, 'aracatuba', '24.143.197.201', 'Acessou o Veículo', 'band', '2015-02-27 11:36:32', 'actionVeiculo'),
(1314, 'aracatuba', '24.143.197.185', 'Acessou o Veículo', 'band', '2015-02-27 11:36:35', 'actionVeiculo'),
(1315, 'aracatuba', '24.143.197.185', 'Acessou a Análise', 'maiores_anunciantes_agencia', '2015-02-27 11:36:42', 'actionAnalise'),
(1316, 'csoares', '11.1.116.20', 'Acessou o Veículo', 'band', '2015-02-27 11:43:24', 'actionVeiculo'),
(1317, 'csoares', '11.1.116.20', 'Acessou o Veículo', 'outernet', '2015-02-27 11:43:27', 'actionVeiculo'),
(1318, 'csoares', '11.1.116.20', 'Acessou o Veículo', 'outernet', '2015-02-27 11:43:43', 'actionVeiculo'),
(1319, 'csoares', '11.1.116.20', 'Acessou o Veículo', 'outernet', '2015-02-27 11:43:58', 'actionVeiculo'),
(1320, 'csoares', '11.1.116.20', 'Acessou o Veículo', 'outernet', '2015-02-27 11:44:19', 'actionVeiculo'),
(1321, 'csoares', '11.1.116.20', 'Acessou o Veículo', 'band_sports', '2015-02-27 11:46:09', 'actionVeiculo'),
(1322, 'csoares', '11.1.116.20', 'Acessou o Programa', 'roland_garros_2105', '2015-02-27 11:46:21', 'actionPrograma'),
(1323, 'cleoncio', '177.159.181.150', 'Acessou o Veículo', 'band', '2015-02-27 11:47:54', 'actionVeiculo'),
(1324, 'cleoncio', '177.159.181.150', 'Acessou o Veículo', 'band', '2015-02-27 11:47:57', 'actionVeiculo'),
(1325, 'frpereira', '11.1.108.34', 'Acessou o Veículo', 'band', '2015-02-27 11:48:04', 'actionVeiculo'),
(1326, 'frpereira', '11.1.108.34', 'Acessou o Veículo', 'outernet', '2015-02-27 11:48:09', 'actionVeiculo'),
(1327, 'frpereira', '11.1.108.34', 'Acessou o Programa', 'outernet_apresentacao', '2015-02-27 11:48:18', 'actionPrograma'),
(1328, 'cleoncio', '177.159.181.152', 'Acessou o Veículo', 'band', '2015-02-27 11:48:35', 'actionVeiculo'),
(1329, 'cleoncio', '177.159.181.150', 'Acessou o Veículo', 'band', '2015-02-27 11:48:37', 'actionVeiculo'),
(1330, 'csoares', '11.1.116.20', 'Acessou o Veículo', 'outernet', '2015-02-27 12:00:26', 'actionVeiculo'),
(1331, 'csoares', '11.1.116.20', 'Acessou o Veículo', 'band_news', '2015-02-27 12:00:31', 'actionVeiculo'),
(1332, 'csoares', '11.1.116.20', 'Acessou o Veículo', 'outernet', '2015-02-27 12:00:39', 'actionVeiculo'),
(1333, 'csoares', '11.1.116.20', 'Acessou o Veículo', 'band_sports', '2015-02-27 12:00:56', 'actionVeiculo'),
(1334, 'csoares', '11.1.116.20', 'Acessou o Programa', 'roland_garros_2105', '2015-02-27 12:01:06', 'actionPrograma'),
(1335, 'frpereira', '11.1.108.34', 'Acessou o Veículo', 'band', '2015-02-27 12:03:29', 'actionVeiculo'),
(1336, 'frpereira', '11.1.108.34', 'Acessou o Veículo', 'band', '2015-02-27 12:03:33', 'actionVeiculo'),
(1337, 'frpereira', '11.1.108.34', 'Acessou o Programa', 'net_1001noites', '2015-02-27 12:03:48', 'actionPrograma'),
(1338, 'jveronezi', '11.1.116.20', 'Acessou o Veículo', 'band', '2015-02-27 12:09:18', 'actionVeiculo'),
(1339, 'jveronezi', '11.1.116.20', 'Acessou o Veículo', 'band', '2015-02-27 12:09:22', 'actionVeiculo'),
(1340, 'jveronezi', '11.1.116.20', 'Acessou a Análise', 'agenda_anunciantes_agencia', '2015-02-27 12:09:54', 'actionAnalise'),
(1341, 'jveronezi', '11.1.116.20', 'Acessou o Veículo', 'band', '2015-02-27 12:16:32', 'actionVeiculo'),
(1342, 'jveronezi', '11.1.116.20', 'Acessou o Veículo', 'band', '2015-02-27 12:16:34', 'actionVeiculo'),
(1343, 'jveronezi', '11.1.116.20', 'Acessou o Programa', 'net_aet_2015', '2015-02-27 12:20:26', 'actionPrograma'),
(1344, 'jveronezi', '11.1.116.20', 'Acessou o Veículo', 'band', '2015-02-27 12:26:39', 'actionVeiculo'),
(1345, 'jveronezi', '11.1.116.20', 'Acessou o Veículo', 'band', '2015-02-27 12:26:43', 'actionVeiculo'),
(1346, 'csoares', '11.1.116.20', 'Acessou o Veículo', 'outernet', '2015-02-27 12:26:44', 'actionVeiculo'),
(1347, 'csoares', '11.1.116.20', 'Acessou o Veículo', 'band_sports', '2015-02-27 12:29:55', 'actionVeiculo'),
(1348, 'csoares', '11.1.116.20', 'Acessou o Veículo', 'outernet', '2015-02-27 12:30:02', 'actionVeiculo'),
(1349, 'csoares', '11.1.116.20', 'Acessou o Programa', 'outernet_planos_comerciais', '2015-02-27 12:30:07', 'actionPrograma'),
(1350, 'rcbraga', '11.1.116.20', 'Acessou o Veículo', 'band_news', '2015-02-27 12:33:31', 'actionVeiculo'),
(1351, 'rcbraga', '11.1.116.20', 'Acessou o Veículo', 'band_sports', '2015-02-27 12:33:38', 'actionVeiculo'),
(1352, 'rcbraga', '11.1.116.20', 'Acessou o Veículo', 'outernet', '2015-02-27 12:33:42', 'actionVeiculo'),
(1353, 'rcbraga', '11.1.116.20', 'Acessou o Veículo', 'band', '2015-02-27 12:33:54', 'actionVeiculo'),
(1354, 'rcbraga', '11.1.116.20', 'Acessou o Veículo', 'band', '2015-02-27 12:33:56', 'actionVeiculo'),
(1355, 'rcbraga', '11.1.116.20', 'Acessou o Veículo', 'band_news', '2015-02-27 12:34:27', 'actionVeiculo'),
(1356, 'csoares', '11.1.116.20', 'Acessou o Veículo', 'band_sports', '2015-02-27 12:35:27', 'actionVeiculo'),
(1357, 'csoares', '11.1.116.20', 'Acessou o Programa', 'tabela_precos', '2015-02-27 12:35:35', 'actionPrograma'),
(1358, 'csoares', '11.1.116.20', 'Acessou o Programa', 'outernet_tabela_preco', '2015-02-27 12:36:02', 'actionPrograma'),
(1359, 'csoares', '11.1.116.20', 'Acessou o Veículo', 'outernet', '2015-02-27 12:36:08', 'actionVeiculo'),
(1360, 'frpereira', '11.1.108.34', 'Acessou o Veículo', 'outernet', '2015-02-27 12:36:11', 'actionVeiculo'),
(1361, 'fcalais', '11.1.116.20', 'Acessou o Veículo', 'band', '2015-02-27 12:39:00', 'actionVeiculo'),
(1362, 'fcalais', '11.1.116.20', 'Acessou o Veículo', 'band', '2015-02-27 12:39:02', 'actionVeiculo'),
(1363, 'fcalais', '11.1.116.20', 'Acessou o Programa', 'net_1001noites', '2015-02-27 12:39:06', 'actionPrograma'),
(1364, 'frpereira', '11.1.108.34', 'Acessou o Veículo', 'outernet', '2015-02-27 12:41:51', 'actionVeiculo'),
(1365, 'frpereira', '11.1.108.34', 'Acessou o Programa', 'outernet_colunistas', '2015-02-27 12:50:09', 'actionPrograma'),
(1366, 'frpereira', '11.1.108.34', 'Acessou o Veículo', 'outernet', '2015-02-27 12:50:24', 'actionVeiculo'),
(1367, 'jveronezi', '11.1.116.20', 'Acessou o Veículo', 'band', '2015-02-27 12:51:19', 'actionVeiculo'),
(1368, 'jveronezi', '11.1.116.20', 'Acessou o Veículo', 'band', '2015-02-27 12:51:21', 'actionVeiculo'),
(1369, 'jveronezi', '11.1.116.20', 'Acessou a Análise', 'maiores_anunciantes_agencia', '2015-02-27 12:52:06', 'actionAnalise'),
(1370, 'aracatuba', '72.246.216.144', 'Acessou o Veículo', 'band', '2015-02-27 12:59:30', 'actionVeiculo'),
(1371, 'aracatuba', '72.246.216.154', 'Acessou a Análise', 'maiores_anunciantes_agencia', '2015-02-27 13:01:46', 'actionAnalise'),
(1372, 'csoares', '11.1.116.20', 'Acessou o Veículo', 'outernet', '2015-02-27 14:26:55', 'actionVeiculo'),
(1373, 'csoares', '11.1.116.20', 'Acessou o Programa', 'outernet_colunistas', '2015-02-27 14:27:07', 'actionPrograma'),
(1374, 'csoares', '11.1.116.20', 'Acessou o Veículo', 'band', '2015-02-27 14:27:11', 'actionVeiculo'),
(1375, 'csoares', '11.1.116.20', 'Acessou o Veículo', 'band_news', '2015-02-27 14:53:49', 'actionVeiculo'),
(1376, 'csoares', '11.1.116.20', 'Acessou o Veículo', 'band_sports', '2015-02-27 14:53:52', 'actionVeiculo'),
(1377, 'csoares', '11.1.116.20', 'Acessou o Veículo', 'outernet', '2015-02-27 14:53:55', 'actionVeiculo'),
(1378, 'csoares', '11.1.116.20', 'Acessou o Veículo', 'band_news', '2015-02-27 14:54:03', 'actionVeiculo'),
(1379, 'csoares', '11.1.116.20', 'Acessou o Veículo', 'outernet', '2015-02-27 14:54:49', 'actionVeiculo'),
(1380, 'csoares', '11.1.116.20', 'Acessou a Análise', 'analise_investimento_meio', '2015-02-27 14:55:05', 'actionAnalise'),
(1381, 'csoares', '11.1.116.20', 'Acessou o Veículo', 'outernet', '2015-02-27 14:55:33', 'actionVeiculo'),
(1382, 'csoares', '11.1.116.20', 'Acessou a Análise', 'analise_investimento_meio', '2015-02-27 14:55:37', 'actionAnalise'),
(1383, 'csoares', '11.1.116.20', 'Acessou o Veículo', 'outernet', '2015-02-27 14:55:58', 'actionVeiculo'),
(1384, 'csoares', '11.1.116.20', 'Acessou a Análise', 'anunciantes_setor_meio', '2015-02-27 14:56:01', 'actionAnalise'),
(1385, 'mcapassi', '11.1.116.20', 'Acessou o Veículo', 'band_news', '2015-02-27 15:27:14', 'actionVeiculo'),
(1386, 'mcapassi', '11.1.116.20', 'Acessou a Análise', 'audiencia_emissora_newco', '2015-02-27 15:27:32', 'actionAnalise'),
(1387, 'rcbraga', '11.1.116.20', 'Acessou o Veículo', 'band_news', '2015-02-27 15:40:10', 'actionVeiculo'),
(1388, 'rcbraga', '11.1.116.20', 'Acessou o Programa', 'tabela_precos', '2015-02-27 15:40:19', 'actionPrograma'),
(1389, 'rcbraga', '11.1.116.20', 'Acessou o Veículo', 'band_sports', '2015-02-27 15:40:53', 'actionVeiculo'),
(1390, 'rcbraga', '11.1.116.20', 'Acessou o Programa', 'tabela_precos', '2015-02-27 15:40:58', 'actionPrograma'),
(1391, 'mcapassi', '11.1.116.20', 'Acessou o Veículo', 'band_news', '2015-02-27 15:50:27', 'actionVeiculo'),
(1392, 'mcapassi', '11.1.116.20', 'Acessou a Análise', 'audiencia_emissora_newco', '2015-02-27 15:51:02', 'actionAnalise'),
(1393, 'mcapassi', '11.1.116.20', 'Acessou o Veículo', 'band_news', '2015-02-27 15:56:27', 'actionVeiculo'),
(1394, 'mcapassi', '11.1.116.20', 'Acessou a Análise', 'targets_comportamentais', '2015-02-27 15:56:52', 'actionAnalise'),
(1395, 'mcapassi', '11.1.116.20', 'Acessou o Veículo', 'band_news', '2015-02-27 15:57:03', 'actionVeiculo'),
(1396, 'mcapassi', '11.1.116.20', 'Acessou a Análise', 'audiencia_emissora_newco', '2015-02-27 15:57:25', 'actionAnalise'),
(1397, 'mcapassi', '11.1.116.20', 'Acessou o Veículo', 'band_news', '2015-02-27 16:01:58', 'actionVeiculo'),
(1398, 'mcapassi', '11.1.116.20', 'Acessou a Análise', 'audiencia_emissora_newco', '2015-02-27 16:02:01', 'actionAnalise'),
(1399, 'mcapassi', '11.1.116.20', 'Acessou o Veículo', 'band_news', '2015-02-27 16:02:08', 'actionVeiculo'),
(1400, 'mcapassi', '11.1.116.20', 'Acessou a Análise', 'audiencia_emissora_newco', '2015-02-27 16:02:15', 'actionAnalise'),
(1401, 'mcapassi', '11.1.116.20', 'Acessou o Veículo', 'band_news', '2015-02-27 16:02:26', 'actionVeiculo'),
(1402, 'mcapassi', '11.1.116.20', 'Acessou a Análise', 'audiencia_emissora_newco', '2015-02-27 16:02:28', 'actionAnalise'),
(1403, 'mcapassi', '11.1.116.20', 'Acessou o Veículo', 'band_news', '2015-02-27 16:02:34', 'actionVeiculo'),
(1404, 'mcapassi', '11.1.116.20', 'Acessou a Análise', 'audiencia_emissora_newco', '2015-02-27 16:02:38', 'actionAnalise'),
(1405, 'jveronezi', '11.1.116.20', 'Acessou o Veículo', 'band', '2015-02-27 16:05:10', 'actionVeiculo'),
(1406, 'jveronezi', '11.1.116.20', 'Acessou o Veículo', 'band', '2015-02-27 16:05:11', 'actionVeiculo'),
(1407, 'jveronezi', '11.1.116.20', 'Acessou o Veículo', 'band', '2015-02-27 16:05:14', 'actionVeiculo'),
(1408, 'jveronezi', '11.1.116.20', 'Acessou o Veículo', 'band', '2015-02-27 16:05:16', 'actionVeiculo'),
(1409, 'jveronezi', '11.1.116.20', 'Acessou o Veículo', 'band', '2015-02-27 16:05:20', 'actionVeiculo'),
(1410, 'jveronezi', '11.1.116.20', 'Acessou o Veículo', 'band', '2015-02-27 16:05:22', 'actionVeiculo'),
(1411, 'jveronezi', '11.1.116.20', 'Acessou o Veículo', 'band', '2015-02-27 16:05:25', 'actionVeiculo'),
(1412, 'jveronezi', '11.1.116.20', 'Acessou o Veículo', 'band', '2015-02-27 16:05:27', 'actionVeiculo'),
(1413, 'jveronezi', '11.1.116.20', 'Acessou o Veículo', 'band', '2015-02-27 16:05:31', 'actionVeiculo'),
(1414, 'jveronezi', '11.1.116.20', 'Acessou o Veículo', 'band', '2015-02-27 16:05:32', 'actionVeiculo'),
(1415, 'jveronezi', '11.1.116.20', 'Acessou a Análise', 'maiores_anunciantes_agencia', '2015-02-27 16:05:38', 'actionAnalise'),
(1416, 'jveronezi', '11.1.116.20', 'Acessou a Análise', 'maiores_anunciantes_agencia', '2015-02-27 16:05:43', 'actionAnalise'),
(1417, 'jveronezi', '11.1.116.20', 'Acessou a Análise', 'maiores_anunciantes_agencia', '2015-02-27 16:05:46', 'actionAnalise'),
(1418, 'jveronezi', '11.1.116.20', 'Acessou a Análise', 'maiores_anunciantes_agencia', '2015-02-27 16:05:50', 'actionAnalise'),
(1419, 'jveronezi', '11.1.116.20', 'Acessou a Análise', 'maiores_anunciantes_agencia', '2015-02-27 16:05:54', 'actionAnalise'),
(1420, 'fhnascimento', '11.1.116.20', 'Acessou as Notícias', 'noticias', '2015-02-27 16:12:46', 'actionNoticias'),
(1421, 'groberti', '11.1.116.20', 'Acessou o Veículo', 'band', '2015-02-27 16:43:23', 'actionVeiculo'),
(1422, 'groberti', '11.1.116.20', 'Acessou o Veículo', 'band', '2015-02-27 16:43:24', 'actionVeiculo'),
(1423, 'groberti', '11.1.116.20', 'Acessou o Programa', 'apostila_inteligencia_mercado', '2015-02-27 16:43:31', 'actionPrograma'),
(1424, 'cleoncio', '177.159.181.152', 'Acessou o Veículo', 'band', '2015-02-27 16:53:31', 'actionVeiculo'),
(1425, 'cleoncio', '177.159.181.150', 'Acessou o Veículo', 'band', '2015-02-27 16:53:34', 'actionVeiculo'),
(1426, 'cwatanabe', '11.1.108.34', 'Acessou o Veículo', 'band_sat', '2015-02-27 16:54:55', 'actionVeiculo'),
(1427, 'cwatanabe', '11.1.108.34', 'Acessou o Programa', 'tabela_precos', '2015-02-27 16:55:01', 'actionPrograma'),
(1428, 'cwatanabe', '11.1.108.34', 'Acessou o Veículo', 'band', '2015-02-27 17:00:10', 'actionVeiculo'),
(1429, 'cwatanabe', '11.1.108.34', 'Acessou o Veículo', 'band', '2015-02-27 17:00:13', 'actionVeiculo'),
(1430, 'cwatanabe', '11.1.108.34', 'Acessou a Análise', 'prospeccao', '2015-02-27 17:02:17', 'actionAnalise'),
(1431, 'cleoncio', '177.159.181.150', 'Acessou a Análise', 'principais_targets_band', '2015-02-27 17:07:38', 'actionAnalise'),
(1432, 'csoares', '11.1.116.20', 'Acessou o Veículo', 'band', '2015-02-27 17:08:11', 'actionVeiculo'),
(1433, 'csoares', '11.1.116.20', 'Acessou o Veículo', 'band', '2015-02-27 17:08:12', 'actionVeiculo'),
(1434, 'csoares', '11.1.116.20', 'Acessou o Programa', 'net_sleepyhollow', '2015-02-27 17:08:26', 'actionPrograma'),
(1435, 'csoares', '11.1.116.20', 'Acessou o Veículo', 'band', '2015-02-27 17:09:26', 'actionVeiculo'),
(1436, 'csoares', '11.1.116.20', 'Acessou o Veículo', 'band', '2015-02-27 17:09:27', 'actionVeiculo'),
(1437, 'groberti', '11.1.116.20', 'Acessou o Veículo', 'band', '2015-02-27 17:10:07', 'actionVeiculo'),
(1438, 'groberti', '11.1.116.20', 'Acessou o Veículo', 'band', '2015-02-27 17:10:09', 'actionVeiculo'),
(1439, 'groberti', '11.1.116.20', 'Acessou o Veículo', 'band', '2015-02-27 17:10:09', 'actionVeiculo'),
(1440, 'groberti', '11.1.116.20', 'Acessou a Análise', 'midia_dados_2014', '2015-02-27 17:10:21', 'actionAnalise'),
(1441, 'csoares', '11.1.116.20', 'Acessou o Veículo', 'band', '2015-02-27 17:10:41', 'actionVeiculo'),
(1442, 'csoares', '11.1.116.20', 'Acessou o Veículo', 'band', '2015-02-27 17:10:42', 'actionVeiculo'),
(1443, 'groberti', '11.1.116.20', 'Acessou o Veículo', 'band', '2015-02-27 17:10:52', 'actionVeiculo'),
(1444, 'groberti', '11.1.116.20', 'Acessou o Veículo', 'band', '2015-02-27 17:10:53', 'actionVeiculo'),
(1445, 'groberti', '11.1.116.20', 'Acessou a Análise', 'midia_dados_2014', '2015-02-27 17:10:57', 'actionAnalise'),
(1446, 'groberti', '11.1.116.20', 'Acessou o Veículo', 'band_news', '2015-02-27 17:11:09', 'actionVeiculo'),
(1447, 'groberti', '11.1.116.20', 'Acessou o Veículo', 'band', '2015-02-27 17:11:18', 'actionVeiculo'),
(1448, 'groberti', '11.1.116.20', 'Acessou o Veículo', 'band', '2015-02-27 17:11:19', 'actionVeiculo'),
(1449, 'csoares', '11.1.116.20', 'Acessou o Programa', 'net_panico_2015', '2015-02-27 17:11:31', 'actionPrograma'),
(1450, 'csoares', '11.1.116.20', 'Fez Upload pelo Frontend', 'net_panico2015_planocomercial', '2015-02-27 17:13:11', 'actionUploadFile'),
(1451, 'csoares', '11.1.116.20', 'Acessou o Veículo', 'band', '2015-02-27 17:13:32', 'actionVeiculo'),
(1452, 'csoares', '11.1.116.20', 'Acessou o Veículo', 'band', '2015-02-27 17:13:33', 'actionVeiculo'),
(1453, 'csoares', '11.1.116.20', 'Acessou o Programa', 'net_panico_2015', '2015-02-27 17:13:39', 'actionPrograma'),
(1454, 'fcalais', '11.1.116.20', 'Acessou o Veículo', 'band', '2015-02-27 17:16:50', 'actionVeiculo'),
(1455, 'fcalais', '11.1.116.20', 'Acessou o Veículo', 'band', '2015-02-27 17:16:50', 'actionVeiculo'),
(1456, 'fcalais', '11.1.116.20', 'Acessou o Programa', 'net_aet_2015', '2015-02-27 17:16:54', 'actionPrograma'),
(1457, 'csoares', '11.1.116.20', 'Acessou o Veículo', 'band', '2015-02-27 17:21:29', 'actionVeiculo'),
(1458, 'csoares', '11.1.116.20', 'Acessou o Veículo', 'band', '2015-02-27 17:21:30', 'actionVeiculo'),
(1459, 'csoares', '11.1.116.20', 'Acessou o Programa', 'net_panico_2015', '2015-02-27 17:21:38', 'actionPrograma'),
(1460, 'csoares', '11.1.116.20', 'Acessou o Veículo', 'band', '2015-02-27 17:21:40', 'actionVeiculo'),
(1461, 'csoares', '11.1.116.20', 'Acessou o Veículo', 'band', '2015-02-27 17:21:47', 'actionVeiculo'),
(1462, 'csoares', '11.1.116.20', 'Acessou o Veículo', 'band', '2015-02-27 17:21:48', 'actionVeiculo'),
(1463, 'csoares', '11.1.116.20', 'Acessou o Programa', 'net_panico_2015', '2015-02-27 17:21:54', 'actionPrograma'),
(1464, 'csoares', '11.1.116.20', 'Acessou o Veículo', 'band', '2015-02-27 17:21:55', 'actionVeiculo'),
(1465, 'csoares', '11.1.116.20', 'Acessou o Veículo', 'band', '2015-02-27 17:22:01', 'actionVeiculo'),
(1466, 'csoares', '11.1.116.20', 'Acessou o Veículo', 'band', '2015-02-27 17:22:02', 'actionVeiculo'),
(1467, 'csoares', '11.1.116.20', 'Acessou o Veículo', 'band', '2015-02-27 17:23:30', 'actionVeiculo'),
(1468, 'csoares', '11.1.116.20', 'Acessou o Veículo', 'band', '2015-02-27 17:23:31', 'actionVeiculo'),
(1469, 'csoares', '11.1.116.20', 'Acessou o Programa', 'net_panico_2015', '2015-02-27 17:23:41', 'actionPrograma'),
(1470, 'csoares', '11.1.116.20', 'Acessou o Veículo', 'band', '2015-02-27 17:25:11', 'actionVeiculo'),
(1471, 'csoares', '11.1.116.20', 'Acessou o Veículo', 'band', '2015-02-27 17:25:12', 'actionVeiculo'),
(1472, 'csoares', '11.1.116.20', 'Acessou o Programa', 'net_panico_2015', '2015-02-27 17:25:21', 'actionPrograma'),
(1473, 'groberti', '11.1.116.20', 'Acessou o Veículo', 'band_sports', '2015-02-27 17:26:52', 'actionVeiculo'),
(1474, 'groberti', '11.1.116.20', 'Acessou o Veículo', 'outernet', '2015-02-27 17:26:57', 'actionVeiculo'),
(1475, 'cleoncio', '177.159.181.152', 'Acessou o Veículo', 'band', '2015-02-27 17:42:47', 'actionVeiculo'),
(1476, 'cleoncio', '177.159.181.150', 'Acessou o Veículo', 'band', '2015-02-27 17:42:49', 'actionVeiculo'),
(1477, 'cleoncio', '177.159.181.152', 'Acessou a Análise', 'principais_targets_band', '2015-02-27 17:42:55', 'actionAnalise'),
(1478, 'ldonato', '11.1.116.20', 'Acessou o Veículo', 'band', '2015-02-27 17:47:56', 'actionVeiculo'),
(1479, 'ldonato', '11.1.116.20', 'Acessou o Veículo', 'band', '2015-02-27 17:47:57', 'actionVeiculo'),
(1480, 'ldonato', '11.1.116.20', 'Acessou o Programa', 'cqc_2015', '2015-02-27 17:48:03', 'actionPrograma'),
(1481, 'ldonato', '11.1.116.20', 'Acessou o Veículo', 'band', '2015-02-27 17:53:17', 'actionVeiculo'),
(1482, 'ldonato', '11.1.116.20', 'Acessou o Veículo', 'band', '2015-02-27 17:53:19', 'actionVeiculo'),
(1483, 'ldonato', '11.1.116.20', 'Acessou o Programa', 'net_panico_2015', '2015-02-27 17:53:38', 'actionPrograma'),
(1484, 'rpbarros', '11.1.116.20', 'Acessou o Veículo', 'band_news', '2015-02-27 17:55:42', 'actionVeiculo'),
(1485, 'rpbarros', '11.1.116.20', 'Acessou a Análise', 'analise_investimento_meio', '2015-02-27 17:56:10', 'actionAnalise'),
(1486, 'rpbarros', '11.1.116.20', 'Acessou o Veículo', 'band_news', '2015-02-27 17:56:57', 'actionVeiculo'),
(1487, 'rpbarros', '11.1.116.20', 'Acessou o Veículo', 'band_news', '2015-02-27 17:56:58', 'actionVeiculo'),
(1488, 'rpbarros', '11.1.116.20', 'Acessou o Veículo', 'band_news', '2015-02-27 17:56:58', 'actionVeiculo'),
(1489, 'rpbarros', '11.1.116.20', 'Acessou a Análise', 'agenda_anunciantes_newco', '2015-02-27 17:58:43', 'actionAnalise'),
(1490, 'fcouto', '177.159.174.5', 'Acessou o Veículo', 'band', '2015-03-01 12:15:31', 'actionVeiculo'),
(1491, 'fcouto', '177.159.174.45', 'Acessou o Veículo', 'band', '2015-03-01 12:15:33', 'actionVeiculo'),
(1492, 'fcouto', '177.159.174.5', 'Acessou a Análise', 'agenda_anunciantes_agencia', '2015-03-01 12:15:36', 'actionAnalise'),
(1493, 'fcouto', '177.159.174.45', 'Acessou o Veículo', 'band_news', '2015-03-01 12:25:00', 'actionVeiculo'),
(1494, 'fcouto', '177.159.174.45', 'Acessou o Veículo', 'band', '2015-03-01 12:25:14', 'actionVeiculo'),
(1495, 'fcouto', '177.159.174.5', 'Acessou o Veículo', 'band', '2015-03-01 12:25:16', 'actionVeiculo'),
(1496, 'fcouto', '177.159.174.45', 'Acessou a Análise', 'prospeccao', '2015-03-01 12:25:24', 'actionAnalise'),
(1497, 'fcouto', '177.159.174.45', 'Acessou o Veículo', 'band', '2015-03-01 12:29:29', 'actionVeiculo'),
(1498, 'fcouto', '177.159.174.5', 'Acessou o Veículo', 'band', '2015-03-01 12:29:31', 'actionVeiculo'),
(1499, 'fcouto', '177.159.174.45', 'Acessou a Análise', 'agenda_anunciantes_agencia', '2015-03-01 12:29:34', 'actionAnalise'),
(1500, 'fcouto', '177.159.174.5', 'Acessou o Veículo', 'band_news', '2015-03-01 12:42:46', 'actionVeiculo'),
(1501, 'fcouto', '177.159.174.5', 'Acessou a Análise', 'tatica_tv_aberta', '2015-03-01 12:42:57', 'actionAnalise'),
(1502, 'fcouto', '177.159.181.150', 'Acessou o Veículo', 'band_news', '2015-03-01 12:52:24', 'actionVeiculo'),
(1503, 'fcouto', '177.159.181.150', 'Acessou a Análise', 'agenda_anunciantes_newco', '2015-03-01 12:52:27', 'actionAnalise'),
(1504, 'fcouto', '177.159.174.45', 'Acessou o Veículo', 'band_news', '2015-03-01 12:54:34', 'actionVeiculo'),
(1505, 'fcouto', '177.159.174.45', 'Acessou a Análise', 'anunciantes_agencia', '2015-03-01 12:54:47', 'actionAnalise'),
(1506, 'fcouto', '177.159.174.45', 'Acessou o Veículo', 'band', '2015-03-01 12:55:49', 'actionVeiculo'),
(1507, 'fcouto', '177.159.174.45', 'Acessou o Veículo', 'band', '2015-03-01 12:55:51', 'actionVeiculo'),
(1508, 'fcouto', '177.159.174.45', 'Acessou a Análise', 'maiores_anunciantes_agencia', '2015-03-01 12:56:04', 'actionAnalise'),
(1509, 'fcouto', '177.159.174.5', 'Acessou o Veículo', 'band_news', '2015-03-01 13:38:38', 'actionVeiculo'),
(1510, 'tbonan', '72.246.216.154', 'Acessou o Veículo', 'band', '2015-03-02 09:08:06', 'actionVeiculo'),
(1511, 'tbonan', '72.246.216.154', 'Acessou o Veículo', 'band', '2015-03-02 09:08:36', 'actionVeiculo'),
(1512, 'mdnassin', '11.1.116.20', 'Acessou o Veículo', 'band', '2015-03-02 09:12:18', 'actionVeiculo'),
(1513, 'mdnassin', '11.1.116.20', 'Acessou o Veículo', 'band', '2015-03-02 09:12:22', 'actionVeiculo'),
(1514, 'mdnassin', '11.1.116.20', 'Acessou a Análise', 'agenda_anunciantes_agencia', '2015-03-02 09:12:39', 'actionAnalise'),
(1515, 'tbonan', '72.246.216.154', 'Acessou o Veículo', 'band', '2015-03-02 09:12:52', 'actionVeiculo'),
(1516, 'tbonan', '72.246.216.144', 'Acessou o Veículo', 'band', '2015-03-02 09:14:12', 'actionVeiculo'),
(1517, 'tbonan', '72.246.216.154', 'Acessou o Veículo', 'band', '2015-03-02 09:14:16', 'actionVeiculo'),
(1518, 'mdnassin', '11.1.116.20', 'Terminou aplicação', 'logout', '2015-03-02 09:21:29', 'actionLogout'),
(1519, 'rpbarros', '11.1.116.20', 'Acessou o Veículo', 'band_news', '2015-03-02 09:22:06', 'actionVeiculo'),
(1520, 'rpbarros', '11.1.116.20', 'Acessou a Análise', 'audiencia_programa_newco', '2015-03-02 09:22:20', 'actionAnalise'),
(1521, 'rpbarros', '11.1.116.20', 'Acessou o Veículo', 'band_news', '2015-03-02 09:23:14', 'actionVeiculo'),
(1522, 'rpbarros', '11.1.116.20', 'Acessou a Análise', 'anunciantes_agencia', '2015-03-02 09:23:26', 'actionAnalise'),
(1523, 'leduardo', '72.246.216.144', 'Acessou o Veículo', 'band', '2015-03-02 09:24:16', 'actionVeiculo'),
(1524, 'leduardo', '72.246.216.154', 'Acessou o Veículo', 'band', '2015-03-02 09:24:18', 'actionVeiculo'),
(1525, 'leduardo', '72.246.216.154', 'Acessou a Análise', 'agenda_anunciantes_agencia', '2015-03-02 09:24:41', 'actionAnalise'),
(1526, 'leduardo', '72.246.216.144', 'Acessou o Veículo', 'band', '2015-03-02 09:24:51', 'actionVeiculo'),
(1527, 'leduardo', '72.246.216.154', 'Acessou a Análise', 'audiencia_programa', '2015-03-02 09:25:04', 'actionAnalise'),
(1528, 'leduardo', '72.246.216.144', 'Acessou o Veículo', 'band', '2015-03-02 09:25:20', 'actionVeiculo'),
(1529, 'leduardo', '72.246.216.154', 'Acessou a Análise', 'audiencia_programa_pracas_especiais', '2015-03-02 09:25:30', 'actionAnalise'),
(1530, 'rpbarros', '11.1.116.20', 'Acessou o Veículo', 'band_news', '2015-03-02 09:30:02', 'actionVeiculo'),
(1531, 'rpbarros', '11.1.116.20', 'Acessou a Análise', 'midia_dados_2014', '2015-03-02 09:30:15', 'actionAnalise'),
(1532, 'rpbarros', '11.1.116.20', 'Acessou o Veículo', 'band_news', '2015-03-02 09:31:30', 'actionVeiculo'),
(1533, 'rpbarros', '11.1.116.20', 'Acessou a Análise', 'tatica_tv_aberta', '2015-03-02 09:31:35', 'actionAnalise'),
(1534, 'lfsousa', '11.1.116.20', 'Acessou o Veículo', 'band', '2015-03-02 09:42:11', 'actionVeiculo'),
(1535, 'lfsousa', '11.1.116.20', 'Acessou o Veículo', 'band', '2015-03-02 09:42:13', 'actionVeiculo'),
(1536, 'lfsousa', '11.1.116.20', 'Acessou o Veículo', 'band', '2015-03-02 09:43:16', 'actionVeiculo'),
(1537, 'lfsousa', '11.1.116.20', 'Acessou o Veículo', 'band', '2015-03-02 09:43:17', 'actionVeiculo'),
(1538, 'lfsousa', '11.1.116.20', 'Acessou a Análise', 'perfil_audiencia_programa', '2015-03-02 09:43:24', 'actionAnalise'),
(1539, 'jveronezi', '11.1.116.20', 'Acessou o Veículo', 'band', '2015-03-02 09:56:13', 'actionVeiculo'),
(1540, 'jveronezi', '11.1.116.20', 'Acessou o Veículo', 'band', '2015-03-02 09:56:14', 'actionVeiculo'),
(1541, 'jveronezi', '11.1.116.20', 'Acessou o Veículo', 'band', '2015-03-02 09:56:15', 'actionVeiculo'),
(1542, 'jveronezi', '11.1.116.20', 'Acessou a Análise', 'maiores_anunciantes_agencia', '2015-03-02 09:56:20', 'actionAnalise'),
(1543, 'jveronezi', '11.1.116.20', 'Acessou o Veículo', 'band', '2015-03-02 09:56:44', 'actionVeiculo'),
(1544, 'jveronezi', '11.1.116.20', 'Acessou o Veículo', 'band', '2015-03-02 09:56:45', 'actionVeiculo'),
(1545, 'jveronezi', '11.1.116.20', 'Acessou a Análise', 'maiores_anunciantes_agencia', '2015-03-02 09:56:50', 'actionAnalise'),
(1546, 'jveronezi', '11.1.116.20', 'Acessou o Veículo', 'band', '2015-03-02 09:56:55', 'actionVeiculo'),
(1547, 'jveronezi', '11.1.116.20', 'Acessou o Veículo', 'band', '2015-03-02 09:56:57', 'actionVeiculo'),
(1548, 'jveronezi', '11.1.116.20', 'Acessou a Análise', 'maiores_anunciantes_agencia', '2015-03-02 09:57:03', 'actionAnalise'),
(1549, 'jveronezi', '11.1.116.20', 'Acessou o Veículo', 'band', '2015-03-02 09:57:09', 'actionVeiculo'),
(1550, 'jveronezi', '11.1.116.20', 'Acessou o Veículo', 'band', '2015-03-02 09:57:10', 'actionVeiculo'),
(1551, 'jveronezi', '11.1.116.20', 'Acessou a Análise', 'maiores_anunciantes_agencia', '2015-03-02 09:57:22', 'actionAnalise'),
(1552, 'jveronezi', '11.1.116.20', 'Acessou o Veículo', 'band', '2015-03-02 09:57:28', 'actionVeiculo'),
(1553, 'jveronezi', '11.1.116.20', 'Acessou o Veículo', 'band', '2015-03-02 09:57:30', 'actionVeiculo'),
(1554, 'jveronezi', '11.1.116.20', 'Acessou a Análise', 'maiores_anunciantes_agencia', '2015-03-02 09:57:38', 'actionAnalise'),
(1555, 'jveronezi', '11.1.116.20', 'Acessou o Veículo', 'band', '2015-03-02 09:57:42', 'actionVeiculo'),
(1556, 'jveronezi', '11.1.116.20', 'Acessou o Veículo', 'band', '2015-03-02 09:57:44', 'actionVeiculo'),
(1557, 'jveronezi', '11.1.116.20', 'Acessou a Análise', 'maiores_anunciantes_agencia', '2015-03-02 09:57:47', 'actionAnalise'),
(1558, 'jveronezi', '11.1.116.20', 'Acessou o Veículo', 'band', '2015-03-02 09:57:51', 'actionVeiculo'),
(1559, 'jveronezi', '11.1.116.20', 'Acessou o Veículo', 'band', '2015-03-02 09:57:53', 'actionVeiculo'),
(1560, 'jveronezi', '11.1.116.20', 'Acessou a Análise', 'maiores_anunciantes_agencia', '2015-03-02 09:57:59', 'actionAnalise'),
(1561, 'jveronezi', '11.1.116.20', 'Acessou o Veículo', 'band', '2015-03-02 09:58:03', 'actionVeiculo'),
(1562, 'jveronezi', '11.1.116.20', 'Acessou o Veículo', 'band', '2015-03-02 09:58:05', 'actionVeiculo'),
(1563, 'jveronezi', '11.1.116.20', 'Acessou a Análise', 'maiores_anunciantes_agencia', '2015-03-02 09:58:10', 'actionAnalise'),
(1564, 'lfsousa', '11.1.116.20', 'Acessou o Veículo', 'band', '2015-03-02 09:58:30', 'actionVeiculo'),
(1565, 'lfsousa', '11.1.116.20', 'Acessou o Veículo', 'band', '2015-03-02 09:58:31', 'actionVeiculo'),
(1566, 'lfsousa', '11.1.116.20', 'Acessou a Análise', 'principais_targets_band', '2015-03-02 09:59:04', 'actionAnalise'),
(1567, 'rpbarros', '11.1.116.20', 'Acessou o Veículo', 'band_news', '2015-03-02 10:11:32', 'actionVeiculo'),
(1568, 'csoares', '11.1.116.20', 'Acessou o Veículo', 'band_news', '2015-03-02 10:40:15', 'actionVeiculo'),
(1569, 'csoares', '11.1.116.20', 'Acessou o Programa', 'tabela_precos', '2015-03-02 10:40:43', 'actionPrograma'),
(1570, 'jvbarros', '11.1.116.20', 'Acessou o Veículo', 'band', '2015-03-02 10:50:26', 'actionVeiculo'),
(1571, 'jvbarros', '11.1.116.20', 'Acessou o Veículo', 'band', '2015-03-02 10:50:27', 'actionVeiculo'),
(1572, 'jvbarros', '11.1.116.20', 'Acessou o Programa', 'futebol_2015', '2015-03-02 10:50:44', 'actionPrograma'),
(1573, 'jvbarros', '11.1.116.20', 'Fez Upload pelo Frontend', 'net_futebol2015_plano_comercial', '2015-03-02 10:52:43', 'actionUploadFile'),
(1574, 'jvbarros', '11.1.116.20', 'Acessou o Veículo', 'band', '2015-03-02 10:52:59', 'actionVeiculo'),
(1575, 'jvbarros', '11.1.116.20', 'Acessou o Veículo', 'band', '2015-03-02 10:53:00', 'actionVeiculo'),
(1576, 'jvbarros', '11.1.116.20', 'Acessou o Programa', 'futebol_2015', '2015-03-02 10:53:05', 'actionPrograma'),
(1577, 'jvbarros', '11.1.116.20', 'Acessou o Veículo', 'band', '2015-03-02 10:55:29', 'actionVeiculo'),
(1578, 'cleoncio', '72.246.216.154', 'Acessou o Veículo', 'band', '2015-03-02 11:01:51', 'actionVeiculo'),
(1579, 'cleoncio', '72.246.216.144', 'Acessou o Veículo', 'band', '2015-03-02 11:01:52', 'actionVeiculo'),
(1580, 'cleoncio', '72.246.216.154', 'Acessou a Análise', 'cpp_cpm', '2015-03-02 11:01:59', 'actionAnalise'),
(1581, 'tbonan', '72.246.216.144', 'Acessou o Veículo', 'band', '2015-03-02 11:11:50', 'actionVeiculo'),
(1582, 'tbonan', '72.246.216.144', 'Acessou o Veículo', 'band', '2015-03-02 11:11:57', 'actionVeiculo'),
(1583, 'leduardo', '72.246.216.154', 'Acessou o Veículo', 'band', '2015-03-02 11:14:23', 'actionVeiculo'),
(1584, 'leduardo', '72.246.216.154', 'Acessou o Veículo', 'band', '2015-03-02 11:15:02', 'actionVeiculo'),
(1585, 'lfsousa', '72.246.216.154', 'Acessou o Veículo', 'band', '2015-03-02 11:22:46', 'actionVeiculo'),
(1586, 'lfsousa', '72.246.216.144', 'Acessou o Veículo', 'band', '2015-03-02 11:22:48', 'actionVeiculo'),
(1587, 'lfsousa', '72.246.216.144', 'Acessou a Análise', 'audiencia_programa', '2015-03-02 11:22:55', 'actionAnalise'),
(1588, 'lfsousa', '72.246.216.144', 'Acessou o Veículo', 'band', '2015-03-02 11:25:00', 'actionVeiculo'),
(1589, 'lfsousa', '72.246.216.144', 'Acessou o Veículo', 'band', '2015-03-02 11:25:02', 'actionVeiculo'),
(1590, 'lfsousa', '72.246.216.154', 'Acessou a Análise', 'perfil_audiencia_programa', '2015-03-02 11:25:09', 'actionAnalise'),
(1591, 'rwoerle', '11.1.116.20', 'Acessou o Veículo', 'band', '2015-03-02 11:53:44', 'actionVeiculo'),
(1592, 'rwoerle', '11.1.116.20', 'Acessou o Veículo', 'band', '2015-03-02 11:53:47', 'actionVeiculo'),
(1593, 'rwoerle', '11.1.116.20', 'Acessou o Programa', 'net_aet_2015', '2015-03-02 11:53:54', 'actionPrograma'),
(1594, 'csoares', '11.1.116.20', 'Acessou o Veículo', 'band', '2015-03-02 11:54:14', 'actionVeiculo'),
(1595, 'csoares', '11.1.116.20', 'Acessou o Veículo', 'band', '2015-03-02 11:54:16', 'actionVeiculo'),
(1596, 'csoares', '11.1.116.20', 'Acessou o Programa', 'net_jogos_olimpicos_rio2016 ', '2015-03-02 11:54:22', 'actionPrograma'),
(1597, 'rwoerle', '11.1.116.20', 'Fez Upload pelo Frontend', 'net_aet_plano_comercial_2015', '2015-03-02 11:55:11', 'actionUploadFile'),
(1598, 'rwoerle', '11.1.116.20', 'Acessou o Veículo', 'band', '2015-03-02 11:55:12', 'actionVeiculo'),
(1599, 'rwoerle', '11.1.116.20', 'Acessou o Programa', 'cqc_2015', '2015-03-02 11:55:15', 'actionPrograma'),
(1600, 'rwoerle', '11.1.116.20', 'Fez Upload pelo Frontend', 'net_cqc2015_plano_comercial', '2015-03-02 11:55:29', 'actionUploadFile'),
(1601, 'rwoerle', '11.1.116.20', 'Acessou o Veículo', 'band', '2015-03-02 11:55:30', 'actionVeiculo'),
(1602, 'rwoerle', '11.1.116.20', 'Acessou o Programa', 'net_panico_2015', '2015-03-02 11:55:33', 'actionPrograma'),
(1603, 'rwoerle', '11.1.116.20', 'Fez Upload pelo Frontend', 'net_panico2015_planocomercial', '2015-03-02 11:55:49', 'actionUploadFile'),
(1604, 'rwoerle', '11.1.116.20', 'Acessou o Veículo', 'band', '2015-03-02 11:56:08', 'actionVeiculo'),
(1605, 'leduardo', '72.246.216.154', 'Acessou o Veículo', 'band', '2015-03-02 12:11:06', 'actionVeiculo'),
(1606, 'leduardo', '72.246.216.144', 'Acessou o Veículo', 'band', '2015-03-02 12:11:20', 'actionVeiculo'),
(1607, 'leduardo', '72.246.216.154', 'Acessou o Veículo', 'band', '2015-03-02 12:11:25', 'actionVeiculo'),
(1608, 'rpbarros', '11.1.116.20', 'Acessou o Veículo', 'terra_viva', '2015-03-02 12:16:23', 'actionVeiculo'),
(1609, 'rpbarros', '11.1.116.20', 'Acessou o Programa', 'tabela_precos', '2015-03-02 12:16:30', 'actionPrograma'),
(1610, 'rpbarros', '11.1.116.20', 'Acessou o Veículo', 'outernet', '2015-03-02 12:21:37', 'actionVeiculo'),
(1611, 'rpbarros', '11.1.116.20', 'Acessou a Análise', 'penetracao_consumo_meios', '2015-03-02 12:21:43', 'actionAnalise'),
(1612, 'csoares', '11.1.116.20', 'Acessou o Veículo', 'band', '2015-03-02 13:25:26', 'actionVeiculo'),
(1613, 'csoares', '11.1.116.20', 'Acessou o Veículo', 'band', '2015-03-02 13:25:30', 'actionVeiculo'),
(1614, 'csoares', '11.1.116.20', 'Acessou o Programa', 'tabela_precos', '2015-03-02 13:25:41', 'actionPrograma'),
(1615, 'lacarvalho', '72.246.216.154', 'Acessou o Veículo', 'band', '2015-03-02 13:58:54', 'actionVeiculo'),
(1616, 'lacarvalho', '72.246.216.154', 'Acessou o Veículo', 'band', '2015-03-02 13:59:03', 'actionVeiculo'),
(1617, 'lacarvalho', '72.246.216.154', 'Acessou a Análise', 'audiencia_programa', '2015-03-02 13:59:30', 'actionAnalise'),
(1618, 'lfsousa', '72.246.216.154', 'Acessou o Veículo', 'band', '2015-03-02 14:05:52', 'actionVeiculo'),
(1619, 'lfsousa', '72.246.216.154', 'Acessou o Veículo', 'band', '2015-03-02 14:06:09', 'actionVeiculo'),
(1620, 'lfsousa', '72.246.216.144', 'Acessou o Veículo', 'band', '2015-03-02 14:06:10', 'actionVeiculo'),
(1621, 'lfsousa', '72.246.216.154', 'Acessou a Análise', 'principais_targets_band', '2015-03-02 14:06:30', 'actionAnalise'),
(1622, 'csoares', '11.1.116.20', 'Acessou o Veículo', 'band', '2015-03-02 14:10:13', 'actionVeiculo'),
(1623, 'csoares', '11.1.116.20', 'Acessou o Veículo', 'band', '2015-03-02 14:10:15', 'actionVeiculo'),
(1624, 'refarias', '11.1.116.20', 'Acessou o Veículo', 'band', '2015-03-02 14:11:07', 'actionVeiculo'),
(1625, 'refarias', '11.1.116.20', 'Acessou o Veículo', 'band', '2015-03-02 14:11:08', 'actionVeiculo'),
(1626, 'refarias', '11.1.116.20', 'Acessou o Veículo', 'band', '2015-03-02 14:11:32', 'actionVeiculo'),
(1627, 'refarias', '11.1.116.20', 'Acessou o Veículo', 'band', '2015-03-02 14:11:33', 'actionVeiculo'),
(1628, 'refarias', '11.1.116.20', 'Acessou a Análise', 'analise_share_mercado', '2015-03-02 14:11:39', 'actionAnalise'),
(1629, 'csoares', '11.1.116.20', 'Acessou o Programa', 'tabela_precos', '2015-03-02 14:15:37', 'actionPrograma'),
(1630, 'lfsousa', '11.1.116.20', 'Acessou o Veículo', 'band', '2015-03-02 14:15:50', 'actionVeiculo'),
(1631, 'lfsousa', '11.1.116.20', 'Acessou o Veículo', 'band', '2015-03-02 14:15:52', 'actionVeiculo'),
(1632, 'lfsousa', '11.1.116.20', 'Acessou a Análise', 'audiencia_programa', '2015-03-02 14:16:10', 'actionAnalise'),
(1633, 'lfsousa', '11.1.116.20', 'Acessou o Veículo', 'band', '2015-03-02 14:17:44', 'actionVeiculo'),
(1634, 'lfsousa', '11.1.116.20', 'Acessou o Veículo', 'band', '2015-03-02 14:17:46', 'actionVeiculo'),
(1635, 'lfsousa', '11.1.116.20', 'Acessou a Análise', 'inter_meios', '2015-03-02 14:18:15', 'actionAnalise'),
(1636, 'frpereira', '11.1.108.34', 'Acessou o Veículo', 'outernet', '2015-03-02 14:18:24', 'actionVeiculo'),
(1637, 'refarias', '11.1.116.20', 'Acessou o Veículo', 'band', '2015-03-02 14:20:56', 'actionVeiculo'),
(1638, 'refarias', '11.1.116.20', 'Acessou o Veículo', 'band', '2015-03-02 14:21:00', 'actionVeiculo'),
(1639, 'lfsousa', '11.1.116.20', 'Acessou o Veículo', 'band', '2015-03-02 14:21:14', 'actionVeiculo'),
(1640, 'lfsousa', '11.1.116.20', 'Acessou o Veículo', 'band', '2015-03-02 14:21:16', 'actionVeiculo'),
(1641, 'refarias', '11.1.116.20', 'Acessou a Análise', 'analise_share_mercado', '2015-03-02 14:21:31', 'actionAnalise'),
(1642, 'lfsousa', '11.1.116.20', 'Acessou a Análise', 'tatica_tv_aberta', '2015-03-02 14:23:21', 'actionAnalise'),
(1643, 'lfsousa', '11.1.116.20', 'Acessou o Veículo', 'band', '2015-03-02 14:23:43', 'actionVeiculo'),
(1644, 'lfsousa', '11.1.116.20', 'Acessou o Veículo', 'band', '2015-03-02 14:23:48', 'actionVeiculo'),
(1645, 'lfsousa', '11.1.116.20', 'Acessou a Análise', 'analise_investimento_meio', '2015-03-02 14:23:58', 'actionAnalise'),
(1646, 'vebarra', '11.1.147.113', 'Acessou o Veículo', 'outernet', '2015-03-02 14:25:58', 'actionVeiculo'),
(1647, 'vebarra', '11.1.147.113', 'Acessou o Programa', 'outernet_apresentacao', '2015-03-02 14:26:11', 'actionPrograma'),
(1648, 'vebarra', '11.1.147.113', 'Acessou o Veículo', 'outernet', '2015-03-02 14:27:03', 'actionVeiculo'),
(1649, 'vebarra', '11.1.147.113', 'Acessou o Programa', 'outernet_culinaria', '2015-03-02 14:27:16', 'actionPrograma'),
(1650, 'vebarra', '11.1.147.113', 'Acessou o Veículo', 'outernet', '2015-03-02 14:27:21', 'actionVeiculo'),
(1651, 'vebarra', '11.1.147.113', 'Acessou o Programa', 'outernet_colunistas', '2015-03-02 14:27:22', 'actionPrograma'),
(1652, 'vebarra', '11.1.147.113', 'Acessou o Veículo', 'outernet', '2015-03-02 14:27:26', 'actionVeiculo'),
(1653, 'vebarra', '11.1.147.113', 'Acessou o Programa', 'outernet_cases', '2015-03-02 14:27:28', 'actionPrograma'),
(1654, 'vebarra', '11.1.147.113', 'Acessou o Veículo', 'outernet', '2015-03-02 14:27:30', 'actionVeiculo'),
(1655, 'refarias', '11.1.116.20', 'Acessou o Veículo', 'band', '2015-03-02 14:28:27', 'actionVeiculo'),
(1656, 'refarias', '11.1.116.20', 'Acessou o Veículo', 'band', '2015-03-02 14:28:29', 'actionVeiculo'),
(1657, 'refarias', '11.1.116.20', 'Acessou a Análise', 'perfil_investimento_programa', '2015-03-02 14:29:06', 'actionAnalise'),
(1658, 'lfsousa', '72.246.216.144', 'Acessou o Veículo', 'band', '2015-03-02 14:31:04', 'actionVeiculo'),
(1659, 'csoares', '11.1.116.20', 'Terminou aplicação', 'logout', '2015-03-02 14:31:49', 'actionLogout'),
(1660, 'csoares', '11.1.116.20', 'Terminou aplicação', 'logout', '2015-03-02 14:32:47', 'actionLogout'),
(1661, 'lfsousa', '72.246.216.154', 'Acessou a Análise', 'sazionalidade_investimento', '2015-03-02 14:40:25', 'actionAnalise'),
(1662, 'lfsousa', '72.246.216.154', 'Acessou o Veículo', 'band', '2015-03-02 14:41:36', 'actionVeiculo'),
(1663, 'lfsousa', '72.246.216.154', 'Acessou a Análise', 'perfil_audiencia_programa', '2015-03-02 14:42:15', 'actionAnalise'),
(1664, 'csoares', '11.1.116.20', 'Acessou o Veículo', 'band', '2015-03-02 14:44:20', 'actionVeiculo'),
(1665, 'csoares', '11.1.116.20', 'Acessou o Veículo', 'band', '2015-03-02 14:44:22', 'actionVeiculo'),
(1666, 'lfsousa', '72.246.216.154', 'Acessou o Veículo', 'band', '2015-03-02 14:45:04', 'actionVeiculo'),
(1667, 'lfsousa', '72.246.216.154', 'Acessou a Análise', 'perfil_investimento_programa', '2015-03-02 14:45:34', 'actionAnalise'),
(1668, 'csoares', '11.1.116.20', 'Acessou o Veículo', 'band', '2015-03-02 14:50:27', 'actionVeiculo'),
(1669, 'csoares', '11.1.116.20', 'Acessou o Veículo', 'band', '2015-03-02 14:50:29', 'actionVeiculo'),
(1670, 'csoares', '11.1.116.20', 'Acessou o Programa', 'net_simulacao_programacao', '2015-03-02 14:50:47', 'actionPrograma'),
(1671, 'rcbraga', '11.1.116.20', 'Acessou o Veículo', 'band', '2015-03-02 15:05:01', 'actionVeiculo'),
(1672, 'rcbraga', '11.1.116.20', 'Acessou o Veículo', 'band', '2015-03-02 15:05:02', 'actionVeiculo'),
(1673, 'rcbraga', '11.1.116.20', 'Acessou o Programa', 'tabela_precos', '2015-03-02 15:05:08', 'actionPrograma'),
(1674, 'rpbarros', '11.1.116.20', 'Acessou o Veículo', 'band_news', '2015-03-02 15:06:04', 'actionVeiculo'),
(1675, 'rpbarros', '11.1.116.20', 'Acessou a Análise', 'desempenho_programas_targets', '2015-03-02 15:06:10', 'actionAnalise'),
(1676, 'rpbarros', '11.1.116.20', 'Acessou o Veículo', 'band_news', '2015-03-02 15:07:13', 'actionVeiculo'),
(1677, 'rpbarros', '11.1.116.20', 'Acessou a Análise', 'desempenho_programas_targets', '2015-03-02 15:07:16', 'actionAnalise'),
(1678, 'csoares', '11.1.116.20', 'Acessou o Veículo', 'band', '2015-03-02 15:07:40', 'actionVeiculo'),
(1679, 'csoares', '11.1.116.20', 'Acessou o Programa', 'tabela_precos', '2015-03-02 15:07:49', 'actionPrograma'),
(1680, 'cleoncio', '72.246.216.144', 'Acessou o Veículo', 'band', '2015-03-02 15:12:06', 'actionVeiculo'),
(1681, 'cleoncio', '72.246.216.154', 'Acessou o Veículo', 'band', '2015-03-02 15:12:08', 'actionVeiculo'),
(1682, 'cleoncio', '72.246.216.144', 'Acessou a Análise', 'analise_investimento_meio', '2015-03-02 15:12:48', 'actionAnalise'),
(1683, 'cleoncio', '72.246.216.144', 'Acessou a Análise', 'analise_investimento_meio', '2015-03-02 15:13:51', 'actionAnalise'),
(1684, 'rpbarros', '11.1.116.20', 'Acessou o Veículo', 'band_news', '2015-03-02 15:19:44', 'actionVeiculo'),
(1685, 'rpbarros', '11.1.116.20', 'Acessou a Análise', 'audiencia_emissora_newco', '2015-03-02 15:19:57', 'actionAnalise'),
(1686, 'rpbarros', '11.1.116.20', 'Acessou o Veículo', 'band_news', '2015-03-02 15:21:13', 'actionVeiculo'),
(1687, 'rpbarros', '11.1.116.20', 'Acessou a Análise', 'audiencia_emissora_newco', '2015-03-02 15:21:31', 'actionAnalise'),
(1688, 'fcouto', '11.1.116.20', 'Acessou o Veículo', 'band_news', '2015-03-02 15:22:57', 'actionVeiculo'),
(1689, 'fcouto', '11.1.116.20', 'Acessou a Análise', 'agenda_anunciantes_newco', '2015-03-02 15:23:01', 'actionAnalise'),
(1690, 'fcouto', '11.1.116.20', 'Acessou o Veículo', 'band_news', '2015-03-02 15:23:19', 'actionVeiculo'),
(1691, 'rwoerle', '11.1.116.20', 'Acessou o Veículo', 'band', '2015-03-02 15:23:25', 'actionVeiculo'),
(1692, 'rwoerle', '11.1.116.20', 'Acessou o Veículo', 'band', '2015-03-02 15:23:26', 'actionVeiculo'),
(1693, 'fcouto', '11.1.116.20', 'Acessou a Análise', 'anunciantes_agencia', '2015-03-02 15:23:26', 'actionAnalise'),
(1694, 'rpbarros', '11.1.116.20', 'Acessou o Veículo', 'band_news', '2015-03-02 15:30:13', 'actionVeiculo'),
(1695, 'rpbarros', '11.1.116.20', 'Acessou o Veículo', 'band_news', '2015-03-02 15:32:40', 'actionVeiculo'),
(1696, 'rpbarros', '11.1.116.20', 'Acessou a Análise', 'audiencia_emissora_newco', '2015-03-02 15:32:44', 'actionAnalise'),
(1697, 'csoares', '11.1.116.20', 'Acessou o Veículo', 'band', '2015-03-02 15:35:05', 'actionVeiculo'),
(1698, 'csoares', '11.1.116.20', 'Acessou o Veículo', 'band', '2015-03-02 15:35:16', 'actionVeiculo'),
(1699, 'csoares', '11.1.116.20', 'Acessou o Programa', 'net_simulacao_programacao', '2015-03-02 15:35:25', 'actionPrograma'),
(1700, 'rpbarros', '11.1.116.20', 'Acessou o Veículo', 'band_news', '2015-03-02 15:37:51', 'actionVeiculo'),
(1701, 'rpbarros', '11.1.116.20', 'Acessou a Análise', 'audiencia_emissora_newco', '2015-03-02 15:37:54', 'actionAnalise'),
(1702, 'csoares', '11.1.116.20', 'Acessou o Veículo', 'band', '2015-03-02 15:40:08', 'actionVeiculo'),
(1703, 'frpereira', '11.1.108.34', 'Acessou o Veículo', 'outernet', '2015-03-02 15:40:13', 'actionVeiculo'),
(1704, 'frpereira', '11.1.108.34', 'Acessou o Programa', 'outernet_jornalismo', '2015-03-02 15:40:28', 'actionPrograma'),
(1705, 'frpereira', '11.1.108.34', 'Acessou o Veículo', 'outernet', '2015-03-02 15:40:38', 'actionVeiculo');
INSERT INTO `log` (`id_log`, `usuario_log`, `ip_log`, `acao_log`, `ref_log`, `data_log`, `descricao_log`) VALUES
(1706, 'csoares', '11.1.116.20', 'Acessou o Veículo', 'band', '2015-03-02 15:41:17', 'actionVeiculo'),
(1707, 'csoares', '11.1.116.20', 'Acessou o Programa', 'tabela_precos', '2015-03-02 15:41:25', 'actionPrograma'),
(1708, 'frpereira', '11.1.108.34', 'Acessou o Veículo', 'outernet', '2015-03-02 15:42:20', 'actionVeiculo'),
(1709, 'frpereira', '11.1.108.34', 'Terminou aplicação', 'logout', '2015-03-02 15:42:24', 'actionLogout'),
(1710, 'frpereira', '11.1.108.34', 'Acessou o Veículo', 'outernet', '2015-03-02 15:42:29', 'actionVeiculo'),
(1711, 'frpereira', '11.1.108.34', 'Acessou o Veículo', 'outernet', '2015-03-02 15:42:49', 'actionVeiculo'),
(1712, 'frpereira', '11.1.108.34', 'Terminou aplicação', 'logout', '2015-03-02 15:44:06', 'actionLogout'),
(1713, 'frpereira', '11.1.108.34', 'Acessou o Veículo', 'outernet', '2015-03-02 15:44:14', 'actionVeiculo'),
(1714, 'cwatanabe', '11.1.108.34', 'Acessou as Notícias', 'noticias', '2015-03-02 16:12:52', 'actionNoticias'),
(1715, 'cwatanabe', '11.1.108.34', 'Acessou o Veículo', 'band_sat', '2015-03-02 16:13:11', 'actionVeiculo'),
(1716, 'cwatanabe', '11.1.108.34', 'Acessou o Programa', 'tabela_precos', '2015-03-02 16:14:02', 'actionPrograma'),
(1717, 'frpereira', '11.1.108.34', 'Acessou o Veículo', 'band', '2015-03-02 16:59:18', 'actionVeiculo'),
(1718, 'frpereira', '11.1.108.34', 'Acessou o Veículo', 'band_news', '2015-03-02 16:59:20', 'actionVeiculo'),
(1719, 'frpereira', '11.1.108.34', 'Acessou o Programa', 'a_noticia', '2015-03-02 16:59:23', 'actionPrograma'),
(1720, 'frpereira', '11.1.108.34', 'Acessou o Veículo', 'outernet', '2015-03-02 17:00:30', 'actionVeiculo'),
(1721, 'frpereira', '11.1.108.34', 'Acessou o Veículo', 'band', '2015-03-02 17:00:53', 'actionVeiculo'),
(1722, 'frpereira', '11.1.108.34', 'Acessou o Veículo', 'band', '2015-03-02 17:01:01', 'actionVeiculo'),
(1723, 'frpereira', '11.1.108.34', 'Acessou o Veículo', 'band', '2015-03-02 17:01:07', 'actionVeiculo'),
(1724, 'frpereira', '11.1.108.34', 'Acessou o Veículo', 'band', '2015-03-02 17:01:16', 'actionVeiculo'),
(1725, 'lfsousa', '72.246.216.154', 'Acessou o Veículo', 'band', '2015-03-02 17:07:23', 'actionVeiculo'),
(1726, 'lfsousa', '72.246.216.154', 'Acessou o Veículo', 'band', '2015-03-02 17:07:24', 'actionVeiculo'),
(1727, 'lfsousa', '72.246.216.154', 'Acessou a Análise', 'perfil_audiencia_programa', '2015-03-02 17:07:35', 'actionAnalise'),
(1728, 'lfsousa', '72.246.216.154', 'Acessou o Veículo', 'band', '2015-03-02 17:09:04', 'actionVeiculo'),
(1729, 'lfsousa', '72.246.216.154', 'Acessou o Veículo', 'band', '2015-03-02 17:09:06', 'actionVeiculo'),
(1730, 'lfsousa', '72.246.216.154', 'Acessou a Análise', 'perfil_audiencia_programa', '2015-03-02 17:09:12', 'actionAnalise'),
(1731, 'lfsousa', '72.246.216.154', 'Acessou o Veículo', 'band', '2015-03-02 17:09:41', 'actionVeiculo'),
(1732, 'lfsousa', '72.246.216.154', 'Acessou a Análise', 'audiencia_programa', '2015-03-02 17:09:46', 'actionAnalise'),
(1733, 'jveronezi', '11.1.116.20', 'Acessou o Veículo', 'band', '2015-03-02 17:13:10', 'actionVeiculo'),
(1734, 'jveronezi', '11.1.116.20', 'Acessou o Veículo', 'band', '2015-03-02 17:13:12', 'actionVeiculo'),
(1735, 'jveronezi', '11.1.116.20', 'Acessou a Análise', 'maiores_anunciantes_agencia', '2015-03-02 17:13:15', 'actionAnalise'),
(1736, 'aprado', '72.246.216.154', 'Acessou o Veículo', 'band', '2015-03-02 17:14:53', 'actionVeiculo'),
(1737, 'aprado', '72.246.216.144', 'Acessou o Veículo', 'band', '2015-03-02 17:14:56', 'actionVeiculo'),
(1738, 'aprado', '72.246.216.154', 'Acessou a Análise', 'audiencia_programa', '2015-03-02 17:15:28', 'actionAnalise'),
(1739, 'csoares', '11.1.116.20', 'Acessou o Veículo', 'outernet', '2015-03-02 17:15:49', 'actionVeiculo'),
(1740, 'lfsousa', '72.246.216.154', 'Acessou o Veículo', 'band', '2015-03-02 17:16:07', 'actionVeiculo'),
(1741, 'lfsousa', '72.246.216.154', 'Acessou a Análise', 'perfil_audiencia_programa', '2015-03-02 17:16:12', 'actionAnalise'),
(1742, 'lfsousa', '72.246.216.154', 'Acessou o Veículo', 'band', '2015-03-02 17:16:43', 'actionVeiculo'),
(1743, 'lfsousa', '72.246.216.154', 'Acessou o Veículo', 'band', '2015-03-02 17:16:44', 'actionVeiculo'),
(1744, 'lfsousa', '72.246.216.154', 'Acessou o Veículo', 'band', '2015-03-02 17:16:49', 'actionVeiculo'),
(1745, 'lfsousa', '72.246.216.154', 'Acessou o Veículo', 'band', '2015-03-02 17:16:55', 'actionVeiculo'),
(1746, 'lfsousa', '72.246.216.154', 'Acessou a Análise', 'audiencia_programa', '2015-03-02 17:16:59', 'actionAnalise'),
(1747, 'aprado', '72.246.216.154', 'Acessou o Veículo', 'band', '2015-03-02 17:17:49', 'actionVeiculo'),
(1748, 'aprado', '72.246.216.144', 'Acessou o Veículo', 'band', '2015-03-02 17:17:54', 'actionVeiculo'),
(1749, 'aprado', '72.246.216.154', 'Acessou a Análise', 'audiencia_programa', '2015-03-02 17:17:57', 'actionAnalise'),
(1750, 'jveronezi', '11.1.116.20', 'Acessou o Veículo', 'band', '2015-03-02 17:23:17', 'actionVeiculo'),
(1751, 'jveronezi', '11.1.116.20', 'Acessou o Veículo', 'band', '2015-03-02 17:23:18', 'actionVeiculo'),
(1752, 'jveronezi', '11.1.116.20', 'Acessou a Análise', 'agenda_anunciantes_agencia', '2015-03-02 17:23:24', 'actionAnalise'),
(1753, 'fcouto', '11.1.116.20', 'Acessou o Veículo', 'band_news', '2015-03-02 17:24:10', 'actionVeiculo'),
(1754, 'fcouto', '11.1.116.20', 'Acessou a Análise', 'analise_cpp_cpm', '2015-03-02 17:24:13', 'actionAnalise'),
(1755, 'mazevedo', '11.1.116.20', 'Acessou o Veículo', 'band', '2015-03-02 17:32:52', 'actionVeiculo'),
(1756, 'mazevedo', '11.1.116.20', 'Acessou o Veículo', 'band', '2015-03-02 17:32:56', 'actionVeiculo'),
(1757, 'mazevedo', '11.1.116.20', 'Acessou o Programa', 'roland_garros_2105', '2015-03-02 17:33:21', 'actionPrograma'),
(1758, 'rsoares', '24.143.197.185', 'Acessou o Veículo', 'band', '2015-03-02 17:41:45', 'actionVeiculo'),
(1759, 'rsoares', '24.143.197.208', 'Acessou o Veículo', 'band', '2015-03-02 17:41:49', 'actionVeiculo'),
(1760, 'aracatuba', '24.143.197.208', 'Acessou o Veículo', 'band', '2015-03-02 17:41:50', 'actionVeiculo'),
(1761, 'aracatuba', '24.143.197.201', 'Acessou o Veículo', 'band', '2015-03-02 17:41:53', 'actionVeiculo'),
(1762, 'aracatuba', '24.143.197.185', 'Acessou a Análise', 'analise_investimento_meio', '2015-03-02 17:42:04', 'actionAnalise'),
(1763, 'rsoares', '24.143.197.185', 'Acessou a Análise', 'maiores_anunciantes_setor', '2015-03-02 17:43:00', 'actionAnalise'),
(1764, 'rsoares', '24.143.197.201', 'Acessou o Veículo', 'band', '2015-03-02 17:45:42', 'actionVeiculo'),
(1765, 'rsoares', '24.143.197.208', 'Acessou a Análise', 'analise_investimento_meio', '2015-03-02 17:45:54', 'actionAnalise'),
(1766, 'rsoares', '24.143.197.185', 'Acessou o Veículo', 'band', '2015-03-02 17:46:30', 'actionVeiculo'),
(1767, 'rsoares', '24.143.197.185', 'Acessou a Análise', 'prospeccao', '2015-03-02 17:46:40', 'actionAnalise'),
(1768, 'rsoares', '24.143.197.201', 'Acessou o Veículo', 'band', '2015-03-02 17:47:22', 'actionVeiculo'),
(1769, 'rsoares', '24.143.197.208', 'Acessou a Análise', 'agenda_anunciantes_agencia', '2015-03-02 17:47:32', 'actionAnalise'),
(1770, 'rsoares', '24.143.197.185', 'Acessou o Veículo', 'band', '2015-03-02 17:47:58', 'actionVeiculo'),
(1771, 'aracatuba', '24.143.197.208', 'Acessou as Notícias', 'noticias', '2015-03-02 17:48:00', 'actionNoticias'),
(1772, 'aracatuba', '24.143.197.201', 'Acessou o Veículo', 'band', '2015-03-02 17:48:05', 'actionVeiculo'),
(1773, 'aracatuba', '24.143.197.208', 'Acessou o Veículo', 'band', '2015-03-02 17:48:07', 'actionVeiculo'),
(1774, 'rsoares', '24.143.197.208', 'Acessou a Análise', 'analise_investimento_meio', '2015-03-02 17:48:39', 'actionAnalise'),
(1775, 'aracatuba', '24.143.197.201', 'Acessou a Análise', 'analise_investimento_meio', '2015-03-02 17:48:43', 'actionAnalise'),
(1776, 'rsoares', '24.143.197.208', 'Acessou o Veículo', 'band', '2015-03-02 17:50:09', 'actionVeiculo'),
(1777, 'leduardo', '72.246.216.144', 'Acessou o Veículo', 'band', '2015-03-02 17:50:18', 'actionVeiculo'),
(1778, 'leduardo', '72.246.216.144', 'Acessou o Veículo', 'band', '2015-03-02 17:50:20', 'actionVeiculo'),
(1779, 'leduardo', '72.246.216.144', 'Acessou a Análise', 'audiencia_programa_pracas_especiais', '2015-03-02 17:50:33', 'actionAnalise'),
(1780, 'rsoares', '24.143.197.201', 'Acessou a Análise', 'prospeccao', '2015-03-02 17:50:33', 'actionAnalise'),
(1781, 'rsoares', '24.143.197.201', 'Acessou o Veículo', 'band', '2015-03-02 17:50:52', 'actionVeiculo'),
(1782, 'rsoares', '24.143.197.201', 'Acessou a Análise', 'prospeccao', '2015-03-02 17:51:31', 'actionAnalise'),
(1783, 'leduardo', '72.246.216.144', 'Acessou o Veículo', 'band', '2015-03-02 17:51:36', 'actionVeiculo'),
(1784, 'leduardo', '72.246.216.144', 'Acessou a Análise', 'audiencia_programa_pracas_especiais', '2015-03-02 17:51:52', 'actionAnalise'),
(1785, 'rsoares', '24.143.197.201', 'Acessou o Veículo', 'band', '2015-03-02 17:52:00', 'actionVeiculo'),
(1786, 'rsoares', '24.143.197.201', 'Acessou a Análise', 'analise_share_mercado_pracas_especiais', '2015-03-02 17:52:18', 'actionAnalise'),
(1787, 'leduardo', '72.246.216.144', 'Acessou o Veículo', 'band', '2015-03-02 17:52:39', 'actionVeiculo'),
(1788, 'rsoares', '24.143.197.201', 'Acessou o Veículo', 'band', '2015-03-02 17:52:44', 'actionVeiculo'),
(1789, 'leduardo', '72.246.216.144', 'Acessou a Análise', 'audiencia_programa_pracas_especiais', '2015-03-02 17:52:47', 'actionAnalise'),
(1790, 'rsoares', '24.143.197.201', 'Acessou a Análise', 'prospeccao', '2015-03-02 17:53:12', 'actionAnalise'),
(1791, 'rsoares', '24.143.197.185', 'Acessou o Veículo', 'band', '2015-03-02 17:53:46', 'actionVeiculo'),
(1792, 'rsoares', '24.143.197.185', 'Acessou a Análise', 'agenda_anunciantes_agencia', '2015-03-02 17:55:05', 'actionAnalise'),
(1793, 'rsoares', '24.143.197.185', 'Acessou o Veículo', 'band', '2015-03-02 18:02:35', 'actionVeiculo'),
(1794, 'rsoares', '24.143.197.185', 'Acessou a Análise', 'analise_investimento_meio', '2015-03-02 18:03:08', 'actionAnalise'),
(1795, 'rpbarros', '11.1.116.20', 'Acessou o Veículo', 'band_sports', '2015-03-02 18:10:15', 'actionVeiculo'),
(1796, 'rpbarros', '11.1.116.20', 'Acessou o Programa', 'tabela_precos', '2015-03-02 18:10:22', 'actionPrograma'),
(1797, 'ghumar', '11.1.116.20', 'Acessou o Veículo', 'band', '2015-03-02 18:12:12', 'actionVeiculo'),
(1798, 'ghumar', '11.1.116.20', 'Acessou o Veículo', 'band', '2015-03-02 18:12:15', 'actionVeiculo'),
(1799, 'ghumar', '11.1.116.20', 'Acessou o Programa', 'cqc_2015', '2015-03-02 18:12:31', 'actionPrograma'),
(1800, 'ghumar', '11.1.116.20', 'Acessou o Veículo', 'band', '2015-03-02 18:13:08', 'actionVeiculo'),
(1801, 'ghumar', '11.1.116.20', 'Acessou o Veículo', 'band', '2015-03-02 18:13:09', 'actionVeiculo'),
(1802, 'ghumar', '11.1.116.20', 'Acessou o Programa', 'net_sessao_livre', '2015-03-02 18:13:25', 'actionPrograma'),
(1803, 'ghumar', '11.1.116.20', 'Acessou o Veículo', 'band', '2015-03-02 18:22:12', 'actionVeiculo'),
(1804, 'ghumar', '11.1.116.20', 'Acessou o Veículo', 'band', '2015-03-02 18:22:13', 'actionVeiculo'),
(1805, 'ghumar', '11.1.116.20', 'Acessou o Programa', 'net_1001noites', '2015-03-02 18:26:04', 'actionPrograma'),
(1806, 'ghumar', '11.1.116.20', 'Acessou o Veículo', 'band', '2015-03-02 18:26:19', 'actionVeiculo'),
(1807, 'ghumar', '11.1.116.20', 'Acessou o Programa', 'net_aet_2015', '2015-03-02 18:26:27', 'actionPrograma'),
(1808, 'nledur', '177.159.181.152', 'Acessou o Veículo', 'band', '2015-03-02 18:29:07', 'actionVeiculo'),
(1809, 'nledur', '177.159.181.150', 'Acessou o Veículo', 'band', '2015-03-02 18:29:10', 'actionVeiculo'),
(1810, 'refarias', '11.1.116.20', 'Acessou o Veículo', 'band', '2015-03-02 18:40:38', 'actionVeiculo'),
(1811, 'refarias', '11.1.116.20', 'Acessou o Veículo', 'band', '2015-03-02 18:40:40', 'actionVeiculo'),
(1812, 'msanches', '11.1.116.20', 'Acessou o Veículo', 'band_news', '2015-03-02 18:42:09', 'actionVeiculo'),
(1813, 'msanches', '11.1.116.20', 'Acessou a Análise', 'audiencia_programa_newco', '2015-03-02 18:42:15', 'actionAnalise'),
(1814, 'msanches', '11.1.116.20', 'Terminou aplicação', 'logout', '2015-03-02 18:44:31', 'actionLogout'),
(1815, 'nfeitosa', '11.1.116.20', 'Acessou o Veículo', 'band', '2015-03-02 19:03:14', 'actionVeiculo'),
(1816, 'nfeitosa', '11.1.116.20', 'Acessou o Veículo', 'band', '2015-03-02 19:03:16', 'actionVeiculo'),
(1817, 'nfeitosa', '11.1.116.20', 'Acessou a Análise', 'midia_dados_2014', '2015-03-02 19:03:22', 'actionAnalise'),
(1818, 'nfeitosa', '11.1.116.20', 'Acessou o Veículo', 'band', '2015-03-02 19:03:37', 'actionVeiculo'),
(1819, 'nfeitosa', '11.1.116.20', 'Acessou o Veículo', 'band', '2015-03-02 19:03:46', 'actionVeiculo'),
(1820, 'nfeitosa', '11.1.116.20', 'Acessou o Veículo', 'band', '2015-03-02 19:03:49', 'actionVeiculo'),
(1821, 'nfeitosa', '11.1.116.20', 'Acessou a Análise', 'agenda_anunciantes_agencia', '2015-03-02 19:04:38', 'actionAnalise'),
(1822, 'nfeitosa', '11.1.116.20', 'Acessou o Veículo', 'band', '2015-03-02 19:05:06', 'actionVeiculo'),
(1823, 'nfeitosa', '11.1.116.20', 'Acessou o Veículo', 'band', '2015-03-02 19:05:08', 'actionVeiculo'),
(1824, 'nfeitosa', '11.1.116.20', 'Acessou a Análise', 'analise_investimento_meio', '2015-03-02 19:05:13', 'actionAnalise'),
(1825, 'csoares', '11.1.116.20', 'Acessou o Veículo', 'band', '2015-03-02 19:15:52', 'actionVeiculo'),
(1826, 'csoares', '11.1.116.20', 'Acessou o Veículo', 'band', '2015-03-02 19:15:53', 'actionVeiculo'),
(1827, 'csoares', '11.1.116.20', 'Acessou o Veículo', 'band', '2015-03-02 19:16:22', 'actionVeiculo'),
(1828, 'csoares', '11.1.116.20', 'Acessou o Veículo', 'band', '2015-03-02 19:16:23', 'actionVeiculo'),
(1829, 'csoares', '11.1.116.20', 'Acessou o Programa', 'formula_indy', '2015-03-02 19:16:33', 'actionPrograma'),
(1830, 'csoares', '11.1.116.20', 'Acessou o Veículo', 'band', '2015-03-02 19:22:33', 'actionVeiculo'),
(1831, 'csoares', '11.1.116.20', 'Acessou o Veículo', 'band', '2015-03-02 19:22:34', 'actionVeiculo'),
(1832, 'csoares', '11.1.116.20', 'Acessou o Programa', 'formula_indy', '2015-03-02 19:22:40', 'actionPrograma'),
(1833, 'csoares', '11.1.116.20', 'Fez Upload pelo Frontend', 'net_indy_2015_plano_comercial', '2015-03-02 19:23:00', 'actionUploadFile'),
(1834, 'csoares', '11.1.116.20', 'Acessou o Veículo', 'band', '2015-03-02 19:23:36', 'actionVeiculo'),
(1835, 'csoares', '11.1.116.20', 'Acessou o Veículo', 'band', '2015-03-02 19:23:37', 'actionVeiculo'),
(1836, 'csoares', '11.1.116.20', 'Acessou o Programa', 'formula_indy', '2015-03-02 19:23:43', 'actionPrograma'),
(1837, 'csoares', '11.1.116.20', 'Acessou o Veículo', 'band', '2015-03-02 19:25:17', 'actionVeiculo'),
(1838, 'csoares', '11.1.116.20', 'Acessou o Veículo', 'band', '2015-03-02 19:25:18', 'actionVeiculo'),
(1839, 'csoares', '11.1.116.20', 'Acessou o Programa', 'formula_indy', '2015-03-02 19:25:24', 'actionPrograma'),
(1840, 'csoares', '11.1.116.20', 'Fez Upload pelo Frontend', 'net_indy_2015_plano_comercial', '2015-03-02 19:25:38', 'actionUploadFile'),
(1841, 'csoares', '11.1.116.20', 'Acessou o Veículo', 'band', '2015-03-02 19:26:16', 'actionVeiculo'),
(1842, 'csoares', '11.1.116.20', 'Acessou o Programa', 'formula_indy', '2015-03-02 19:26:20', 'actionPrograma'),
(1843, 'csoares', '11.1.116.20', 'Acessou o Veículo', 'band', '2015-03-02 19:26:28', 'actionVeiculo'),
(1844, 'csoares', '11.1.116.20', 'Acessou o Programa', 'formula_indy', '2015-03-02 19:27:36', 'actionPrograma'),
(1845, 'csoares', '11.1.116.20', 'Acessou o Veículo', 'band', '2015-03-02 19:28:01', 'actionVeiculo'),
(1846, 'csoares', '11.1.116.20', 'Acessou o Veículo', 'band', '2015-03-02 19:28:03', 'actionVeiculo'),
(1847, 'csoares', '11.1.116.20', 'Acessou o Programa', 'formula_indy', '2015-03-02 19:28:08', 'actionPrograma'),
(1848, 'nledur', '177.159.181.152', 'Terminou aplicação', 'logout', '2015-03-02 19:28:11', 'actionLogout'),
(1849, 'csoares', '11.1.116.20', 'Acessou o Veículo', 'band', '2015-03-02 19:28:53', 'actionVeiculo'),
(1850, 'csoares', '11.1.116.20', 'Acessou o Veículo', 'band', '2015-03-02 19:28:55', 'actionVeiculo'),
(1851, 'csoares', '11.1.116.20', 'Acessou o Programa', 'tabela_precos', '2015-03-02 19:29:02', 'actionPrograma'),
(1852, 'fcalais', '11.1.116.20', 'Acessou o Veículo', 'band', '2015-03-02 19:37:00', 'actionVeiculo'),
(1853, 'fcalais', '11.1.116.20', 'Acessou o Veículo', 'band', '2015-03-02 19:37:01', 'actionVeiculo'),
(1854, 'fcalais', '11.1.116.20', 'Acessou o Programa', 'tabela_precos', '2015-03-02 19:37:49', 'actionPrograma'),
(1855, 'fcalais', '11.1.116.20', 'Fez Upload pelo Frontend', 'band_net_tabela_precos', '2015-03-02 19:38:18', 'actionUploadFile'),
(1856, 'fmoreira', '177.159.174.45', 'Acessou o Veículo', 'band', '2015-03-03 00:11:34', 'actionVeiculo'),
(1857, 'fmoreira', '177.159.174.45', 'Acessou o Veículo', 'band', '2015-03-03 00:11:39', 'actionVeiculo'),
(1858, 'fmoreira', '177.159.174.45', 'Acessou o Veículo', 'band', '2015-03-03 00:11:49', 'actionVeiculo'),
(1859, 'fmoreira', '177.159.174.45', 'Acessou o Veículo', 'band', '2015-03-03 00:11:53', 'actionVeiculo'),
(1860, 'fmoreira', '177.159.174.45', 'Acessou o Programa', 'brasil_urgente', '2015-03-03 00:12:16', 'actionPrograma'),
(1861, 'fmoreira', '177.159.174.45', 'Acessou o Veículo', 'band', '2015-03-03 00:16:27', 'actionVeiculo'),
(1862, 'fmoreira', '177.159.181.152', 'Acessou o Veículo', 'band', '2015-03-03 00:16:31', 'actionVeiculo'),
(1863, 'fmoreira', '177.159.181.152', 'Acessou o Programa', 'jornal_rio', '2015-03-03 00:18:56', 'actionPrograma'),
(1864, 'fmoreira', '177.159.181.150', 'Acessou o Veículo', 'band', '2015-03-03 00:19:36', 'actionVeiculo'),
(1865, 'fmoreira', '177.159.181.152', 'Acessou o Veículo', 'band', '2015-03-03 00:19:38', 'actionVeiculo'),
(1866, 'mebeltrao', '11.1.116.20', 'Acessou o Veículo', 'band', '2015-03-03 08:29:07', 'actionVeiculo'),
(1867, 'mebeltrao', '11.1.116.20', 'Acessou o Veículo', 'band', '2015-03-03 08:30:14', 'actionVeiculo'),
(1868, 'mebeltrao', '11.1.116.20', 'Acessou a Análise', 'analise_share_mercado_pracas_especiais', '2015-03-03 08:31:48', 'actionAnalise'),
(1869, 'mebeltrao', '11.1.116.20', 'Acessou o Veículo', 'band', '2015-03-03 08:41:01', 'actionVeiculo'),
(1870, 'mebeltrao', '11.1.116.20', 'Acessou a Análise', 'perfil_audiencia_programa', '2015-03-03 08:42:11', 'actionAnalise'),
(1871, 'mebeltrao', '11.1.116.20', 'Acessou o Veículo', 'band', '2015-03-03 08:49:27', 'actionVeiculo'),
(1872, 'mebeltrao', '11.1.116.20', 'Acessou o Veículo', 'band', '2015-03-03 08:49:35', 'actionVeiculo'),
(1873, 'mebeltrao', '11.1.116.20', 'Acessou a Análise', 'perfil_audiencia_programa', '2015-03-03 08:49:47', 'actionAnalise'),
(1874, 'mebeltrao', '11.1.116.20', 'Acessou o Veículo', 'band', '2015-03-03 08:52:40', 'actionVeiculo'),
(1875, 'mebeltrao', '11.1.116.20', 'Acessou a Análise', 'principais_targets_band', '2015-03-03 08:53:01', 'actionAnalise'),
(1876, 'rsoares', '24.143.197.185', 'Acessou o Veículo', 'band', '2015-03-03 09:01:07', 'actionVeiculo'),
(1877, 'rsoares', '24.143.197.185', 'Acessou o Veículo', 'band', '2015-03-03 09:01:09', 'actionVeiculo'),
(1878, 'rsoares', '24.143.197.185', 'Acessou a Análise', 'audiencia_programa_pracas_especiais', '2015-03-03 09:01:21', 'actionAnalise'),
(1879, 'aracatuba', '24.143.197.185', 'Acessou o Veículo', 'band', '2015-03-03 09:14:39', 'actionVeiculo'),
(1880, 'msanches', '11.1.116.20', 'Acessou o Veículo', 'band_news', '2015-03-03 09:28:55', 'actionVeiculo'),
(1881, 'msanches', '11.1.116.20', 'Acessou a Análise', 'audiencia_programa_newco', '2015-03-03 09:29:06', 'actionAnalise'),
(1882, 'fhnascimento', '11.1.116.20', 'Acessou o Veículo', 'band_sports', '2015-03-03 10:26:22', 'actionVeiculo'),
(1883, 'fhnascimento', '11.1.116.20', 'Acessou o Programa', 'roland_garros_2105', '2015-03-03 10:26:28', 'actionPrograma'),
(1884, 'fcouto', '11.1.116.20', 'Acessou o Veículo', 'band_news', '2015-03-03 10:45:17', 'actionVeiculo'),
(1885, 'fcouto', '11.1.116.20', 'Acessou a Análise', 'desempenho_programas_targets', '2015-03-03 10:45:40', 'actionAnalise'),
(1886, 'fcouto', '11.1.116.20', 'Acessou o Veículo', 'band_news', '2015-03-03 10:46:28', 'actionVeiculo'),
(1887, 'fcouto', '11.1.116.20', 'Acessou a Análise', 'audiencia_emissora_newco', '2015-03-03 10:46:31', 'actionAnalise'),
(1888, 'fcouto', '11.1.116.20', 'Acessou o Veículo', 'band_news', '2015-03-03 10:46:39', 'actionVeiculo'),
(1889, 'fcouto', '11.1.116.20', 'Acessou a Análise', 'analise_cpp_cpm', '2015-03-03 10:46:42', 'actionAnalise'),
(1890, 'rsoares', '24.143.197.208', 'Acessou o Veículo', 'band', '2015-03-03 10:48:07', 'actionVeiculo'),
(1891, 'rsoares', '24.143.197.187', 'Acessou o Veículo', 'band', '2015-03-03 10:48:09', 'actionVeiculo'),
(1892, 'rsoares', '24.143.197.208', 'Acessou a Análise', 'audiencia_programa_pracas_especiais', '2015-03-03 10:48:15', 'actionAnalise'),
(1893, 'aracatuba', '24.143.197.187', 'Acessou o Veículo', 'band', '2015-03-03 10:48:28', 'actionVeiculo'),
(1894, 'aracatuba', '24.143.197.187', 'Acessou a Análise', 'audiencia_programa', '2015-03-03 10:48:36', 'actionAnalise'),
(1895, 'rsoares', '24.143.197.208', 'Acessou o Veículo', 'band', '2015-03-03 10:48:52', 'actionVeiculo'),
(1896, 'rsoares', '24.143.197.201', 'Acessou a Análise', 'analise_share_mercado_pracas_especiais', '2015-03-03 10:49:03', 'actionAnalise'),
(1897, 'rsoares', '24.143.197.187', 'Acessou o Veículo', 'band', '2015-03-03 10:49:56', 'actionVeiculo'),
(1898, 'rsoares', '24.143.197.208', 'Acessou a Análise', 'audiencia_programa', '2015-03-03 10:50:09', 'actionAnalise'),
(1899, 'csoares', '11.1.116.20', 'Acessou o Veículo', 'band', '2015-03-03 10:50:10', 'actionVeiculo'),
(1900, 'csoares', '11.1.116.20', 'Acessou o Veículo', 'band', '2015-03-03 10:50:11', 'actionVeiculo'),
(1901, 'csoares', '11.1.116.20', 'Acessou o Programa', 'formula_indy', '2015-03-03 10:50:20', 'actionPrograma'),
(1902, 'csoares', '11.1.116.20', 'Acessou o Veículo', 'band', '2015-03-03 10:50:28', 'actionVeiculo'),
(1903, 'csoares', '11.1.116.20', 'Acessou o Veículo', 'outernet', '2015-03-03 10:50:50', 'actionVeiculo'),
(1904, 'csoares', '11.1.116.20', 'Acessou o Programa', 'outernet_jornalismo', '2015-03-03 10:50:57', 'actionPrograma'),
(1905, 'csoares', '11.1.116.20', 'Acessou o Veículo', 'band', '2015-03-03 10:51:13', 'actionVeiculo'),
(1906, 'csoares', '11.1.116.20', 'Acessou o Veículo', 'band', '2015-03-03 10:51:22', 'actionVeiculo'),
(1907, 'csoares', '11.1.116.20', 'Acessou o Programa', 'net_1001noites', '2015-03-03 10:51:26', 'actionPrograma'),
(1908, 'csoares', '11.1.116.20', 'Acessou o Veículo', 'band', '2015-03-03 10:53:49', 'actionVeiculo'),
(1909, 'csoares', '11.1.116.20', 'Acessou o Veículo', 'band', '2015-03-03 10:53:50', 'actionVeiculo'),
(1910, 'aracatuba', '24.143.197.187', 'Acessou o Veículo', 'band', '2015-03-03 10:53:52', 'actionVeiculo'),
(1911, 'aracatuba', '24.143.197.208', 'Acessou o Veículo', 'band', '2015-03-03 10:53:55', 'actionVeiculo'),
(1912, 'aracatuba', '24.143.197.187', 'Acessou a Análise', 'audiencia_programa', '2015-03-03 10:54:13', 'actionAnalise'),
(1913, 'csoares', '11.1.116.20', 'Acessou a Análise', 'analise_share_mercado', '2015-03-03 10:57:26', 'actionAnalise'),
(1914, 'leduardo', '72.246.216.154', 'Acessou o Veículo', 'band', '2015-03-03 11:03:16', 'actionVeiculo'),
(1915, 'leduardo', '72.246.216.154', 'Acessou o Veículo', 'band', '2015-03-03 11:03:20', 'actionVeiculo'),
(1916, 'leduardo', '72.246.216.144', 'Acessou a Análise', 'agenda_anunciantes_agencia', '2015-03-03 11:04:00', 'actionAnalise'),
(1917, 'aracatuba', '24.143.197.185', 'Acessou as Notícias', 'noticias', '2015-03-03 11:06:24', 'actionNoticias'),
(1918, 'fcouto', '11.1.116.20', 'Acessou o Veículo', 'band_news', '2015-03-03 11:15:31', 'actionVeiculo'),
(1919, 'fcouto', '11.1.116.20', 'Acessou a Análise', 'audiencia_emissora_newco', '2015-03-03 11:15:35', 'actionAnalise'),
(1920, 'fcouto', '11.1.116.20', 'Acessou o Veículo', 'band_news', '2015-03-03 11:15:45', 'actionVeiculo'),
(1921, 'fcouto', '11.1.116.20', 'Acessou a Análise', 'audiencia_emissora_newco', '2015-03-03 11:15:49', 'actionAnalise'),
(1922, 'rpbarros', '11.1.116.20', 'Acessou o Veículo', 'band_sports', '2015-03-03 11:25:21', 'actionVeiculo'),
(1923, 'rpbarros', '11.1.116.20', 'Acessou o Programa', 'ace_band_sports', '2015-03-03 11:25:24', 'actionPrograma'),
(1924, 'cleoncio', '177.159.181.152', 'Acessou o Veículo', 'band', '2015-03-03 11:25:30', 'actionVeiculo'),
(1925, 'cleoncio', '177.159.181.152', 'Acessou o Veículo', 'band', '2015-03-03 11:25:37', 'actionVeiculo'),
(1926, 'cleoncio', '177.159.181.152', 'Acessou a Análise', 'principais_targets_band', '2015-03-03 11:29:00', 'actionAnalise'),
(1927, 'dleopoldo', '11.1.116.20', 'Acessou o Veículo', 'band', '2015-03-03 12:43:00', 'actionVeiculo'),
(1928, 'dleopoldo', '11.1.116.20', 'Acessou o Veículo', 'band', '2015-03-03 12:43:05', 'actionVeiculo'),
(1929, 'dleopoldo', '11.1.116.20', 'Acessou a Análise', 'audiencia_emissora', '2015-03-03 12:43:17', 'actionAnalise'),
(1930, 'dleopoldo', '11.1.116.20', 'Acessou o Veículo', 'band', '2015-03-03 12:43:40', 'actionVeiculo'),
(1931, 'dleopoldo', '11.1.116.20', 'Acessou a Análise', 'analise_share_mercado', '2015-03-03 12:43:54', 'actionAnalise'),
(1932, 'rcbraga', '11.1.116.20', 'Acessou o Veículo', 'band', '2015-03-03 14:06:44', 'actionVeiculo'),
(1933, 'rcbraga', '11.1.116.20', 'Acessou o Veículo', 'band', '2015-03-03 14:06:45', 'actionVeiculo'),
(1934, 'rcbraga', '11.1.116.20', 'Acessou a Análise', 'analise_share_mercado', '2015-03-03 14:06:55', 'actionAnalise'),
(1935, 'cleoncio', '177.159.181.150', 'Acessou o Veículo', 'band', '2015-03-03 14:34:23', 'actionVeiculo'),
(1936, 'cleoncio', '177.159.181.152', 'Acessou o Veículo', 'band', '2015-03-03 14:34:27', 'actionVeiculo'),
(1937, 'cleoncio', '177.159.181.152', 'Acessou o Programa', 'sp_masterchef2015', '2015-03-03 14:34:35', 'actionPrograma'),
(1938, 'jvbarros', '11.1.116.20', 'Acessou o Veículo', 'band', '2015-03-03 15:17:53', 'actionVeiculo'),
(1939, 'jvbarros', '11.1.116.20', 'Acessou o Veículo', 'band', '2015-03-03 15:17:54', 'actionVeiculo'),
(1940, 'jvbarros', '11.1.116.20', 'Acessou o Programa', 'formula_indy', '2015-03-03 15:18:00', 'actionPrograma'),
(1941, 'jvbarros', '11.1.116.20', 'Acessou o Veículo', 'band', '2015-03-03 15:18:24', 'actionVeiculo'),
(1942, 'jvbarros', '11.1.116.20', 'Acessou o Veículo', 'band', '2015-03-03 15:18:25', 'actionVeiculo'),
(1943, 'jvbarros', '11.1.116.20', 'Acessou o Programa', 'futebol_2015', '2015-03-03 15:18:30', 'actionPrograma'),
(1944, 'jvbarros', '11.1.116.20', 'Acessou o Veículo', 'band', '2015-03-03 15:18:35', 'actionVeiculo'),
(1945, 'aditomaso', '72.246.216.144', 'Acessou o Veículo', 'band', '2015-03-03 15:40:35', 'actionVeiculo'),
(1946, 'aditomaso', '72.246.216.144', 'Acessou o Veículo', 'band', '2015-03-03 15:40:50', 'actionVeiculo'),
(1947, 'aditomaso', '72.246.216.144', 'Acessou o Veículo', 'band', '2015-03-03 15:41:21', 'actionVeiculo'),
(1948, 'aditomaso', '72.246.216.144', 'Acessou o Veículo', 'band', '2015-03-03 15:41:31', 'actionVeiculo'),
(1949, 'aditomaso', '72.246.216.144', 'Acessou o Programa', 'convencao_2014', '2015-03-03 15:41:54', 'actionPrograma'),
(1950, 'aditomaso', '72.246.216.144', 'Acessou o Veículo', 'band', '2015-03-03 15:42:51', 'actionVeiculo'),
(1951, 'aditomaso', '72.246.216.144', 'Acessou o Programa', 'net_1001noites', '2015-03-03 15:43:01', 'actionPrograma'),
(1952, 'aditomaso', '72.246.216.144', 'Acessou o Veículo', 'band', '2015-03-03 15:49:22', 'actionVeiculo'),
(1953, 'lfsousa', '72.246.216.154', 'Acessou o Veículo', 'band', '2015-03-03 16:23:49', 'actionVeiculo'),
(1954, 'lfsousa', '72.246.216.154', 'Acessou o Veículo', 'band', '2015-03-03 16:23:50', 'actionVeiculo'),
(1955, 'lfsousa', '72.246.216.154', 'Acessou a Análise', 'audiencia_programa', '2015-03-03 16:23:56', 'actionAnalise'),
(1956, 'lfsousa', '11.1.116.20', 'Acessou o Veículo', 'band', '2015-03-03 16:34:07', 'actionVeiculo'),
(1957, 'lfsousa', '11.1.116.20', 'Acessou o Veículo', 'band', '2015-03-03 16:34:08', 'actionVeiculo'),
(1958, 'lfsousa', '11.1.116.20', 'Acessou a Análise', 'audiencia_programa', '2015-03-03 16:34:11', 'actionAnalise'),
(1959, 'lmfreitas', '72.246.216.154', 'Acessou o Veículo', 'band', '2015-03-03 16:38:04', 'actionVeiculo'),
(1960, 'lmfreitas', '72.246.216.154', 'Acessou o Veículo', 'band', '2015-03-03 16:38:06', 'actionVeiculo'),
(1961, 'lmfreitas', '72.246.216.154', 'Acessou o Programa', 'donos_bola', '2015-03-03 16:38:35', 'actionPrograma'),
(1962, 'lmfreitas', '72.246.216.154', 'Acessou o Veículo', 'band', '2015-03-03 16:39:47', 'actionVeiculo'),
(1963, 'lmfreitas', '72.246.216.154', 'Acessou o Programa', 'brasil_urgente', '2015-03-03 16:39:50', 'actionPrograma'),
(1964, 'lmfreitas', '72.246.216.154', 'Acessou o Veículo', 'band', '2015-03-03 16:41:17', 'actionVeiculo'),
(1965, 'lmfreitas', '72.246.216.154', 'Acessou o Programa', 'band_minas', '2015-03-03 16:41:20', 'actionPrograma'),
(1966, 'lfsousa', '72.246.216.154', 'Acessou o Veículo', 'band', '2015-03-03 16:50:21', 'actionVeiculo'),
(1967, 'lfsousa', '72.246.216.154', 'Acessou a Análise', 'perfil_audiencia_programa', '2015-03-03 16:50:30', 'actionAnalise'),
(1968, 'lfsousa', '72.246.216.154', 'Acessou o Veículo', 'band', '2015-03-03 16:56:24', 'actionVeiculo'),
(1969, 'lfsousa', '72.246.216.154', 'Acessou a Análise', 'audiencia_programa', '2015-03-03 16:56:28', 'actionAnalise'),
(1970, 'fcalais', '11.1.116.20', 'Acessou o Veículo', 'band', '2015-03-03 17:42:55', 'actionVeiculo'),
(1971, 'fcalais', '11.1.116.20', 'Acessou o Veículo', 'band', '2015-03-03 17:42:56', 'actionVeiculo'),
(1972, 'fcalais', '11.1.116.20', 'Acessou o Veículo', 'band', '2015-03-03 17:46:37', 'actionVeiculo'),
(1973, 'fcalais', '11.1.116.20', 'Acessou o Veículo', 'band', '2015-03-03 17:46:38', 'actionVeiculo'),
(1974, 'fcalais', '11.1.116.20', 'Acessou a Análise', 'midia_dados_2014', '2015-03-03 17:47:22', 'actionAnalise'),
(1975, 'fcalais', '11.1.116.20', 'Acessou o Veículo', 'band', '2015-03-03 17:47:35', 'actionVeiculo'),
(1976, 'fcalais', '11.1.116.20', 'Acessou a Análise', 'midia_dados_2014', '2015-03-03 17:47:46', 'actionAnalise'),
(1977, 'fcalais', '11.1.116.20', 'Acessou o Veículo', 'band', '2015-03-03 17:47:49', 'actionVeiculo'),
(1978, 'fcalais', '11.1.116.20', 'Acessou a Análise', 'midia_dados_2014', '2015-03-03 17:48:03', 'actionAnalise'),
(1979, 'fcalais', '11.1.116.20', 'Acessou o Veículo', 'band', '2015-03-03 17:48:07', 'actionVeiculo'),
(1980, 'fcalais', '11.1.116.20', 'Acessou a Análise', 'midia_dados_2014', '2015-03-03 17:48:10', 'actionAnalise'),
(1981, 'lnreal', '11.1.116.20', 'Acessou a Análise', 'analise_investimento_meio', '2015-03-03 17:50:22', 'actionAnalise'),
(1982, 'lnreal', '11.1.116.20', 'Acessou o Veículo', 'band', '2015-03-03 17:50:37', 'actionVeiculo'),
(1983, 'lnreal', '11.1.116.20', 'Acessou a Análise', 'audiencia_programa', '2015-03-03 17:52:38', 'actionAnalise'),
(1984, 'cleoncio', '72.246.216.154', 'Acessou o Veículo', 'band', '2015-03-03 18:05:52', 'actionVeiculo'),
(1985, 'cleoncio', '72.246.216.154', 'Acessou o Veículo', 'band', '2015-03-03 18:05:59', 'actionVeiculo'),
(1986, 'cleoncio', '72.246.216.154', 'Acessou a Análise', 'principais_targets_band', '2015-03-03 18:06:17', 'actionAnalise'),
(1987, 'mrocha', '11.1.116.20', 'Acessou o Veículo', 'band', '2015-03-03 18:17:12', 'actionVeiculo'),
(1988, 'mrocha', '11.1.116.20', 'Acessou o Veículo', 'band', '2015-03-03 18:17:16', 'actionVeiculo'),
(1989, 'mrocha', '11.1.116.20', 'Acessou o Programa', 'natal_copabanddefutsal', '2015-03-03 18:17:25', 'actionPrograma'),
(1990, 'mrocha', '11.1.116.20', 'Acessou o Veículo', 'band', '2015-03-03 18:17:29', 'actionVeiculo'),
(1991, 'mrocha', '11.1.116.20', 'Acessou o Programa', 'natal_copadefutebolamardor', '2015-03-03 18:17:33', 'actionPrograma'),
(1992, 'mrocha', '11.1.116.20', 'Acessou o Veículo', 'band', '2015-03-03 18:17:37', 'actionVeiculo'),
(1993, 'mrocha', '11.1.116.20', 'Acessou o Programa', 'natal_corridanoturna', '2015-03-03 18:17:41', 'actionPrograma'),
(1994, 'mrocha', '11.1.116.20', 'Acessou o Veículo', 'band', '2015-03-03 18:17:46', 'actionVeiculo'),
(1995, 'rcbraga', '11.1.116.20', 'Acessou o Veículo', 'band', '2015-03-03 18:17:56', 'actionVeiculo'),
(1996, 'rcbraga', '11.1.116.20', 'Acessou o Veículo', 'band', '2015-03-03 18:17:57', 'actionVeiculo'),
(1997, 'rcbraga', '11.1.116.20', 'Acessou a Análise', 'audiencia_programa', '2015-03-03 18:18:17', 'actionAnalise'),
(1998, 'mrocha', '11.1.116.20', 'Acessou o Programa', 'olho_folia', '2015-03-03 18:20:01', 'actionPrograma'),
(1999, 'frpereira', '11.1.142.136', 'Acessou o Veículo', 'band', '2015-03-03 18:25:39', 'actionVeiculo'),
(2000, 'frpereira', '11.1.142.136', 'Terminou aplicação', 'logout', '2015-03-03 18:25:41', 'actionLogout'),
(2001, 'jqueiroz', '11.1.116.20', 'Acessou o Veículo', 'band', '2015-03-03 18:26:35', 'actionVeiculo'),
(2002, 'jqueiroz', '11.1.116.20', 'Acessou o Veículo', 'band', '2015-03-03 18:26:37', 'actionVeiculo'),
(2003, 'jqueiroz', '11.1.116.20', 'Acessou a Análise', 'maiores_anunciantes_agencia', '2015-03-03 18:26:54', 'actionAnalise'),
(2004, 'afantin', '11.1.116.20', 'Acessou o Veículo', 'band', '2015-03-03 18:56:18', 'actionVeiculo'),
(2005, 'afantin', '11.1.116.20', 'Acessou o Veículo', 'band', '2015-03-03 18:56:21', 'actionVeiculo'),
(2006, 'afantin', '11.1.116.20', 'Acessou o Programa', 'estudo_audiencia', '2015-03-03 18:56:28', 'actionPrograma'),
(2007, 'afantin', '11.1.116.20', 'Fez Upload pelo Frontend', 'net_estudo_audiencia', '2015-03-03 18:56:49', 'actionUploadFile'),
(2008, 'afantin', '11.1.116.20', 'Acessou o Veículo', 'band', '2015-03-03 18:57:01', 'actionVeiculo'),
(2009, 'afantin', '11.1.116.20', 'Acessou o Veículo', 'band', '2015-03-03 18:57:05', 'actionVeiculo'),
(2010, 'afantin', '11.1.116.20', 'Acessou o Programa', 'estudo_audiencia', '2015-03-03 18:57:10', 'actionPrograma'),
(2011, 'afantin', '11.1.116.20', 'Fez Upload pelo Frontend', 'sp_estudoaudiencia', '2015-03-03 18:57:27', 'actionUploadFile'),
(2012, 'jvbarros', '11.1.116.20', 'Acessou o Veículo', 'band', '2015-03-03 19:09:40', 'actionVeiculo'),
(2013, 'jvbarros', '11.1.116.20', 'Acessou o Veículo', 'band', '2015-03-03 19:09:41', 'actionVeiculo'),
(2014, 'jvbarros', '11.1.116.20', 'Acessou o Programa', 'roland_garros_2105', '2015-03-03 19:09:54', 'actionPrograma'),
(2015, 'jvbarros', '11.1.116.20', 'Fez Upload pelo Frontend', 'net_rolandgarros2015_planocomercial', '2015-03-03 19:10:04', 'actionUploadFile'),
(2016, 'csoares', '11.1.116.20', 'Acessou o Veículo', 'band', '2015-03-03 20:12:15', 'actionVeiculo'),
(2017, 'csoares', '11.1.116.20', 'Acessou o Veículo', 'band', '2015-03-03 20:12:16', 'actionVeiculo'),
(2018, 'csoares', '11.1.116.20', 'Acessou a Análise', 'analise_share_mercado', '2015-03-03 20:12:19', 'actionAnalise'),
(2019, 'cleoncio', '177.159.181.150', 'Acessou o Veículo', 'band', '2015-03-04 09:18:34', 'actionVeiculo'),
(2020, 'cleoncio', '177.159.181.150', 'Acessou o Veículo', 'band', '2015-03-04 09:18:41', 'actionVeiculo'),
(2021, 'cleoncio', '177.159.181.150', 'Acessou a Análise', 'principais_targets_band', '2015-03-04 09:18:48', 'actionAnalise'),
(2022, 'cleoncio', '177.159.181.152', 'Acessou o Veículo', 'band', '2015-03-04 09:38:44', 'actionVeiculo'),
(2023, 'cleoncio', '177.159.181.150', 'Acessou o Veículo', 'band', '2015-03-04 09:39:00', 'actionVeiculo'),
(2024, 'cleoncio', '177.159.181.152', 'Acessou a Análise', 'principais_targets_band', '2015-03-04 09:39:11', 'actionAnalise'),
(2025, 'refarias', '11.1.116.20', 'Acessou o Veículo', 'band', '2015-03-04 09:45:59', 'actionVeiculo'),
(2026, 'refarias', '11.1.116.20', 'Acessou o Veículo', 'band', '2015-03-04 09:46:04', 'actionVeiculo'),
(2027, 'fhnascimento', '11.1.116.20', 'Acessou o Veículo', 'band', '2015-03-04 10:00:03', 'actionVeiculo'),
(2028, 'fhnascimento', '11.1.116.20', 'Acessou o Veículo', 'band', '2015-03-04 10:00:04', 'actionVeiculo'),
(2029, 'fhnascimento', '11.1.116.20', 'Acessou o Programa', 'tabela_precos', '2015-03-04 10:00:29', 'actionPrograma'),
(2030, 'jvbarros', '11.1.116.20', 'Acessou o Veículo', 'band', '2015-03-04 10:19:10', 'actionVeiculo'),
(2031, 'jvbarros', '11.1.116.20', 'Acessou o Veículo', 'band', '2015-03-04 10:19:11', 'actionVeiculo'),
(2032, 'jvbarros', '11.1.116.20', 'Acessou o Programa', 'roland_garros_2105', '2015-03-04 10:19:18', 'actionPrograma'),
(2033, 'gpsouza', '11.1.116.20', 'Acessou o Veículo', 'metro', '2015-03-04 10:26:34', 'actionVeiculo'),
(2034, 'gpsouza', '11.1.116.20', 'Acessou o Veículo', 'band_news', '2015-03-04 10:26:44', 'actionVeiculo'),
(2035, 'gpsouza', '11.1.116.20', 'Acessou a Análise', 'midia_dados_2014', '2015-03-04 10:26:54', 'actionAnalise'),
(2036, 'gpsouza', '11.1.116.20', 'Acessou o Veículo', 'band_news', '2015-03-04 10:26:59', 'actionVeiculo'),
(2037, 'gpsouza', '11.1.116.20', 'Acessou a Análise', 'midia_fatos_2014', '2015-03-04 10:27:07', 'actionAnalise'),
(2038, 'gpsouza', '11.1.116.20', 'Acessou o Veículo', 'band_news', '2015-03-04 10:27:19', 'actionVeiculo'),
(2039, 'gpsouza', '11.1.116.20', 'Acessou o Programa', 'colunistas_josesimao', '2015-03-04 10:27:37', 'actionPrograma'),
(2040, 'gpsouza', '11.1.116.20', 'Acessou o Veículo', 'arte1', '2015-03-04 10:27:53', 'actionVeiculo'),
(2041, 'gpsouza', '11.1.116.20', 'Acessou a Análise', 'midia_dados_2014', '2015-03-04 10:28:06', 'actionAnalise'),
(2042, 'fhnascimento', '11.1.116.20', 'Acessou o Veículo', 'band', '2015-03-04 10:48:02', 'actionVeiculo'),
(2043, 'fhnascimento', '11.1.116.20', 'Acessou o Veículo', 'band', '2015-03-04 10:48:04', 'actionVeiculo'),
(2044, 'fhnascimento', '11.1.116.20', 'Acessou o Programa', 'cafe_jornal', '2015-03-04 10:48:10', 'actionPrograma'),
(2045, 'nledur', '177.159.181.150', 'Acessou o Veículo', 'band', '2015-03-04 11:18:38', 'actionVeiculo'),
(2046, 'nledur', '177.159.181.150', 'Acessou o Veículo', 'band', '2015-03-04 11:18:42', 'actionVeiculo'),
(2047, 'nledur', '177.159.181.150', 'Acessou o Programa', 'poa_posvenda', '2015-03-04 11:18:56', 'actionPrograma'),
(2048, 'nledur', '177.159.181.150', 'Acessou o Veículo', 'band', '2015-03-04 11:19:14', 'actionVeiculo'),
(2049, 'nledur', '177.159.181.150', 'Acessou o Veículo', 'band', '2015-03-04 11:19:27', 'actionVeiculo'),
(2050, 'nledur', '177.159.181.150', 'Acessou o Programa', 'poa_posvenda', '2015-03-04 11:19:52', 'actionPrograma'),
(2051, 'rrodenbusch', '177.159.181.152', 'Acessou o Veículo', 'band', '2015-03-04 11:32:52', 'actionVeiculo'),
(2052, 'rrodenbusch', '177.159.181.152', 'Acessou o Veículo', 'band', '2015-03-04 11:32:54', 'actionVeiculo'),
(2053, 'rrodenbusch', '177.159.181.150', 'Acessou o Programa', 'poa_posvenda', '2015-03-04 11:33:24', 'actionPrograma'),
(2054, 'ldalpont', '177.159.181.150', 'Acessou o Veículo', 'band', '2015-03-04 11:42:54', 'actionVeiculo'),
(2055, 'ldalpont', '177.159.181.152', 'Acessou o Veículo', 'band', '2015-03-04 11:42:56', 'actionVeiculo'),
(2056, 'rrodenbusch', '177.159.181.152', 'Acessou o Veículo', 'band', '2015-03-04 11:46:47', 'actionVeiculo'),
(2057, 'rrodenbusch', '177.159.181.150', 'Acessou o Veículo', 'band', '2015-03-04 11:46:49', 'actionVeiculo'),
(2058, 'rrodenbusch', '177.159.181.152', 'Acessou o Programa', 'poa_posvenda', '2015-03-04 11:46:58', 'actionPrograma'),
(2059, 'ldalpont', '177.159.181.152', 'Acessou o Veículo', 'band', '2015-03-04 11:52:42', 'actionVeiculo'),
(2060, 'afantin', '11.1.116.20', 'Acessou o Veículo', 'band', '2015-03-04 11:52:46', 'actionVeiculo'),
(2061, 'afantin', '11.1.116.20', 'Acessou o Veículo', 'band', '2015-03-04 11:52:48', 'actionVeiculo'),
(2062, 'afantin', '11.1.116.20', 'Acessou o Programa', 'cafe_jornal', '2015-03-04 11:52:54', 'actionPrograma'),
(2063, 'jvbarros', '11.1.116.20', 'Acessou o Veículo', 'band', '2015-03-04 12:10:50', 'actionVeiculo'),
(2064, 'jvbarros', '11.1.116.20', 'Acessou o Veículo', 'band', '2015-03-04 12:10:51', 'actionVeiculo'),
(2065, 'jvbarros', '11.1.116.20', 'Acessou o Programa', 'roland_garros_2105', '2015-03-04 12:10:57', 'actionPrograma'),
(2066, 'jvbarros', '11.1.116.20', 'Fez Upload pelo Frontend', 'net_rolandgarros2015_planocomercial', '2015-03-04 12:11:10', 'actionUploadFile'),
(2067, 'jvbarros', '11.1.116.20', 'Acessou o Veículo', 'band', '2015-03-04 12:11:15', 'actionVeiculo'),
(2068, 'jvbarros', '11.1.116.20', 'Acessou o Veículo', 'band', '2015-03-04 12:11:16', 'actionVeiculo'),
(2069, 'jvbarros', '11.1.116.20', 'Acessou o Programa', 'roland_garros_2105', '2015-03-04 12:11:21', 'actionPrograma'),
(2070, 'nledur', '177.159.181.150', 'Terminou aplicação', 'logout', '2015-03-04 12:13:26', 'actionLogout'),
(2071, 'manjo', '11.1.116.20', 'Acessou o Veículo', 'band', '2015-03-04 14:21:13', 'actionVeiculo'),
(2072, 'manjo', '11.1.116.20', 'Acessou o Veículo', 'band', '2015-03-04 14:21:17', 'actionVeiculo'),
(2073, 'manjo', '11.1.116.20', 'Acessou o Programa', 'poa_posvenda', '2015-03-04 14:21:36', 'actionPrograma'),
(2074, 'groberti', '11.1.116.20', 'Acessou o Veículo', 'band', '2015-03-04 14:37:32', 'actionVeiculo'),
(2075, 'groberti', '11.1.116.20', 'Acessou o Veículo', 'band', '2015-03-04 14:37:33', 'actionVeiculo'),
(2076, 'groberti', '11.1.116.20', 'Acessou o Programa', 'tabela_precos', '2015-03-04 14:37:42', 'actionPrograma'),
(2077, 'frpereira', '11.1.108.34', 'Terminou aplicação', 'logout', '2015-03-04 14:39:45', 'actionLogout'),
(2078, 'leduardo', '11.1.116.20', 'Acessou o Veículo', 'band', '2015-03-04 14:43:26', 'actionVeiculo'),
(2079, 'manjo', '11.1.116.20', 'Acessou o Veículo', 'band', '2015-03-04 14:44:23', 'actionVeiculo'),
(2080, 'manjo', '11.1.116.20', 'Acessou o Veículo', 'band', '2015-03-04 14:44:28', 'actionVeiculo'),
(2081, 'manjo', '11.1.116.20', 'Acessou o Programa', 'donos_bola', '2015-03-04 14:44:31', 'actionPrograma'),
(2082, 'aditomaso', '11.1.116.20', 'Acessou o Veículo', 'band', '2015-03-04 14:50:54', 'actionVeiculo'),
(2083, 'aditomaso', '11.1.116.20', 'Acessou o Veículo', 'band', '2015-03-04 14:50:55', 'actionVeiculo'),
(2084, 'amoraes', '72.246.216.144', 'Terminou aplicação', 'logout', '2015-03-04 14:51:09', 'actionLogout'),
(2085, 'lacarvalho', '72.246.216.144', 'Acessou o Veículo', 'band', '2015-03-04 14:53:40', 'actionVeiculo'),
(2086, 'lacarvalho', '72.246.216.144', 'Acessou o Veículo', 'band_news', '2015-03-04 14:53:52', 'actionVeiculo'),
(2087, 'lacarvalho', '72.246.216.154', 'Acessou a Análise', 'midia_fatos_2014', '2015-03-04 14:54:22', 'actionAnalise'),
(2088, 'lacarvalho', '72.246.216.144', 'Acessou o Veículo', 'band_news', '2015-03-04 14:54:35', 'actionVeiculo'),
(2089, 'lacarvalho', '72.246.216.154', 'Acessou o Programa', 'canal_livre', '2015-03-04 14:54:57', 'actionPrograma'),
(2090, 'leduardo', '11.1.116.20', 'Acessou o Veículo', 'band', '2015-03-04 14:58:08', 'actionVeiculo'),
(2091, 'leduardo', '11.1.116.20', 'Acessou a Análise', 'maiores_anunciantes_agencia', '2015-03-04 14:58:18', 'actionAnalise'),
(2092, 'aditomaso', '11.1.116.20', 'Acessou o Programa', 'net_aet_2015', '2015-03-04 14:59:32', 'actionPrograma'),
(2093, 'frpereira', '11.1.116.20', 'Acessou o Veículo', 'band', '2015-03-04 15:00:11', 'actionVeiculo'),
(2094, 'frpereira', '11.1.116.20', 'Acessou o Veículo', 'band', '2015-03-04 15:00:12', 'actionVeiculo'),
(2095, 'frpereira', '11.1.116.20', 'Acessou o Programa', 'net_1001noites', '2015-03-04 15:00:14', 'actionPrograma'),
(2096, 'aditomaso', '11.1.116.20', 'Acessou o Veículo', 'band', '2015-03-04 15:00:28', 'actionVeiculo'),
(2097, 'aditomaso', '11.1.116.20', 'Acessou o Veículo', 'band', '2015-03-04 15:00:30', 'actionVeiculo'),
(2098, 'aditomaso', '11.1.116.20', 'Acessou o Programa', 'mundo_segundo_brasileiros', '2015-03-04 15:02:29', 'actionPrograma'),
(2099, 'aditomaso', '11.1.116.20', 'Acessou o Veículo', 'band', '2015-03-04 15:04:10', 'actionVeiculo'),
(2100, 'aditomaso', '11.1.116.20', 'Acessou o Veículo', 'band', '2015-03-04 15:04:12', 'actionVeiculo'),
(2101, 'aditomaso', '11.1.116.20', 'Acessou o Programa', 'jornal_band', '2015-03-04 15:04:33', 'actionPrograma'),
(2102, 'groberti', '11.1.116.20', 'Acessou o Veículo', 'band', '2015-03-04 15:05:49', 'actionVeiculo'),
(2103, 'groberti', '11.1.116.20', 'Acessou o Programa', 'net_1001noites', '2015-03-04 15:05:51', 'actionPrograma'),
(2104, 'groberti', '11.1.116.20', 'Acessou o Veículo', 'band', '2015-03-04 15:09:14', 'actionVeiculo'),
(2105, 'groberti', '11.1.116.20', 'Acessou o Programa', 'cqc_2015', '2015-03-04 15:09:24', 'actionPrograma'),
(2106, 'lfsousa', '11.1.116.20', 'Acessou o Veículo', 'band', '2015-03-04 15:30:15', 'actionVeiculo'),
(2107, 'lfsousa', '11.1.116.20', 'Acessou o Veículo', 'band', '2015-03-04 15:30:16', 'actionVeiculo'),
(2108, 'lfsousa', '11.1.116.20', 'Acessou o Programa', 'band_minas', '2015-03-04 15:30:20', 'actionPrograma'),
(2109, 'frpereira', '11.1.116.20', 'Acessou o Veículo', 'band', '2015-03-04 15:31:34', 'actionVeiculo'),
(2110, 'frpereira', '11.1.116.20', 'Acessou o Programa', 'net_1001noites', '2015-03-04 15:31:35', 'actionPrograma'),
(2111, 'frpereira', '11.1.116.20', 'Acessou o Veículo', 'band', '2015-03-04 15:43:21', 'actionVeiculo'),
(2112, 'frpereira', '11.1.116.20', 'Acessou o Veículo', 'band', '2015-03-04 15:43:22', 'actionVeiculo'),
(2113, 'frpereira', '11.1.116.20', 'Acessou o Programa', 'net_1001noites', '2015-03-04 15:43:24', 'actionPrograma'),
(2114, 'frpereira', '11.1.116.20', 'Acessou o Veículo', 'band', '2015-03-04 15:43:31', 'actionVeiculo'),
(2115, 'frpereira', '11.1.116.20', 'Acessou o Programa', 'net_1001noites', '2015-03-04 15:43:33', 'actionPrograma'),
(2116, 'jveronezi', '11.1.116.20', 'Acessou o Veículo', 'band', '2015-03-04 15:43:57', 'actionVeiculo'),
(2117, 'jveronezi', '11.1.116.20', 'Acessou o Veículo', 'band', '2015-03-04 15:43:59', 'actionVeiculo'),
(2118, 'jveronezi', '11.1.116.20', 'Acessou a Análise', 'maiores_anunciantes_agencia', '2015-03-04 15:44:07', 'actionAnalise'),
(2119, 'frpereira', '11.1.116.20', 'Acessou o Veículo', 'band', '2015-03-04 15:45:06', 'actionVeiculo'),
(2120, 'frpereira', '11.1.116.20', 'Acessou o Veículo', 'band', '2015-03-04 15:45:26', 'actionVeiculo'),
(2121, 'jveronezi', '11.1.116.20', 'Acessou o Veículo', 'band', '2015-03-04 15:45:46', 'actionVeiculo'),
(2122, 'jveronezi', '11.1.116.20', 'Acessou o Veículo', 'band', '2015-03-04 15:45:47', 'actionVeiculo'),
(2123, 'jveronezi', '11.1.116.20', 'Acessou a Análise', 'maiores_anunciantes_agencia', '2015-03-04 15:45:52', 'actionAnalise'),
(2124, 'frpereira', '11.1.116.20', 'Acessou o Veículo', 'band', '2015-03-04 15:46:44', 'actionVeiculo'),
(2125, 'frpereira', '11.1.116.20', 'Acessou o Programa', 'net_1001noites', '2015-03-04 15:46:46', 'actionPrograma'),
(2126, 'frpereira', '11.1.116.20', 'Acessou o Veículo', 'band', '2015-03-04 15:48:48', 'actionVeiculo'),
(2127, 'frpereira', '11.1.116.20', 'Acessou o Programa', 'net_1001noites', '2015-03-04 15:48:50', 'actionPrograma'),
(2128, 'frpereira', '11.1.116.20', 'Acessou o Veículo', 'band', '2015-03-04 15:49:22', 'actionVeiculo'),
(2129, 'frpereira', '11.1.116.20', 'Acessou o Programa', 'net_1001noites', '2015-03-04 15:49:23', 'actionPrograma'),
(2130, 'frpereira', '11.1.116.20', 'Acessou o Veículo', 'band', '2015-03-04 15:49:57', 'actionVeiculo'),
(2131, 'frpereira', '11.1.116.20', 'Acessou o Veículo', 'band', '2015-03-04 15:49:58', 'actionVeiculo'),
(2132, 'frpereira', '11.1.116.20', 'Acessou o Programa', 'net_1001noites', '2015-03-04 15:50:01', 'actionPrograma'),
(2133, 'jveronezi', '11.1.116.20', 'Acessou o Veículo', 'band', '2015-03-04 15:50:18', 'actionVeiculo'),
(2134, 'jveronezi', '11.1.116.20', 'Acessou o Veículo', 'band', '2015-03-04 15:50:20', 'actionVeiculo'),
(2135, 'jveronezi', '11.1.116.20', 'Acessou a Análise', 'maiores_anunciantes_agencia', '2015-03-04 15:50:25', 'actionAnalise'),
(2136, 'frpereira', '11.1.116.20', 'Acessou o Veículo', 'band', '2015-03-04 15:50:25', 'actionVeiculo'),
(2137, 'frpereira', '11.1.116.20', 'Acessou o Programa', 'net_1001noites', '2015-03-04 15:50:26', 'actionPrograma'),
(2138, 'leduardo', '11.1.116.20', 'Acessou o Veículo', 'band', '2015-03-04 15:50:33', 'actionVeiculo'),
(2139, 'leduardo', '11.1.116.20', 'Acessou o Veículo', 'band', '2015-03-04 15:50:35', 'actionVeiculo'),
(2140, 'leduardo', '11.1.116.20', 'Acessou a Análise', 'maiores_anunciantes_agencia', '2015-03-04 15:50:41', 'actionAnalise'),
(2141, 'frpereira', '11.1.116.20', 'Acessou o Veículo', 'band', '2015-03-04 15:50:45', 'actionVeiculo'),
(2142, 'frpereira', '11.1.116.20', 'Acessou o Programa', 'net_1001noites', '2015-03-04 15:50:46', 'actionPrograma'),
(2143, 'groberti', '11.1.116.20', 'Acessou o Veículo', 'band', '2015-03-04 15:50:51', 'actionVeiculo'),
(2144, 'groberti', '11.1.116.20', 'Acessou o Veículo', 'band', '2015-03-04 15:50:52', 'actionVeiculo'),
(2145, 'groberti', '11.1.116.20', 'Acessou o Programa', 'net_1001noites', '2015-03-04 15:51:01', 'actionPrograma'),
(2146, 'groberti', '11.1.116.20', 'Acessou o Veículo', 'band', '2015-03-04 15:51:07', 'actionVeiculo'),
(2147, 'groberti', '11.1.116.20', 'Acessou o Programa', 'gol_grande_momento_futebol', '2015-03-04 15:51:13', 'actionPrograma'),
(2148, 'groberti', '11.1.116.20', 'Acessou o Veículo', 'band', '2015-03-04 15:51:16', 'actionVeiculo'),
(2149, 'groberti', '11.1.116.20', 'Acessou o Programa', 'jogo_aberto', '2015-03-04 15:51:19', 'actionPrograma'),
(2150, 'groberti', '11.1.116.20', 'Acessou o Veículo', 'band', '2015-03-04 15:51:38', 'actionVeiculo'),
(2151, 'jveronezi', '11.1.116.20', 'Acessou o Veículo', 'band', '2015-03-04 15:58:23', 'actionVeiculo'),
(2152, 'jveronezi', '11.1.116.20', 'Acessou o Veículo', 'band', '2015-03-04 15:58:25', 'actionVeiculo'),
(2153, 'jveronezi', '11.1.116.20', 'Acessou a Análise', 'agenda_anunciantes_agencia', '2015-03-04 15:58:28', 'actionAnalise'),
(2154, 'jveronezi', '11.1.116.20', 'Acessou o Veículo', 'band', '2015-03-04 16:00:09', 'actionVeiculo'),
(2155, 'jveronezi', '11.1.116.20', 'Acessou o Veículo', 'band', '2015-03-04 16:00:10', 'actionVeiculo'),
(2156, 'jveronezi', '11.1.116.20', 'Acessou o Programa', 'spinterior_bandcidade', '2015-03-04 16:00:17', 'actionPrograma'),
(2157, 'jveronezi', '11.1.116.20', 'Acessou o Veículo', 'band', '2015-03-04 16:00:48', 'actionVeiculo'),
(2158, 'jveronezi', '11.1.116.20', 'Acessou o Veículo', 'band', '2015-03-04 16:00:50', 'actionVeiculo'),
(2159, 'jveronezi', '11.1.116.20', 'Acessou a Análise', 'agenda_anunciantes_agencia', '2015-03-04 16:00:57', 'actionAnalise'),
(2160, 'lacarvalho', '72.246.216.154', 'Acessou o Veículo', 'band', '2015-03-04 16:00:57', 'actionVeiculo'),
(2161, 'lacarvalho', '72.246.216.144', 'Acessou o Veículo', 'band', '2015-03-04 16:01:01', 'actionVeiculo'),
(2162, 'lacarvalho', '72.246.216.144', 'Acessou a Análise', 'analise_share_mercado_pracas_especiais', '2015-03-04 16:03:29', 'actionAnalise');
INSERT INTO `log` (`id_log`, `usuario_log`, `ip_log`, `acao_log`, `ref_log`, `data_log`, `descricao_log`) VALUES
(2163, 'groberti', '11.1.116.20', 'Acessou o Programa', 'dia_dia', '2015-03-04 16:03:37', 'actionPrograma'),
(2164, 'groberti', '11.1.116.20', 'Acessou o Veículo', 'band', '2015-03-04 16:04:18', 'actionVeiculo'),
(2165, 'lacarvalho', '72.246.216.144', 'Acessou o Veículo', 'band', '2015-03-04 16:05:32', 'actionVeiculo'),
(2166, 'lacarvalho', '72.246.216.154', 'Acessou o Veículo', 'band', '2015-03-04 16:05:34', 'actionVeiculo'),
(2167, 'lacarvalho', '72.246.216.154', 'Acessou a Análise', 'agenda_anunciantes_agencia', '2015-03-04 16:05:41', 'actionAnalise'),
(2168, 'mprsilva', '11.1.116.20', 'Acessou o Veículo', 'band', '2015-03-04 16:23:33', 'actionVeiculo'),
(2169, 'jveronezi', '11.1.116.20', 'Acessou o Veículo', 'band', '2015-03-04 16:23:35', 'actionVeiculo'),
(2170, 'mprsilva', '11.1.116.20', 'Acessou o Veículo', 'band', '2015-03-04 16:23:36', 'actionVeiculo'),
(2171, 'jveronezi', '11.1.116.20', 'Acessou o Veículo', 'band', '2015-03-04 16:23:36', 'actionVeiculo'),
(2172, 'jveronezi', '11.1.116.20', 'Acessou a Análise', 'agenda_anunciantes_agencia', '2015-03-04 16:23:39', 'actionAnalise'),
(2173, 'mprsilva', '11.1.116.20', 'Acessou o Veículo', 'band', '2015-03-04 16:24:22', 'actionVeiculo'),
(2174, 'jveronezi', '11.1.116.20', 'Acessou o Veículo', 'band', '2015-03-04 16:24:23', 'actionVeiculo'),
(2175, 'jveronezi', '11.1.116.20', 'Acessou o Veículo', 'band', '2015-03-04 16:24:24', 'actionVeiculo'),
(2176, 'jveronezi', '11.1.116.20', 'Acessou a Análise', 'agenda_anunciantes_agencia', '2015-03-04 16:24:27', 'actionAnalise'),
(2177, 'mprsilva', '11.1.116.20', 'Acessou o Veículo', 'band', '2015-03-04 16:24:34', 'actionVeiculo'),
(2178, 'mprsilva', '11.1.116.20', 'Acessou a Análise', 'audiencia_emissora', '2015-03-04 16:25:19', 'actionAnalise'),
(2179, 'jveronezi', '11.1.116.20', 'Acessou o Veículo', 'band', '2015-03-04 16:26:12', 'actionVeiculo'),
(2180, 'jveronezi', '11.1.116.20', 'Acessou o Veículo', 'band', '2015-03-04 16:26:14', 'actionVeiculo'),
(2181, 'jveronezi', '11.1.116.20', 'Acessou a Análise', 'maiores_anunciantes_agencia', '2015-03-04 16:26:19', 'actionAnalise'),
(2182, 'mprsilva', '11.1.116.20', 'Acessou o Veículo', 'band', '2015-03-04 16:27:54', 'actionVeiculo'),
(2183, 'jveronezi', '11.1.116.20', 'Acessou o Veículo', 'band', '2015-03-04 16:27:57', 'actionVeiculo'),
(2184, 'mprsilva', '11.1.116.20', 'Acessou o Veículo', 'band', '2015-03-04 16:27:57', 'actionVeiculo'),
(2185, 'jveronezi', '11.1.116.20', 'Acessou o Veículo', 'band', '2015-03-04 16:28:01', 'actionVeiculo'),
(2186, 'mprsilva', '11.1.116.20', 'Acessou a Análise', 'targets_comportamentais', '2015-03-04 16:28:02', 'actionAnalise'),
(2187, 'mprsilva', '11.1.116.20', 'Acessou o Veículo', 'band', '2015-03-04 16:28:32', 'actionVeiculo'),
(2188, 'jveronezi', '11.1.116.20', 'Acessou a Análise', 'maiores_anunciantes_agencia', '2015-03-04 16:28:34', 'actionAnalise'),
(2189, 'mprsilva', '11.1.116.20', 'Acessou o Veículo', 'band', '2015-03-04 16:28:34', 'actionVeiculo'),
(2190, 'jveronezi', '11.1.116.20', 'Acessou o Veículo', 'band', '2015-03-04 16:29:51', 'actionVeiculo'),
(2191, 'jveronezi', '11.1.116.20', 'Acessou o Veículo', 'band', '2015-03-04 16:29:55', 'actionVeiculo'),
(2192, 'jveronezi', '11.1.116.20', 'Acessou a Análise', 'agenda_anunciantes_agencia', '2015-03-04 16:29:59', 'actionAnalise'),
(2193, 'mprsilva', '11.1.116.20', 'Acessou a Análise', 'audiencia_emissora', '2015-03-04 16:30:07', 'actionAnalise'),
(2194, 'jveronezi', '11.1.116.20', 'Acessou o Veículo', 'band', '2015-03-04 16:31:09', 'actionVeiculo'),
(2195, 'jveronezi', '11.1.116.20', 'Acessou o Veículo', 'band', '2015-03-04 16:31:11', 'actionVeiculo'),
(2196, 'jveronezi', '11.1.116.20', 'Acessou a Análise', 'agenda_anunciantes_agencia', '2015-03-04 16:31:16', 'actionAnalise'),
(2197, 'jveronezi', '11.1.116.20', 'Acessou o Veículo', 'band', '2015-03-04 16:31:59', 'actionVeiculo'),
(2198, 'jveronezi', '11.1.116.20', 'Acessou o Veículo', 'band', '2015-03-04 16:32:01', 'actionVeiculo'),
(2199, 'jveronezi', '11.1.116.20', 'Acessou a Análise', 'agenda_anunciantes_agencia', '2015-03-04 16:32:07', 'actionAnalise'),
(2200, 'jveronezi', '11.1.116.20', 'Acessou o Veículo', 'band', '2015-03-04 16:32:28', 'actionVeiculo'),
(2201, 'jveronezi', '11.1.116.20', 'Acessou o Veículo', 'band', '2015-03-04 16:32:30', 'actionVeiculo'),
(2202, 'jveronezi', '11.1.116.20', 'Acessou a Análise', 'agenda_anunciantes_agencia', '2015-03-04 16:32:33', 'actionAnalise'),
(2203, 'jveronezi', '11.1.116.20', 'Acessou o Veículo', 'band', '2015-03-04 16:33:08', 'actionVeiculo'),
(2204, 'jveronezi', '11.1.116.20', 'Acessou o Veículo', 'band', '2015-03-04 16:33:09', 'actionVeiculo'),
(2205, 'jveronezi', '11.1.116.20', 'Acessou a Análise', 'maiores_anunciantes_agencia', '2015-03-04 16:33:16', 'actionAnalise'),
(2206, 'nledur', '72.246.216.144', 'Acessou o Veículo', 'band', '2015-03-04 16:34:03', 'actionVeiculo'),
(2207, 'nledur', '72.246.216.144', 'Acessou o Veículo', 'band', '2015-03-04 16:34:08', 'actionVeiculo'),
(2208, 'nledur', '72.246.216.144', 'Acessou a Análise', 'perfil_audiencia_programa', '2015-03-04 16:34:29', 'actionAnalise'),
(2209, 'jveronezi', '11.1.116.20', 'Acessou o Veículo', 'band', '2015-03-04 16:35:10', 'actionVeiculo'),
(2210, 'jveronezi', '11.1.116.20', 'Acessou o Veículo', 'band', '2015-03-04 16:36:05', 'actionVeiculo'),
(2211, 'jveronezi', '11.1.116.20', 'Acessou a Análise', 'agenda_anunciantes_agencia', '2015-03-04 16:36:10', 'actionAnalise'),
(2212, 'jveronezi', '11.1.116.20', 'Acessou o Veículo', 'band', '2015-03-04 16:36:19', 'actionVeiculo'),
(2213, 'jveronezi', '11.1.116.20', 'Acessou o Veículo', 'band', '2015-03-04 16:37:37', 'actionVeiculo'),
(2214, 'jveronezi', '11.1.116.20', 'Acessou a Análise', 'agenda_anunciantes_agencia', '2015-03-04 16:37:55', 'actionAnalise'),
(2215, 'nledur', '72.246.216.144', 'Acessou o Veículo', 'band', '2015-03-04 16:38:00', 'actionVeiculo'),
(2216, 'nledur', '72.246.216.144', 'Acessou o Veículo', 'band', '2015-03-04 16:38:02', 'actionVeiculo'),
(2217, 'nledur', '72.246.216.144', 'Acessou a Análise', 'perfil_audiencia_programa', '2015-03-04 16:38:08', 'actionAnalise'),
(2218, 'nledur', '72.246.216.144', 'Acessou o Veículo', 'band', '2015-03-04 16:38:44', 'actionVeiculo'),
(2219, 'nledur', '72.246.216.144', 'Acessou o Veículo', 'band', '2015-03-04 16:38:45', 'actionVeiculo'),
(2220, 'nledur', '72.246.216.144', 'Acessou a Análise', 'agenda_anunciantes_agencia', '2015-03-04 16:38:49', 'actionAnalise'),
(2221, 'nledur', '72.246.216.154', 'Acessou o Veículo', 'band', '2015-03-04 16:39:56', 'actionVeiculo'),
(2222, 'nledur', '72.246.216.154', 'Acessou o Veículo', 'band', '2015-03-04 16:39:58', 'actionVeiculo'),
(2223, 'nledur', '72.246.216.154', 'Acessou a Análise', 'perfil_audiencia_programa', '2015-03-04 16:40:19', 'actionAnalise'),
(2224, 'jveronezi', '11.1.116.20', 'Acessou o Veículo', 'band', '2015-03-04 16:43:00', 'actionVeiculo'),
(2225, 'jveronezi', '11.1.116.20', 'Acessou o Veículo', 'band', '2015-03-04 16:43:05', 'actionVeiculo'),
(2226, 'jveronezi', '11.1.116.20', 'Acessou a Análise', 'agenda_anunciantes_agencia', '2015-03-04 16:43:10', 'actionAnalise'),
(2227, 'nledur', '72.246.216.154', 'Terminou aplicação', 'logout', '2015-03-04 16:44:58', 'actionLogout'),
(2228, 'cleoncio', '72.246.216.154', 'Acessou o Veículo', 'band', '2015-03-04 16:45:01', 'actionVeiculo'),
(2229, 'cleoncio', '72.246.216.154', 'Acessou o Veículo', 'band', '2015-03-04 16:45:03', 'actionVeiculo'),
(2230, 'cleoncio', '72.246.216.154', 'Acessou a Análise', 'principais_targets_band', '2015-03-04 16:45:10', 'actionAnalise'),
(2231, 'jveronezi', '11.1.116.20', 'Acessou o Veículo', 'band', '2015-03-04 16:46:05', 'actionVeiculo'),
(2232, 'jveronezi', '11.1.116.20', 'Acessou o Veículo', 'band', '2015-03-04 16:46:08', 'actionVeiculo'),
(2233, 'jveronezi', '11.1.116.20', 'Acessou a Análise', 'audiencia_emissora', '2015-03-04 16:46:18', 'actionAnalise'),
(2234, 'groberti', '11.1.116.20', 'Acessou o Veículo', 'band', '2015-03-04 16:46:20', 'actionVeiculo'),
(2235, 'groberti', '11.1.116.20', 'Acessou o Veículo', 'band', '2015-03-04 16:46:22', 'actionVeiculo'),
(2236, 'jveronezi', '11.1.116.20', 'Acessou o Veículo', 'band', '2015-03-04 16:46:49', 'actionVeiculo'),
(2237, 'jveronezi', '11.1.116.20', 'Acessou o Veículo', 'band', '2015-03-04 16:46:50', 'actionVeiculo'),
(2238, 'jveronezi', '11.1.116.20', 'Acessou a Análise', 'analise_share_mercado', '2015-03-04 16:46:54', 'actionAnalise'),
(2239, 'cleoncio', '72.246.216.144', 'Acessou o Veículo', 'band', '2015-03-04 16:51:05', 'actionVeiculo'),
(2240, 'cleoncio', '72.246.216.144', 'Acessou o Veículo', 'band', '2015-03-04 16:51:07', 'actionVeiculo'),
(2241, 'cleoncio', '72.246.216.144', 'Acessou a Análise', 'principais_targets_band', '2015-03-04 16:51:13', 'actionAnalise'),
(2242, 'cleoncio', '72.246.216.144', 'Acessou o Veículo', 'band', '2015-03-04 16:53:47', 'actionVeiculo'),
(2243, 'cleoncio', '72.246.216.144', 'Acessou o Veículo', 'band', '2015-03-04 16:53:49', 'actionVeiculo'),
(2244, 'cleoncio', '72.246.216.144', 'Acessou a Análise', 'principais_targets_band', '2015-03-04 16:53:55', 'actionAnalise'),
(2245, 'groberti', '11.1.116.20', 'Acessou a Análise', 'agenda_anunciantes_agencia', '2015-03-04 16:56:59', 'actionAnalise'),
(2246, 'groberti', '11.1.116.20', 'Acessou a Análise', 'agenda_anunciantes_agencia', '2015-03-04 16:57:16', 'actionAnalise'),
(2247, 'groberti', '11.1.116.20', 'Acessou o Veículo', 'band', '2015-03-04 16:57:38', 'actionVeiculo'),
(2248, 'groberti', '11.1.116.20', 'Acessou o Veículo', 'band', '2015-03-04 16:57:39', 'actionVeiculo'),
(2249, 'groberti', '11.1.116.20', 'Acessou a Análise', 'agenda_anunciantes_agencia', '2015-03-04 16:57:40', 'actionAnalise'),
(2250, 'fmoreira', '11.1.116.20', 'Acessou o Veículo', 'band', '2015-03-04 16:57:56', 'actionVeiculo'),
(2251, 'fmoreira', '11.1.116.20', 'Acessou o Veículo', 'band', '2015-03-04 16:57:58', 'actionVeiculo'),
(2252, 'fmoreira', '11.1.116.20', 'Acessou o Programa', 'riodejaneiro_jogoaberto', '2015-03-04 16:58:02', 'actionPrograma'),
(2253, 'frpereira', '11.1.108.34', 'Acessou o Veículo', 'band', '2015-03-04 16:58:13', 'actionVeiculo'),
(2254, 'frpereira', '11.1.108.34', 'Acessou o Veículo', 'band', '2015-03-04 16:58:14', 'actionVeiculo'),
(2255, 'fmoreira', '11.1.116.20', 'Acessou o Veículo', 'band', '2015-03-04 16:58:15', 'actionVeiculo'),
(2256, 'fmoreira', '11.1.116.20', 'Acessou o Veículo', 'band', '2015-03-04 16:58:16', 'actionVeiculo'),
(2257, 'frpereira', '11.1.108.34', 'Acessou a Análise', 'agenda_anunciantes_agencia', '2015-03-04 16:58:17', 'actionAnalise'),
(2258, 'fmoreira', '11.1.116.20', 'Acessou o Programa', 'jogo_aberto', '2015-03-04 16:58:26', 'actionPrograma'),
(2259, 'ghumar', '11.1.116.20', 'Acessou o Veículo', 'band', '2015-03-04 17:00:33', 'actionVeiculo'),
(2260, 'frpereira', '11.1.108.34', 'Acessou a Análise', 'agenda_anunciantes_agencia', '2015-03-04 17:00:38', 'actionAnalise'),
(2261, 'ghumar', '11.1.116.20', 'Acessou o Veículo', 'band', '2015-03-04 17:00:40', 'actionVeiculo'),
(2262, 'ghumar', '11.1.116.20', 'Acessou a Análise', 'cpp_cpm', '2015-03-04 17:00:45', 'actionAnalise'),
(2263, 'ghumar', '11.1.116.20', 'Acessou o Veículo', 'band', '2015-03-04 17:01:05', 'actionVeiculo'),
(2264, 'ghumar', '11.1.116.20', 'Acessou o Veículo', 'band', '2015-03-04 17:01:06', 'actionVeiculo'),
(2265, 'ghumar', '11.1.116.20', 'Acessou a Análise', 'analise_investimento_meio', '2015-03-04 17:01:14', 'actionAnalise'),
(2266, 'ghumar', '11.1.116.20', 'Acessou a Análise', 'analise_investimento_meio', '2015-03-04 17:03:23', 'actionAnalise'),
(2267, 'cleoncio', '72.246.216.144', 'Acessou o Veículo', 'band', '2015-03-04 17:03:27', 'actionVeiculo'),
(2268, 'cleoncio', '72.246.216.144', 'Acessou o Veículo', 'band', '2015-03-04 17:03:37', 'actionVeiculo'),
(2269, 'ghumar', '11.1.116.20', 'Acessou o Veículo', 'band', '2015-03-04 17:03:37', 'actionVeiculo'),
(2270, 'ghumar', '11.1.116.20', 'Acessou o Veículo', 'band', '2015-03-04 17:03:39', 'actionVeiculo'),
(2271, 'ghumar', '11.1.116.20', 'Acessou a Análise', 'analise_investimento_meio', '2015-03-04 17:03:51', 'actionAnalise'),
(2272, 'cleoncio', '72.246.216.144', 'Acessou a Análise', 'principais_targets_band', '2015-03-04 17:03:57', 'actionAnalise'),
(2273, 'ldalpont', '72.246.216.144', 'Acessou o Veículo', 'band', '2015-03-04 17:04:07', 'actionVeiculo'),
(2274, 'ldalpont', '72.246.216.144', 'Acessou o Veículo', 'band', '2015-03-04 17:04:09', 'actionVeiculo'),
(2275, 'ldalpont', '72.246.216.144', 'Acessou o Programa', 'poa_posvenda', '2015-03-04 17:04:16', 'actionPrograma'),
(2276, 'frpereira', '11.1.108.34', 'Acessou o Veículo', 'band', '2015-03-04 17:07:43', 'actionVeiculo'),
(2277, 'frpereira', '11.1.108.34', 'Acessou o Veículo', 'band', '2015-03-04 17:07:45', 'actionVeiculo'),
(2278, 'frpereira', '11.1.108.34', 'Acessou a Análise', 'agenda_anunciantes_agencia', '2015-03-04 17:07:48', 'actionAnalise'),
(2279, 'frpereira', '11.1.108.34', 'Acessou a Análise', 'agenda_anunciantes_agencia', '2015-03-04 17:08:03', 'actionAnalise'),
(2280, 'frpereira', '11.1.108.34', 'Acessou a Análise', 'agenda_anunciantes_agencia', '2015-03-04 17:10:22', 'actionAnalise'),
(2281, 'frpereira', '11.1.108.34', 'Acessou a Análise', 'agenda_anunciantes_agencia', '2015-03-04 17:10:24', 'actionAnalise'),
(2282, 'pfsilva', '11.1.116.20', 'Acessou o Veículo', 'band', '2015-03-04 17:10:25', 'actionVeiculo'),
(2283, 'pfsilva', '11.1.116.20', 'Acessou o Veículo', 'band', '2015-03-04 17:10:28', 'actionVeiculo'),
(2284, 'pfsilva', '11.1.116.20', 'Acessou a Análise', 'analise_investimento_meio', '2015-03-04 17:10:36', 'actionAnalise'),
(2285, 'frpereira', '11.1.108.34', 'Acessou a Análise', 'agenda_anunciantes_agencia', '2015-03-04 17:11:55', 'actionAnalise'),
(2286, 'frpereira', '11.1.108.34', 'Acessou o Veículo', 'band_news', '2015-03-04 17:12:44', 'actionVeiculo'),
(2287, 'frpereira', '11.1.108.34', 'Acessou o Veículo', 'band_news', '2015-03-04 17:12:44', 'actionVeiculo'),
(2288, 'frpereira', '11.1.108.34', 'Acessou a Análise', 'agenda_anunciantes_newco', '2015-03-04 17:12:47', 'actionAnalise'),
(2289, 'frpereira', '11.1.108.34', 'Acessou o Veículo', 'band', '2015-03-04 17:13:51', 'actionVeiculo'),
(2290, 'frpereira', '11.1.108.34', 'Acessou o Veículo', 'band', '2015-03-04 17:13:54', 'actionVeiculo'),
(2291, 'frpereira', '11.1.108.34', 'Acessou o Veículo', 'band', '2015-03-04 17:13:55', 'actionVeiculo'),
(2292, 'frpereira', '11.1.108.34', 'Acessou a Análise', 'agenda_anunciantes_agencia', '2015-03-04 17:13:58', 'actionAnalise'),
(2293, 'frpereira', '11.1.108.34', 'Acessou o Veículo', 'band', '2015-03-04 17:15:02', 'actionVeiculo'),
(2294, 'frpereira', '11.1.108.34', 'Acessou o Veículo', 'band', '2015-03-04 17:15:04', 'actionVeiculo'),
(2295, 'frpereira', '11.1.108.34', 'Acessou a Análise', 'agenda_anunciantes_agencia', '2015-03-04 17:15:08', 'actionAnalise'),
(2296, 'frpereira', '11.1.108.34', 'Acessou o Veículo', 'band', '2015-03-04 17:17:31', 'actionVeiculo'),
(2297, 'frpereira', '11.1.108.34', 'Acessou o Veículo', 'band', '2015-03-04 17:17:33', 'actionVeiculo'),
(2298, 'frpereira', '11.1.108.34', 'Acessou a Análise', 'agenda_anunciantes_agencia', '2015-03-04 17:17:36', 'actionAnalise'),
(2299, 'frpereira', '11.1.108.34', 'Acessou o Veículo', 'band', '2015-03-04 17:18:33', 'actionVeiculo'),
(2300, 'frpereira', '11.1.108.34', 'Acessou o Veículo', 'band', '2015-03-04 17:18:35', 'actionVeiculo'),
(2301, 'frpereira', '11.1.108.34', 'Acessou a Análise', 'agenda_anunciantes_agencia', '2015-03-04 17:18:48', 'actionAnalise'),
(2302, 'groberti', '11.1.116.20', 'Acessou o Veículo', 'band', '2015-03-04 17:21:05', 'actionVeiculo'),
(2303, 'fssantos', '72.246.216.154', 'Acessou o Veículo', 'band', '2015-03-04 17:21:05', 'actionVeiculo'),
(2304, 'groberti', '11.1.116.20', 'Acessou o Veículo', 'band', '2015-03-04 17:21:06', 'actionVeiculo'),
(2305, 'cleoncio', '72.246.216.154', 'Acessou o Veículo', 'band', '2015-03-04 17:21:06', 'actionVeiculo'),
(2306, 'fssantos', '72.246.216.154', 'Acessou o Veículo', 'band', '2015-03-04 17:21:08', 'actionVeiculo'),
(2307, 'cleoncio', '72.246.216.144', 'Acessou o Veículo', 'band', '2015-03-04 17:21:09', 'actionVeiculo'),
(2308, 'groberti', '11.1.116.20', 'Acessou a Análise', 'cpp_cpm', '2015-03-04 17:21:09', 'actionAnalise'),
(2309, 'fssantos', '72.246.216.154', 'Acessou a Análise', 'audiencia_programa', '2015-03-04 17:21:12', 'actionAnalise'),
(2310, 'cleoncio', '72.246.216.144', 'Acessou a Análise', 'principais_targets_band', '2015-03-04 17:21:22', 'actionAnalise'),
(2311, 'groberti', '11.1.116.20', 'Acessou o Veículo', 'band', '2015-03-04 17:24:07', 'actionVeiculo'),
(2312, 'frpereira', '11.1.108.34', 'Acessou o Veículo', 'band', '2015-03-04 17:24:15', 'actionVeiculo'),
(2313, 'frpereira', '11.1.108.34', 'Acessou a Análise', 'agenda_anunciantes_agencia', '2015-03-04 17:24:17', 'actionAnalise'),
(2314, 'jveronezi', '11.1.116.20', 'Acessou o Veículo', 'band', '2015-03-04 17:24:21', 'actionVeiculo'),
(2315, 'jveronezi', '11.1.116.20', 'Acessou o Veículo', 'band', '2015-03-04 17:24:22', 'actionVeiculo'),
(2316, 'jveronezi', '11.1.116.20', 'Acessou a Análise', 'agenda_anunciantes_agencia', '2015-03-04 17:24:24', 'actionAnalise'),
(2317, 'im', '11.1.116.20', 'Acessou o Veículo', 'band_sports', '2015-03-04 17:26:29', 'actionVeiculo'),
(2318, 'im', '11.1.116.20', 'Acessou o Programa', 'roland_garros_2105', '2015-03-04 17:26:41', 'actionPrograma'),
(2319, 'im', '11.1.116.20', 'Acessou o Veículo', 'band_sports', '2015-03-04 17:28:30', 'actionVeiculo'),
(2320, 'rwoerle', '11.1.116.20', 'Acessou o Veículo', 'band', '2015-03-04 17:31:32', 'actionVeiculo'),
(2321, 'rwoerle', '11.1.116.20', 'Acessou o Veículo', 'band', '2015-03-04 17:31:33', 'actionVeiculo'),
(2322, 'im', '11.1.116.20', 'Acessou o Veículo', 'band_sports', '2015-03-04 17:34:11', 'actionVeiculo'),
(2323, 'im', '11.1.116.20', 'Acessou o Programa', 'roland_garros_2105', '2015-03-04 17:34:19', 'actionPrograma'),
(2324, 'im', '11.1.116.20', 'Acessou o Veículo', 'band_sports', '2015-03-04 17:34:40', 'actionVeiculo'),
(2325, 'im', '11.1.116.20', 'Acessou o Programa', 'wta_atp', '2015-03-04 17:34:45', 'actionPrograma'),
(2326, 'nledur', '72.246.216.144', 'Acessou o Veículo', 'band', '2015-03-04 17:40:04', 'actionVeiculo'),
(2327, 'nledur', '72.246.216.154', 'Acessou o Veículo', 'band', '2015-03-04 17:40:06', 'actionVeiculo'),
(2328, 'nledur', '72.246.216.144', 'Acessou a Análise', 'perfil_audiencia_programa', '2015-03-04 17:40:13', 'actionAnalise'),
(2329, 'jveronezi', '11.1.116.20', 'Acessou o Veículo', 'band', '2015-03-04 17:40:14', 'actionVeiculo'),
(2330, 'jveronezi', '11.1.116.20', 'Acessou o Veículo', 'band', '2015-03-04 17:40:16', 'actionVeiculo'),
(2331, 'jveronezi', '11.1.116.20', 'Acessou a Análise', 'maiores_anunciantes_agencia', '2015-03-04 17:40:27', 'actionAnalise'),
(2332, 'nledur', '72.246.216.154', 'Acessou o Veículo', 'band', '2015-03-04 17:40:51', 'actionVeiculo'),
(2333, 'nledur', '72.246.216.154', 'Acessou o Veículo', 'band', '2015-03-04 17:40:52', 'actionVeiculo'),
(2334, 'nledur', '72.246.216.144', 'Acessou a Análise', 'perfil_audiencia_programa', '2015-03-04 17:40:57', 'actionAnalise'),
(2335, 'im', '11.1.116.20', 'Acessou o Veículo', 'band_sports', '2015-03-04 17:41:22', 'actionVeiculo'),
(2336, 'im', '11.1.116.20', 'Acessou o Programa', 'wta_atp', '2015-03-04 17:41:27', 'actionPrograma'),
(2337, 'mebeltrao', '11.1.116.20', 'Acessou o Veículo', 'band', '2015-03-04 17:44:16', 'actionVeiculo'),
(2338, 'mebeltrao', '11.1.116.20', 'Acessou o Veículo', 'band', '2015-03-04 17:44:17', 'actionVeiculo'),
(2339, 'mebeltrao', '11.1.116.20', 'Acessou a Análise', 'perfil_audiencia_programa', '2015-03-04 17:44:25', 'actionAnalise'),
(2340, 'mebeltrao', '11.1.116.20', 'Acessou o Veículo', 'band', '2015-03-04 17:48:37', 'actionVeiculo'),
(2341, 'mebeltrao', '11.1.116.20', 'Acessou o Veículo', 'band', '2015-03-04 17:48:40', 'actionVeiculo'),
(2342, 'mebeltrao', '11.1.116.20', 'Acessou o Veículo', 'band', '2015-03-04 17:48:45', 'actionVeiculo'),
(2343, 'mebeltrao', '11.1.116.20', 'Acessou o Veículo', 'band', '2015-03-04 17:48:51', 'actionVeiculo'),
(2344, 'mebeltrao', '11.1.116.20', 'Acessou a Análise', 'agenda_anunciantes_agencia', '2015-03-04 17:49:58', 'actionAnalise'),
(2345, 'mebeltrao', '11.1.116.20', 'Acessou o Veículo', 'band', '2015-03-04 17:50:31', 'actionVeiculo'),
(2346, 'mebeltrao', '11.1.116.20', 'Acessou o Veículo', 'band', '2015-03-04 17:50:32', 'actionVeiculo'),
(2347, 'mebeltrao', '11.1.116.20', 'Acessou a Análise', 'tatica_tv_aberta', '2015-03-04 17:52:33', 'actionAnalise'),
(2348, 'mebeltrao', '11.1.116.20', 'Acessou o Veículo', 'band', '2015-03-04 17:53:11', 'actionVeiculo'),
(2349, 'mebeltrao', '11.1.116.20', 'Acessou o Veículo', 'band', '2015-03-04 17:53:13', 'actionVeiculo'),
(2350, 'mebeltrao', '11.1.116.20', 'Acessou a Análise', 'analise_investimento_meio', '2015-03-04 17:53:44', 'actionAnalise'),
(2351, 'mebeltrao', '11.1.116.20', 'Acessou o Veículo', 'band', '2015-03-04 17:57:56', 'actionVeiculo'),
(2352, 'mebeltrao', '11.1.116.20', 'Acessou a Análise', 'principais_targets_band', '2015-03-04 17:58:10', 'actionAnalise'),
(2353, 'nledur', '72.246.216.144', 'Acessou o Veículo', 'band', '2015-03-04 17:59:08', 'actionVeiculo'),
(2354, 'nledur', '72.246.216.154', 'Acessou o Veículo', 'band', '2015-03-04 17:59:09', 'actionVeiculo'),
(2355, 'nledur', '72.246.216.144', 'Acessou o Programa', 'donos_bola', '2015-03-04 17:59:17', 'actionPrograma'),
(2356, 'amoraes', '11.1.116.20', 'Acessou o Veículo', 'band', '2015-03-04 18:10:34', 'actionVeiculo'),
(2357, 'amoraes', '11.1.116.20', 'Acessou o Veículo', 'band', '2015-03-04 18:10:37', 'actionVeiculo'),
(2358, 'nledur', '72.246.216.144', 'Acessou o Veículo', 'band', '2015-03-04 18:11:52', 'actionVeiculo'),
(2359, 'nledur', '72.246.216.154', 'Acessou o Veículo', 'band', '2015-03-04 18:11:54', 'actionVeiculo'),
(2360, 'nledur', '72.246.216.144', 'Acessou a Análise', 'principais_targets_band', '2015-03-04 18:12:03', 'actionAnalise'),
(2361, 'amoraes', '11.1.116.20', 'Acessou a Análise', 'audiencia_emissora', '2015-03-04 18:12:13', 'actionAnalise'),
(2362, 'amoraes', '11.1.116.20', 'Acessou o Veículo', 'band', '2015-03-04 18:16:40', 'actionVeiculo'),
(2363, 'amoraes', '11.1.116.20', 'Acessou a Análise', 'analise_investimento_meio', '2015-03-04 18:16:51', 'actionAnalise'),
(2364, 'amoraes', '11.1.116.20', 'Acessou o Veículo', 'band', '2015-03-04 18:21:57', 'actionVeiculo'),
(2365, 'amoraes', '11.1.116.20', 'Acessou o Veículo', 'band', '2015-03-04 18:21:59', 'actionVeiculo'),
(2366, 'amoraes', '11.1.116.20', 'Acessou a Análise', 'agenda_anunciantes_agencia', '2015-03-04 18:22:08', 'actionAnalise'),
(2367, 'amoraes', '11.1.116.20', 'Acessou o Veículo', 'band', '2015-03-04 18:22:12', 'actionVeiculo'),
(2368, 'amoraes', '11.1.116.20', 'Acessou a Análise', 'maiores_agencias_mercado', '2015-03-04 18:22:19', 'actionAnalise'),
(2369, 'mebeltrao', '11.1.116.20', 'Acessou o Veículo', 'band', '2015-03-04 18:26:57', 'actionVeiculo'),
(2370, 'mebeltrao', '11.1.116.20', 'Acessou a Análise', 'audiencia_programa', '2015-03-04 18:33:05', 'actionAnalise'),
(2371, 'rsoares', '72.246.216.144', 'Acessou o Veículo', 'band', '2015-03-04 18:39:31', 'actionVeiculo'),
(2372, 'rsoares', '72.246.216.154', 'Acessou o Veículo', 'band', '2015-03-04 18:39:33', 'actionVeiculo'),
(2373, 'rsoares', '72.246.216.144', 'Acessou a Análise', 'audiencia_programa_pracas_especiais', '2015-03-04 18:39:38', 'actionAnalise'),
(2374, 'nledur', '72.246.216.154', 'Acessou o Veículo', 'band', '2015-03-04 18:42:52', 'actionVeiculo'),
(2375, 'nledur', '72.246.216.154', 'Acessou o Veículo', 'band', '2015-03-04 18:42:55', 'actionVeiculo'),
(2376, 'nledur', '72.246.216.154', 'Acessou a Análise', 'principais_targets_band', '2015-03-04 18:43:04', 'actionAnalise'),
(2377, 'lnreal', '11.1.116.20', 'Acessou a Análise', 'analise_investimento_meio', '2015-03-04 18:52:12', 'actionAnalise'),
(2378, 'lnreal', '11.1.116.20', 'Acessou o Veículo', 'band', '2015-03-04 18:52:17', 'actionVeiculo'),
(2379, 'lnreal', '11.1.116.20', 'Acessou a Análise', 'perfil_audiencia_programa', '2015-03-04 18:52:34', 'actionAnalise'),
(2380, 'rsoares', '24.143.197.208', 'Acessou o Veículo', 'band', '2015-03-04 18:53:03', 'actionVeiculo'),
(2381, 'rsoares', '24.143.197.208', 'Acessou o Veículo', 'band', '2015-03-04 18:53:05', 'actionVeiculo'),
(2382, 'lnreal', '11.1.116.20', 'Acessou o Veículo', 'band', '2015-03-04 18:53:15', 'actionVeiculo'),
(2383, 'rsoares', '24.143.197.201', 'Acessou a Análise', 'audiencia_programa_pracas_especiais', '2015-03-04 18:53:16', 'actionAnalise'),
(2384, 'lnreal', '11.1.116.20', 'Acessou a Análise', 'perfil_audiencia_programa', '2015-03-04 18:53:23', 'actionAnalise'),
(2385, 'lnreal', '11.1.116.20', 'Acessou o Veículo', 'band', '2015-03-04 18:54:50', 'actionVeiculo'),
(2386, 'lnreal', '11.1.116.20', 'Acessou a Análise', 'perfil_audiencia_programa', '2015-03-04 18:54:57', 'actionAnalise');

-- --------------------------------------------------------

--
-- Estrutura da tabela `noticia`
--

CREATE TABLE IF NOT EXISTS `noticia` (
  `id_noticia` int(11) NOT NULL COMMENT 'ID',
  `ref_noticia` varchar(45) NOT NULL COMMENT 'Nome Ref.',
  `nome_noticia` varchar(100) NOT NULL COMMENT 'Nome',
  `descricao_noticia` varchar(512) NOT NULL COMMENT 'Descrição',
  `link_noticia` varchar(512) NOT NULL COMMENT 'Link',
  `ativo_noticia` tinyint(1) NOT NULL COMMENT 'Ativo',
  `imagem_noticia` varchar(255) NOT NULL COMMENT 'Imagem'
) ENGINE=InnoDB AUTO_INCREMENT=6 DEFAULT CHARSET=utf8;

--
-- Extraindo dados da tabela `noticia`
--

INSERT INTO `noticia` (`id_noticia`, `ref_noticia`, `nome_noticia`, `descricao_noticia`, `link_noticia`, `ativo_noticia`, `imagem_noticia`) VALUES
(1, 'meio_mensagem', 'Meio & Mensagem', 'RSS Meio & Mensagem', 'http://www.meioemensagem.com.br/home/rss/geral.xml', 1, '../uploads/noticia/meio_mensagem__1__noticia.png'),
(2, 'blue_bus', 'Blue Bus', 'RSS Blue Bus', 'http://www.bluebus.com.br/feed/', 1, '../uploads/noticia/blue_bus__2__noticia.jpg'),
(3, 'exame', 'Exame', 'RSS Exame', 'http://exame.abril.com.br/rss/revista-exame/feed.rss', 1, '../uploads/noticia/exame__3__noticia.png'),
(4, 'valor_economico', 'Valor Econômico', 'RSS Valor Econômico', 'http://www.valor.com.br/brasil/rss', 1, '../uploads/noticia/valor_economico__4__noticia.jpg'),
(5, 'epoca_negocios', 'Época Negócios', 'RSS Época Negócios', 'http://revistaepoca.globo.com/dyn/Brasil/rss2.xml', 1, '../uploads/noticia/epoca_negocios__5__noticia.png');

-- --------------------------------------------------------

--
-- Estrutura da tabela `praca`
--

CREATE TABLE IF NOT EXISTS `praca` (
  `id_praca` int(11) NOT NULL COMMENT 'ID',
  `ref_praca` varchar(45) NOT NULL COMMENT 'Nome Ref.',
  `nome_praca` varchar(100) NOT NULL COMMENT 'Nome',
  `descricao_praca` varchar(512) NOT NULL COMMENT 'Descrição',
  `ativo_praca` tinyint(1) NOT NULL COMMENT 'Ativo',
  `imagem_praca` varchar(255) NOT NULL
) ENGINE=InnoDB AUTO_INCREMENT=19 DEFAULT CHARSET=utf8;

--
-- Extraindo dados da tabela `praca`
--

INSERT INTO `praca` (`id_praca`, `ref_praca`, `nome_praca`, `descricao_praca`, `ativo_praca`, `imagem_praca`) VALUES
(1, 'NET', 'NET', 'Rede Nacional', 1, '../uploads/praca/NET__1__praca.png'),
(2, 'barra_mansa', 'Barra Mansa', 'Barra Mansa', 1, '../uploads/praca/barra_mansa__2__praca.png'),
(3, 'belo_horizonte', 'Belo Horizonte', 'Belo Horizonte', 1, '../uploads/praca/belo_horizonte__3__praca.png'),
(4, 'brasilia', 'Brasília', 'Brasília', 1, '../uploads/praca/brasilia__4__praca.png'),
(5, 'campinas', 'Campinas', 'Campinas', 1, '../uploads/praca/campinas__5__praca.png'),
(6, 'curitiba', '\r\nCuritiba', 'Curitiba', 1, '../uploads/praca/curitiba__6__praca.png'),
(7, 'manaus', 'Manaus', 'Manaus', 1, '../uploads/praca/manaus__7__praca.png'),
(8, 'natal', 'Natal', 'Natal', 1, '../uploads/praca/natal__8__praca.png'),
(9, 'palmas', 'Palmas', 'Palmas', 1, '../uploads/praca/palmas__9__praca.png'),
(10, 'porto_alegre', 'Porto Alegre', 'Porto Alegre', 1, '../uploads/praca/porto_alegre__10__praca.png'),
(12, 'rio_janeiro', 'Rio de Janeiro', 'Rio de Janeiro', 1, '../uploads/praca/rio_janeiro__12__praca.png'),
(13, 'salvador', 'Salvador', 'Salvador', 1, '../uploads/praca/salvador__13__praca.png'),
(14, 'sao_paulo', 'São Paulo', 'São Paulo', 1, '../uploads/praca/sao_paulo__14__praca.png'),
(16, 'uberaba', 'Triângulo', 'Triângulo', 1, '../uploads/praca/uberaba__16__praca.png'),
(17, 'sp_vale', 'Vale', 'Vale', 1, '../uploads/praca/sp_vale__17__praca.png'),
(18, 'sp_interior', 'SP Interior', 'SP Interior', 1, '../uploads/praca/sp_interior__18__praca.png');

-- --------------------------------------------------------

--
-- Estrutura da tabela `programa`
--

CREATE TABLE IF NOT EXISTS `programa` (
  `id_programa` int(11) NOT NULL COMMENT 'ID',
  `ref_programa` varchar(45) NOT NULL COMMENT 'Nome Ref.',
  `nome_programa` varchar(100) NOT NULL COMMENT 'Nome',
  `descricao_programa` varchar(512) NOT NULL COMMENT 'Descrição',
  `imagem_programa` varchar(255) NOT NULL COMMENT 'Imagem',
  `ativo_programa` tinyint(1) NOT NULL COMMENT 'Ativo'
) ENGINE=InnoDB AUTO_INCREMENT=216 DEFAULT CHARSET=utf8;

--
-- Extraindo dados da tabela `programa`
--

INSERT INTO `programa` (`id_programa`, `ref_programa`, `nome_programa`, `descricao_programa`, `imagem_programa`, `ativo_programa`) VALUES
(1, 'programacao', 'Programação', 'Programação do Veículo', '../uploads/programa/programacao__1__programa.png', 1),
(2, 'tabela_precos', 'Tabela de Preços do Veículo', 'Tabela de Preços do Veículo', '../uploads/programa/tabela_precos__2__programa.png', 1),
(3, 'pedido_insercao', 'Pedido de Inserção', 'Pedido de Inserção', '../uploads/programa/pedido_insercao__3__programa.png', 1),
(4, 'grade_patrocinadores', 'Grade de Patrocinadores', 'Grade de Patrocinadores', '../uploads/programa/grade_patrocinadores__4__programa.png', 1),
(5, 'apresentacoes', 'Apresentações', 'Apresentações', '../uploads/programa/apresentacoes__5__programa.png', 1),
(6, 'estudo_audiencia', 'Estudo de Audiência', 'Estudo de Audiência', '../uploads/programa/estudo_audiencia__6__programa.png', 1),
(7, 'relacao_anunciantes_outras', 'Relação de Anunciantes com Outras Emissoras (Merchandising)', 'Relação de Anunciantes com Outras Emissoras (Merchandising)', '../uploads/programa/relacao_anunciantes_outras__7__programa.png', 1),
(8, 'aoces_diferenciadas_merchandising', 'Ações Diferenciadas de Merchandising', 'Ações Diferenciadas de Merchandising', '../uploads/programa/aoces_diferenciadas_merchandising__8__programa.png', 1),
(9, 'agora_e_tarde', 'Agora é Tarde', 'Agora é Tarde', '../uploads/programa/agora_e_tarde__9__programa.jpg', 0),
(10, 'a_liga', 'A Liga', 'A Liga', '../uploads/programa/a_liga__10__programa.jpg', 0),
(11, 'cqc', 'CQC', 'CQC', '../uploads/programa/cqc__11__programa.jpg', 0),
(12, 'master_chef', 'Master Chef', 'Master Chef', '../uploads/programa/master_chef__12__programa.png', 1),
(13, 'mundo_segundo_brasileiros', 'O Mundo Segundo os Brasileiros', 'O Mundo Segundo os Brasileiros', '../uploads/programa/mundo_segundo_brasileiros__13__programa.jpg', 1),
(14, 'panico_band', 'Pânico na Band', 'Pânico na Band', '../uploads/programa/panico_band__14__programa.jpg', 0),
(15, 'policia_24h', 'Polícia 24 Horas', 'Polícia 24 Horas', '../uploads/programa/policia_24h__15__programa.jpg', 0),
(16, 'sabe_nao_sabe', 'Sabe ou não Sabe', 'Sabe ou não Sabe', '../uploads/programa/sabe_nao_sabe__16__programa.jpg', 0),
(17, 'ta_na_tela', 'Tá Na Tela', 'Tá Na Tela', '../uploads/programa/ta_na_tela__17__programa.jpg', 0),
(18, 'top_20', 'Top 20', 'Top 20', '../uploads/programa/top_20__18__programa.png', 1),
(19, 'trip_tv', 'Trip TV', 'Trip TV', '../uploads/programa/trip_tv__19__programa.jpg', 1),
(20, 'band_esporte_clube', 'Band Esporte Clube', 'Band Esporte Clube', '../uploads/programa/band_esporte_clube__20__programa.jpg', 0),
(21, 'futebol', 'Futebol 2014', 'Band Esporte Clube', '../uploads/programa/futebol__21__programa.jpg', 0),
(22, 'gol_grande_momento_futebol', 'Gol o Grande Momento do Futebol', 'Gol o Grande Momento do Futebol', '../uploads/programa/gol_grande_momento_futebol__22__programa.jpg', 1),
(23, 'jogo_aberto', 'Jogo Aberto', 'Jogo Aberto', '../uploads/programa/jogo_aberto__23__programa.jpg', 1),
(24, 'pre_jogo', 'Pré Jogo', 'Pré Jogo', '../uploads/programa/pre_jogo__24__programa.jpg', 0),
(25, '3_tempo', 'Terceiro Tempo', 'Terceiro Tempo', '../uploads/programa/3_tempo__25__programa.jpg', 1),
(26, 'eleicoes_2014', 'Eleições 2014', 'Eleições 2014', '../uploads/programa/eleicoes_2014__26__programa.jpg', 0),
(27, 'porsche_cup', 'Porsche GT3 Cup Challenge ', 'Porsche GT3 Cup Challenge ', '../uploads/programa/porsche_cup__27__programa.jpg', 1),
(28, 'formula_indy', 'Fórmula Indy', 'Fórmula Indy', '../uploads/programa/formula_indy__28__programa.png', 1),
(29, 'miss_brasil', 'Miss Brasil', 'Miss Brasil', '../uploads/programa/miss_brasil__29__programa.png', 0),
(30, 'dia_dia', 'Dia a Dia', 'Dia a Dia', '../uploads/programa/dia_dia__30__programa.jpg', 1),
(31, 'band_kids', 'Band Kids', 'Bnad Kids', '../uploads/programa/band_kids__31__programa.jpg', 0),
(32, 'cinema_madrugada', 'Cinema na Madrugada', 'Cinema na Madrugada', '../uploads/programa/cinema_madrugada__32__programa.jpg', 1),
(33, 'himym', 'Como Eu Conheci Sua Mãe', 'Como Eu Conheci Sua Mãe', '../uploads/programa/himym__33__programa.jpg', 0),
(34, 'simpsons', 'Os Simpsons', 'Os Simpsons', '../uploads/programa/simpsons__34__programa.jpg', 1),
(35, 'brasil_urgente', 'Brasil Urgente', 'Brasil Urgente', '../uploads/programa/brasil_urgente__35__programa.jpg', 1),
(36, 'canal_livre', 'Canal Livre', 'Canal Livre', '../uploads/programa/canal_livre__36__programa.jpg', 1),
(37, 'cafe_jornal', 'Café Jornal', 'Café Jornal', '../uploads/programa/cafe_jornal__37__programa.jpg', 1),
(38, 'jornal_band', 'Jornal da Band', 'Jornal da Band', '../uploads/programa/jornal_band__38__programa.jpg', 1),
(39, 'jornal_noite', 'Jornal da Noite', 'Jornal da Noite', '../uploads/programa/jornal_noite__39__programa.jpg', 1),
(40, 'donos_bola', 'Os Donos da Bola', 'Os Donos da Bola', '../uploads/programa/donos_bola__40__programa.jpg', 1),
(41, 'prato_casa', 'O Programa Prato da Casa', 'O Programa Prato da Casa', '../uploads/programa/prato_casa__41__programa.jpg', 1),
(42, 'band_cidade', 'Band Cidade', 'Band Cidade', '../uploads/programa/band_cidade__42__programa.jpg', 0),
(43, 'band_comunidade', 'Band Comunidade', 'Band Comunidade', '../uploads/programa/band_comunidade__43__programa.jpg', 1),
(44, 'band_entrevista', 'Band Entrevista', 'Band Entrevista', '../uploads/programa/band_entrevista__44__programa.jpg', 1),
(45, 'band_minas', 'Band Minas', 'Band Minas', '../uploads/programa/band_minas__45__programa.jpg', 1),
(46, 'band_shop', 'Band Shop', 'Band Shop', '../uploads/programa/band_shop__46__programa.jpg', 1),
(47, 'pr_acontece', 'PR Acontece', 'PR Acontece', '../uploads/programa/pr_acontece__47__programa.jpg', 1),
(48, 'jornal_rio', 'Jornal do Rio', 'Jornal do Rio', '../uploads/programa/jornal_rio__48__programa.jpg', 1),
(49, 'aventurados', 'Aventurados', 'Aventurados', '../uploads/programa/aventurados__49__programa.jpg', 0),
(50, 'batendo_perna', 'Batendo Perna', 'Batendo Perna', '../uploads/programa/batendo_perna__50__programa.jpg', 1),
(51, 'paredao_na_tv', 'Programa Paredão na TV', 'Programa Paredão na TV', '../uploads/programa/paredao_na_tv__51__programa.jpg', 0),
(52, 'valeu_boi', 'Valeu o Boi', 'Valeu o Boi', '../uploads/programa/valeu_boi__52__programa.jpg', 1),
(53, 'auto_motor', 'Auto Motor Vrum', 'Auto Motor Vrum', '../uploads/programa/auto_motor__53__programa.jpg', 1),
(54, 'olho_folia', 'De Olho na Folia', 'De Olho na Folia', '../uploads/programa/olho_folia__54__programa.jpg', 1),
(55, 'band_mulher', 'Band Mulher', 'Band Mulher', '../uploads/programa/band_mulher__55__programa.jpg', 1),
(56, 'papo_fogao', 'Papo de Fogão', 'Papo de Fogão', '../uploads/programa/papo_fogao__56__programa.jpg', 0),
(57, 'rn_acontece', 'RN Acontece', 'RN Acontece', '../uploads/programa/rn_acontece__57__programa.jpg', 1),
(58, 'rn_urgente_1', 'Rio Grande do Norte Urgente - 1a. Edição', 'Rio Grande do Norte Urgente - 1a. Edição', '../uploads/programa/rn_urgente_1__58__programa.jpg', 1),
(59, 'rn_urgente_2', 'Rio Grande do Norte Urgente - 2a. Edição', 'Rio Grande do Norte Urgente - 2a. Edição', '../uploads/programa/rn_urgente_2__59__programa.jpg', 1),
(60, 'ta_na_hora', 'Tá Na Hora', 'Tá Na Hora', '../uploads/programa/ta_na_hora__60__programa.jpg', 1),
(61, 'trilha_sabores', 'Na Trilha dos Sabores', 'Na Trilha dos Sabores', '../uploads/programa/trilha_sabores__61__programa.jpg', 0),
(62, 'preliminar', 'Preliminar', 'Preliminar', '../uploads/programa/preliminar__62__programa.jpg', 1),
(63, 'agroband', 'Agroband', 'Agroband', '../uploads/programa/agroband__63__programa.jpg', 1),
(64, 'imoveis_class_tv', 'Imóveis Class TV', 'Imóveis Class TV', '../uploads/programa/imoveis_class_tv__64__programa.jpg', 1),
(65, 'cobertura_especial', 'Cobertura Especial', 'Cobertura Especial', '../uploads/programa/cobertura_especial__65__programa.jpg', 1),
(66, 'las_vegas', 'Las Vegas', 'Las Vegas', '../uploads/programa/las_vegas__66__programa.jpg', 1),
(67, 'so_risos', 'Só Risos', 'Só Risos', '../uploads/programa/so_risos__67__programa.png', 1),
(68, 'super_util', 'Super Útil', 'Super Útil', '../uploads/programa/super_util__68__programa.jpg', 1),
(69, 'band_rural', 'Band Rural', 'Band Rural', '../uploads/programa/band_rural__69__programa.jpg', 1),
(70, 'especial_cidades', 'Especial Cidades', 'Especial Cidades', '../uploads/programa/especial_cidades__70__programa.jpg', 1),
(71, 'diario_rural', 'Diário Rural', 'Diário Rural', '../uploads/programa/diario_rural__71__programa.jpg', 1),
(72, 'falando_nisso', 'Falando Nisso', 'Falando Nisso', '../uploads/programa/falando_nisso__72__programa.jpg', 1),
(73, 'republica_1039', 'República 103.9', 'República 103.9', '../uploads/programa/republica_1039__73__programa.jpg', 1),
(74, 'band_cidade_2', 'Band Cidade 2a. Edição', 'Band Cidade 2a. Edição', '../uploads/programa/band_cidade_2__74__programa.jpg', 1),
(75, 'band_cidade_previsao', 'Band Cidade Previsão', 'Band Cidade Previsão', '../uploads/programa/band_cidade_previsao__75__programa.jpg', 1),
(76, 'vale_urgente', 'Vale Urgente', 'Vale Urgente', '../uploads/programa/vale_urgente__76__programa.jpg', 1),
(77, 'vale_shop', 'Vale Shop', 'Vale Shop', '../uploads/programa/vale_shop__77__programa.jpg', 1),
(78, 'clube_gordinho', 'Clube do Gordinho', 'Clube do Gordinho', '../uploads/programa/clube_gordinho__78__programa.jpg', 1),
(79, 'tv_web_shop', 'TV Web Shop', 'TV Web Shop', '../uploads/programa/tv_web_shop__79__programa.jpg', 1),
(80, 'entrevista_coletiva', 'Entrevista Coletiva', 'Entrevista Coletiva', '../uploads/programa/entrevista_coletiva__80__programa.jpg', 1),
(81, 'noticias_redacao', 'Notícias da Redação', 'Notícias da Redação', '../uploads/programa/noticias_redacao__81__programa.jpg', 1),
(82, 'convencao_2014', 'Convenção 2014 ', 'Convenção VP de Comercialização e VP de Televisão. Bola pra frente e foco nas metas', '../uploads/programa/convencao_2014__82__programa.png', 1),
(83, 'band_folia_2015', 'Band Folia 2015', 'Band Folia 2015', '../uploads/programa/band_folia_2015__83__programa.png', 1),
(84, 'band_verao_2015', 'Band Verão 2015', 'Band Verão 2015', '../uploads/programa/band_verao_2015__84__programa.png', 0),
(85, 'copa_petrobras_marcas', 'Copa Petrobras de Marcas', 'Copa Petrobras de Marcas', '../uploads/programa/copa_petrobras_marcas__85__programa.png', 1),
(87, 'futebol_2015', 'Futebol 2015', 'Futebol 2015', '../uploads/programa/futebol_2015__87__programa.png', 1),
(88, 'roland_garros_2105', 'Roland Garros 2015', 'Roland Garros 2015', '../uploads/programa/roland_garros_2105__88__programa.png', 1),
(89, 'top_cine', 'Top Cine', 'Top Cine', '../uploads/programa/top_cine__89__programa.png', 1),
(90, 'caminhoes_cia', 'Caminhões e Cia', 'Caminhões e Cia', '../uploads/programa/caminhoes_cia__90__programa.png', 1),
(91, 'caminhos_pecuaria', 'Caminhos da Pecuária', 'Caminhos da Pecuária', '../uploads/programa/caminhos_pecuaria__91__programa.jpg', 1),
(92, 'conxao_bandnews_terraviva', 'Conexão Bandnews Terraviva', 'Conexão Bandeirantes Terraviva', '../uploads/programa/conxao_bandnews_terraviva__92__programa.jpg', 1),
(93, 'consultor_terraviva', 'Consultor Terraviva', 'Consultor Terraviva', '../uploads/programa/consultor_terraviva__93__programa.jpg', 1),
(94, 'coracao_pescador', 'Coração de Pescador', 'Coração de Pescador', '../uploads/programa/coracao_pescador__94__programa.jpg', 1),
(95, 'dia_dia_rural', 'Dia Dia Rural', 'Dia Dia Rural', '../uploads/programa/dia_dia_rural__95__programa.jpg', 1),
(96, 'midia_kit_terraviva', 'Mídia Kit Terrraviva', 'Mídia Kit Terrraviva', '../uploads/programa/midia_kit_terraviva__96__programa.jpg', 1),
(97, 'jornal_terraviva', 'Jornal Terraviva', 'Jornal Terraviva', '../uploads/programa/jornal_terraviva__97__programa.jpg', 1),
(98, 'minas_rural_emater_mg', 'Minas Rural Emater-Mg', 'Minas Rural Emater-Mg', '../uploads/programa/minas_rural_emater_mg__98__programa.jpg', 1),
(99, 'sc_agricultura', 'SC Agricultura', 'SC Agricultura', '../uploads/programa/sc_agricultura__99__programa.jpg', 1),
(100, 'terraviva_dbo_tv', 'Terraviva DBO na TV', 'Terraviva DBO na TV', '../uploads/programa/terraviva_dbo_tv__100__programa.jpg', 1),
(101, 'terraviva_sustentavel', 'Terraviva Sustentável', 'Terraviva Sustentável', '../uploads/programa/terraviva_sustentavel__101__programa.png', 1),
(102, 'arte1_institucional', 'Arte1 Institucional', 'Arte1 Institucional', '../uploads/programa/arte1_institucional__102__programa.png', 1),
(103, 'emmy', 'Emmy', 'Emmy', '../uploads/programa/emmy__103__programa.jpg', 1),
(104, 'ultimate_pool_party', 'IHeart Radio Ultimate Pool Party', 'IHeart Radio Ultimate Pool Party', '../uploads/programa/ultimate_pool_party__104__programa.jpg', 1),
(105, 'iheartradio_music_festival', 'IHeart Radio Music Fesfival', 'IHeart Radio Music Fesfival', '../uploads/programa/iheartradio_music_festival__105__programa.jpg', 1),
(106, 'noites_mgm', 'Noites MGM', 'Noites MGM', '../uploads/programa/noites_mgm__106__programa.png', 1),
(107, 'premio_contigo_tv', 'Prêmio Contigo TV', 'Prêmio Contigo TV', '../uploads/programa/premio_contigo_tv__107__programa.png', 1),
(108, 'a_noticia', 'A Notícia', 'A Notícia', '../uploads/programa/a_noticia__108__programa.jpg', 1),
(109, 'a_noticia_agronegocio', 'A Notícia do Agronegócio', 'A Notícia do Agronegócio', '../uploads/programa/a_noticia_agronegocio__109__programa.jpg', 1),
(110, 'boas_noticias', 'Boas Notícias com Nelson gomes', 'Boas Notícias com Nelson gomes', '../uploads/programa/boas_noticias__110__programa.jpg', 1),
(111, 'bandnews_documento', 'Bandnews Documento', 'Bandnews Documento', '../uploads/programa/bandnews_documento__111__programa.png', 1),
(112, 'bandnews_linha', 'Bandnews Linha', 'Bandnews Linha', '../uploads/programa/bandnews_linha__112__programa.png', 1),
(113, 'brics', 'BRICS', 'BRICS', '../uploads/programa/brics__113__programa.png', 1),
(114, 'capital_natural', 'Capital Natural', 'Capital Natural', '../uploads/programa/capital_natural__114__programa.jpg', 1),
(115, 'feiras_negocios', 'Feiras & Negócios', 'Feiras & Negócios', '../uploads/programa/feiras_negocios__115__programa.jpg', 1),
(116, 'futebol_etc', 'Futebol ETC', 'Futebol ETC', '../uploads/programa/futebol_etc__116__programa.png', 1),
(117, 'giro_business', 'Giro Business com Sergio Waib', 'Giro Business com Sergio Waib', '../uploads/programa/giro_business__117__programa.jpg', 1),
(118, 'moda_negocios', 'Moda & Negócios com Alexandra Farah', 'Moda & Negócios com Alexandra Farah', '../uploads/programa/moda_negocios__118__programa.jpg', 1),
(119, 'que_da_certo', 'O que dá certo', 'O que dá certo', '../uploads/programa/que_da_certo__119__programa.jpg', 1),
(120, 'ponto_ponto', 'Ponto a Ponto', 'Ponto a Ponto', '../uploads/programa/ponto_ponto__120__programa.jpg', 1),
(121, 'salomao', 'Salomao Dois Pontos', 'Salomao Dois Pontos', '../uploads/programa/salomao__121__programa.jpg', 1),
(122, 'o_vinho', 'Sua Excelência O Vinho', 'Sua Excelência O Vinho', '../uploads/programa/o_vinho__122__programa.jpg', 1),
(123, 'voce_chef', 'Você Chef', 'Você Chef', '../uploads/programa/voce_chef__123__programa.jpg', 1),
(124, 'ace_band_sports', 'Ace Band Sports', 'Ace Band Sports', '../uploads/programa/ace_band_sports__124__programa.jpg', 1),
(125, 'automobilistmo_band_sports', 'Automobilismo', 'Automobilismo', '../uploads/programa/automobilistmo_band_sports__125__programa.png', 0),
(126, 'baita_amigos', 'Baita Amigos', 'Baita Amigos', '../uploads/programa/baita_amigos__126__programa.jpg', 1),
(127, 'band_sports_news_2ed', 'Band Sports News 2a. Edição', 'Band Sports News 2a. Edição', '../uploads/programa/band_sports_news_2ed__127__programa.jpg', 1),
(128, 'brasileiro_feminino', 'Brasileirão Feminino Caixa', 'Brasileirão Feminino Caixa', '../uploads/programa/brasileiro_feminino__128__programa.png', 0),
(129, 'brasil_open_2015', 'Brasil Open 2015', 'Brasil Open 2015', '../uploads/programa/brasil_open_2015__129__programa.png', 0),
(130, 'depois_jogo', 'Depois do Jogo', 'Depois do Jogo', '../uploads/programa/depois_jogo__130__programa.jpg', 1),
(131, 'diamond_league', 'IAAF Diamond League', 'IAAF Diamond League', '../uploads/programa/diamond_league__131__programa.jpg', 1),
(132, 'dtm', 'DTM', 'DTM', '../uploads/programa/dtm__132__programa.jpg', 1),
(133, 'momento_moto', 'Momento Moto', 'Momento Moto', '../uploads/programa/momento_moto__133__programa.jpg', 1),
(134, 'poker_night', 'Poker Night', 'Poker Night', '../uploads/programa/poker_night__134__programa.png', 1),
(135, 'supermotor', 'Supermotor', 'Supermotor', '../uploads/programa/supermotor__135__programa.jpg', 1),
(136, 'wta_atp', 'WTA e ATP', 'WTA e ATP', '../uploads/programa/wta_atp__136__programa.jpg', 1),
(137, 'volvo_ocean_race', 'Volvo Ocean Race', 'Volvo Ocean Race', '../uploads/programa/volvo_ocean_race__137__programa.png', 1),
(138, 'wgp_kickboxing', 'WGP kickboxing', 'WGP kickboxing', '../uploads/programa/wgp_kickboxing__138__programa.jpg', 1),
(140, 'colunistas_ricardoboechat', 'Colunistas - Ricardo Boechat', 'Colunistas - Ricardo Boechat', '../uploads/programa/colunistas_ricardoboechat__140__programa.png', 1),
(141, 'colunistas_monicabergamo', 'Colunistas - Mônica Bergamo', 'Colunistas - Mônica Bergamo', '../uploads/programa/colunistas_monicabergamo__141__programa.png', 1),
(142, 'net_simulacao_programacao', 'Simulação de Programação', 'Simulação de Programação', '../uploads/programa/net_simulacao_programacao__142__programa.png', 1),
(143, 'colunistas_josesimao', 'Colunistas - José Simão', 'Colunistas - José Simão', '../uploads/programa/colunistas_josesimao__143__programa.png', 1),
(144, 'apostila_inteligencia_mercado', 'Apostila Inteligência de Mercado', 'Apostila Inteligência de Mercado', '../uploads/programa/apostila_inteligencia_mercado__144__programa.png', 1),
(145, 'triathlon', 'Triathlon', 'Triathlon', '../uploads/programa/triathlon__145__programa.png', 1),
(146, 'saltosornamentais', 'Saltos Ornamentais', 'Saltos Ornamentais', '../uploads/programa/saltosornamentais__146__programa.png', 1),
(147, 'resenha', 'Resenha', 'Resenha', '../uploads/programa/resenha__147__programa.png', 1),
(148, 'primeirotempo', 'Primeiro Tempo', 'Primeiro Tempo', '../uploads/programa/primeirotempo__148__programa.png', 1),
(149, 'papodeboleiro', 'Papo de Boleiro', 'Papo de Boleiro', '../uploads/programa/papodeboleiro__149__programa.png', 1),
(150, 'mercedesbenz', 'Mercedes-Benz Challenge', 'Mercedes-Benz Challenge', '../uploads/programa/mercedesbenz__150__programa.png', 0),
(151, 'maratonas', 'Maratonas', 'Maratonas', '../uploads/programa/maratonas__151__programa.png', 1),
(152, 'iaaf', 'IAAF', 'IAAF', '../uploads/programa/iaaf__152__programa.png', 1),
(153, 'boletins2015', 'Boletins 2015', 'Boletins 2015', '../uploads/programa/boletins2015__153__programa.png', 1),
(154, 'bandsportsonline', 'BandSports On-line', 'BandSports On-line', '../uploads/programa/bandsportsonline__154__programa.png', 1),
(155, 'bandsportsnews1edicao', 'BandSports News 1ºEdição', 'BandSports News 1ºEdição', '../uploads/programa/bandsportsnews1edicao__155__programa.png', 1),
(156, 'net_aet_2015', 'Agora é Tarde - 2015', 'Agora é Tarde - 2015', '../uploads/programa/net_aet_2015__156__programa.png', 1),
(157, 'programasarte1', 'Programas Arte1', 'Programas Arte1', '../uploads/programa/programasarte1__157__programa.png', 1),
(159, 'noitesmgm', 'Noites MGM', 'Noites MGM', '../uploads/programa/noitesmgm__159__programa.png', 1),
(160, 'salvador_bandcidade', 'Band Cidade - Salvador', 'Band Cidade - Salvador', '../uploads/programa/salvador_bandcidade__160__programa.jpg', 1),
(161, 'curitiba_bandcidade', 'Band Cidade - Curitiba', 'Band Cidade - Curitiba', '../uploads/programa/curitiba_bandcidade__161__programa.jpg', 1),
(162, 'cqc_2015', 'CQC 2015', 'CQC 2015', '../uploads/programa/cqc_2015__162__programa.png', 1),
(163, 'especial_fim_ano_2014', 'Especiais FIm de Ano 2014', 'Especiais FIm de Ano 2014', '../uploads/programa/especial_fim_ano_2014__163__programa.png', 0),
(164, 'glee', 'Glee', 'Glee', '../uploads/programa/glee__164__programa.png', 1),
(165, 'riodejaneiro_jogoaberto', 'Jogo Aberto', 'Jogo Aberto', '../uploads/programa/riodejaneiro_jogoaberto__165__programa.jpg', 1),
(166, 'poa_bandcidade', 'Band Cidade', 'Band Cidade', '../uploads/programa/poa_bandcidade__166__programa.jpg', 1),
(167, 'poa_estudoaudiencia', 'Estudo Audiência', 'Estudo Audiência', '../uploads/programa/poa_estudoaudiencia__167__programa.png', 1),
(168, 'poa_posvenda', 'Pós Venda', 'Pós Venda', '../uploads/programa/poa_posvenda__168__programa.png', 1),
(169, 'sp_masterchef2015', 'Masterchef 2015', 'Masterchef 2015', '../uploads/programa/sp_masterchef2015__169__programa.png', 1),
(170, 'miss_universo_2014', 'Miss Universo 2014', 'Miss Universo 2014', '../uploads/programa/miss_universo_2014__170__programa.png', 0),
(171, 'spinterior_bandcidade', 'Band Cidade', 'Band Cidade', '../uploads/programa/spinterior_bandcidade__171__programa.jpg', 1),
(172, 'net_panico_2015', 'Pânico na Band 2015', 'Pânico na Band 2015', '../uploads/programa/net_panico_2015__172__programa.png', 1),
(173, 'salem', 'Salem', 'Salem', '../uploads/programa/salem__173__programa.png', 1),
(174, 'campinas_bandcidade', 'Band Cidade', 'Band Cidade', '../uploads/programa/campinas_bandcidade__174__programa.jpg', 1),
(175, 'net_sessao_livre', 'Sessão Livre', 'Sessão Livre', '../uploads/programa/net_sessao_livre__175__programa.png', 1),
(176, 'net_sleepyhollow', 'Sleepy Hollow', 'Sleepy Hollow', '../uploads/programa/net_sleepyhollow__176__programa.png', 0),
(177, 'net_walkingdead', 'The Walking Dead', 'The Walking Dead', '../uploads/programa/net_walkingdead__177__programa.png', 1),
(178, 'vale_bandcidade1edicao', 'Band Cidade 1ºEdição', 'Band Cidade 1ºEdição', '../uploads/programa/vale_bandcidade1edicao__178__programa.jpg', 1),
(179, 'vale_bandcidade2edicao', 'Band Cidade 2ºEdição', 'Band Cidade 2ºEdição', '../uploads/programa/vale_bandcidade2edicao__179__programa.jpg', 1),
(180, 'net_documentariobbc', 'Documentários BBC', 'Documentários BBC', '../uploads/programa/net_documentariobbc__180__programa.png', 1),
(181, 'net_1001noites', '1001Noites', '1001Noites', '../uploads/programa/net_1001noites__181__programa.png', 1),
(182, 'poa_bandmotores', 'Band Motores', 'Band Motores', '../uploads/programa/poa_bandmotores__182__programa.png', 1),
(183, 'net_umahistoriadehorroramericana', 'Uma História de Horror Américana', 'Uma História de Horror Américana', '../uploads/programa/net_umahistoriadehorroramericana__183__programa.png', 1),
(184, 'net_icarly', 'iCarly', 'iCarly', '../uploads/programa/net_icarly__184__programa.png', 1),
(185, 'previsao_do_tempo', 'Previsão do Tempo', 'Previsão do Tempo', '../uploads/programa/previsao_do_tempo__185__programa.png', 1),
(186, 'natal_saojoao2015', 'São João 2015', 'São João 2015', '../uploads/programa/natal_saojoao2015__186__programa.png', 1),
(187, 'net_jogos_olimpicos_rio2016 ', 'Jogos Olímpicos Rio 2016 ', 'Jogos Olímpicos Rio 2016 ', '../uploads/programa/net_jogos_olimpicos_rio2016 __187__programa.png', 1),
(188, 'natal_copadefutebolamardor', 'Copa de Futebol Amador', 'Copa de Futebol Armador', '../uploads/programa/natal_copadefutebolamardor__188__programa.png', 1),
(189, 'natal_copabanddefutsal', 'Copa Band de Futsal', 'Copa Band de Futsal', '../uploads/programa/natal_copabanddefutsal__189__programa.png', 1),
(190, 'natal_missrn', 'Miss RN', 'Miss RN', '../uploads/programa/natal_missrn__190__programa.png', 1),
(191, 'natal_enem', 'ENEM', 'ENEM', '../uploads/programa/natal_enem__191__programa.png', 1),
(192, 'natal_passeiociclistico', 'Passeio Ciclístico', 'Passeio Ciclístico', '../uploads/programa/natal_passeiociclistico__192__programa.png', 1),
(193, 'natal_festadoboi', 'Festa do Boi', 'Festa do Boi', '../uploads/programa/natal_festadoboi__193__programa.png', 1),
(194, 'natal_corridanoturna', 'Corrida Noturna', 'Corrida Noturna', '../uploads/programa/natal_corridanoturna__194__programa.png', 1),
(195, 'natal_jerns', 'Jern''s', 'Jern''s', '../uploads/programa/natal_jerns__195__programa.png', 1),
(196, 'outernet_roadshow', 'Road Show', 'Road Show', '../uploads/programa/outernet_roadshow__196__programa.png', 1),
(197, 'outernet_tabela_preco', 'Tabela de Preços', 'Tabela de Preços', '../uploads/programa/outernet_tabela_preco__197__programa.png', 1),
(198, 'outernet_numeros', 'Números', 'Números', '../uploads/programa/outernet_numeros__198__programa.png', 1),
(199, 'outernet_apresentacao', 'Apresentações', 'Apresentações', '../uploads/programa/outernet_apresentacao__199__programa.png', 1),
(200, 'outernet_cases', 'Cases', 'Cases', '../uploads/programa/outernet_cases__200__programa.png', 1),
(201, 'outernet_planos_comerciais', 'Planos Comerciais', 'Planos Comerciais', '../uploads/programa/outernet_planos_comerciais__201__programa.png', 1),
(202, 'outernet_colunistas', 'Colunistas', 'Colunistas', '../uploads/programa/outernet_colunistas__202__programa.png', 1),
(203, 'outernet_copamundo', 'Copa do Mundo', 'Copa do Mundo', '../uploads/programa/outernet_copamundo__203__programa.png', 1),
(204, 'outernet_culinaria', 'Culinária', 'Culinária', '../uploads/programa/outernet_culinaria__204__programa.png', 1),
(205, 'outernet_datasespeciais', 'Datas Especiais', 'Datas Especiais', '../uploads/programa/outernet_datasespeciais__205__programa.png', 1),
(206, 'outernet_economia', 'Economia', 'Economia', '../uploads/programa/outernet_economia__206__programa.png', 1),
(207, 'outernet_educacao', 'Educação', 'Educação', '../uploads/programa/outernet_educacao__207__programa.png', 1),
(208, 'outernet_entretenimento', 'Entretenimento', 'Entretenimento', '../uploads/programa/outernet_entretenimento__208__programa.png', 1),
(209, 'outernet_esportes', 'Esportes', 'Esportes', '../uploads/programa/outernet_esportes__209__programa.png', 1),
(210, 'outernet_interatividade', 'Interatividade', 'Interatividade', '../uploads/programa/outernet_interatividade__210__programa.png', 1),
(211, 'outernet_jornalismo', 'Jornalismo', 'Jornalismo', '../uploads/programa/outernet_jornalismo__211__programa.png', 1),
(212, 'outernet_localsp', 'Local SP', 'Local SP', '../uploads/programa/outernet_localsp__212__programa.png', 1),
(213, 'outernet_saude', 'Saúde', 'Saúde', '../uploads/programa/outernet_saude__213__programa.png', 1),
(214, 'outernet_servicos', 'Serviços', 'Serviços', '../uploads/programa/outernet_servicos__214__programa.png', 1),
(215, 'outernet_videocases', 'Vídeo Cases', 'Vídeo Cases', '../uploads/programa/outernet_videocases__215__programa.png', 1);

-- --------------------------------------------------------

--
-- Estrutura da tabela `programa_tag`
--

CREATE TABLE IF NOT EXISTS `programa_tag` (
  `fk_id_programa` int(11) NOT NULL,
  `fk_id_tag` int(11) NOT NULL
) ENGINE=InnoDB DEFAULT CHARSET=utf8;

--
-- Extraindo dados da tabela `programa_tag`
--

INSERT INTO `programa_tag` (`fk_id_programa`, `fk_id_tag`) VALUES
(1, 25),
(2, 25),
(3, 25),
(4, 25),
(5, 25),
(6, 25),
(7, 25),
(8, 25),
(9, 8),
(10, 8),
(10, 13),
(11, 8),
(11, 13),
(12, 8),
(12, 11),
(13, 8),
(13, 13),
(14, 8),
(15, 8),
(16, 8),
(17, 8),
(18, 8),
(19, 8),
(19, 11),
(20, 9),
(21, 9),
(22, 9),
(23, 9),
(24, 9),
(25, 9),
(26, 10),
(26, 13),
(27, 9),
(28, 9),
(29, 10),
(30, 8),
(30, 11),
(31, 8),
(32, 12),
(33, 12),
(34, 8),
(35, 13),
(36, 8),
(37, 13),
(38, 13),
(39, 13),
(40, 9),
(41, 11),
(42, 13),
(43, 8),
(43, 13),
(44, 8),
(44, 13),
(45, 13),
(46, 8),
(46, 11),
(47, 13),
(48, 13),
(49, 8),
(49, 9),
(50, 8),
(51, 8),
(52, 8),
(53, 8),
(53, 13),
(54, 8),
(54, 10),
(55, 11),
(56, 11),
(57, 13),
(58, 13),
(59, 13),
(60, 8),
(61, 8),
(61, 11),
(62, 8),
(63, 8),
(64, 8),
(65, 8),
(66, 8),
(67, 8),
(68, 8),
(69, 8),
(70, 8),
(70, 13),
(71, 8),
(72, 8),
(73, 8),
(74, 13),
(75, 13),
(76, 13),
(77, 13),
(78, 8),
(79, 8),
(80, 8),
(81, 13),
(82, 25),
(83, 8),
(84, 8),
(85, 9),
(87, 9),
(88, 9),
(89, 8),
(90, 8),
(91, 13),
(92, 13),
(93, 13),
(94, 13),
(95, 13),
(96, 13),
(97, 13),
(98, 13),
(99, 13),
(100, 13),
(101, 13),
(102, 8),
(103, 10),
(104, 10),
(105, 10),
(106, 10),
(107, 10),
(108, 13),
(109, 13),
(110, 13),
(111, 13),
(112, 13),
(113, 13),
(114, 13),
(115, 13),
(116, 13),
(117, 13),
(118, 13),
(119, 13),
(120, 13),
(121, 13),
(122, 13),
(123, 13),
(124, 9),
(125, 9),
(126, 9),
(127, 9),
(127, 13),
(128, 9),
(129, 9),
(130, 9),
(131, 9),
(132, 9),
(133, 9),
(134, 9),
(135, 9),
(136, 9),
(137, 9),
(138, 9),
(140, 13),
(141, 13),
(142, 25),
(143, 13),
(144, 25),
(145, 9),
(146, 9),
(147, 9),
(148, 9),
(149, 9),
(150, 9),
(151, 9),
(152, 9),
(153, 9),
(154, 9),
(155, 9),
(156, 8),
(157, 8),
(159, 8),
(160, 13),
(161, 13),
(162, 8),
(163, 8),
(164, 8),
(164, 12),
(165, 9),
(166, 13),
(167, 25),
(168, 25),
(169, 8),
(170, 8),
(170, 11),
(171, 13),
(172, 8),
(173, 8),
(174, 13),
(175, 8),
(175, 12),
(176, 12),
(177, 12),
(178, 13),
(179, 13),
(180, 8),
(181, 8),
(182, 9),
(183, 12),
(184, 12),
(185, 13),
(186, 10),
(187, 10),
(188, 10),
(189, 10),
(190, 10),
(191, 10),
(192, 10),
(193, 10),
(194, 10),
(195, 10),
(196, 25),
(197, 25),
(198, 25),
(199, 25),
(200, 25),
(201, 25),
(202, 8),
(202, 9),
(202, 10),
(202, 11),
(203, 9),
(204, 11),
(205, 8),
(206, 13),
(207, 13),
(208, 8),
(209, 9),
(210, 8),
(211, 13),
(212, 25),
(213, 25),
(214, 25),
(215, 25);

-- --------------------------------------------------------

--
-- Estrutura da tabela `tag`
--

CREATE TABLE IF NOT EXISTS `tag` (
  `id_tag` int(11) NOT NULL COMMENT 'ID',
  `ref_tag` varchar(45) NOT NULL COMMENT 'Nome Ref.',
  `nome_tag` varchar(45) DEFAULT NULL COMMENT 'Nome',
  `tipo_tag` varchar(45) NOT NULL
) ENGINE=InnoDB AUTO_INCREMENT=29 DEFAULT CHARSET=utf8;

--
-- Extraindo dados da tabela `tag`
--

INSERT INTO `tag` (`id_tag`, `ref_tag`, `nome_tag`, `tipo_tag`) VALUES
(1, 'tv_aberta', 'TV Aberta', 'veiculo'),
(2, 'newco', 'Newco', 'veiculo'),
(3, 'outernet', 'Outernet', 'veiculo'),
(4, 'radio', 'Rádio', 'veiculo'),
(5, 'midia_impressa', 'Mídia Impressa', 'veiculo'),
(6, 'midia_digital', 'Mídias Digitais', 'veiculo'),
(7, 'entretenimento_veiculo', 'Entretenimento', 'veiculo'),
(8, 'entretenimento_programa', 'Entretenimento', 'programa'),
(9, 'esportes', 'Esportes', 'programa'),
(10, 'eventos', 'Eventos', 'programa'),
(11, 'feminino', 'Feminino', 'programa'),
(12, 'filmes_series', 'Filmes e Séries', 'programa'),
(13, 'jornalismo', 'Jornalismo', 'programa'),
(14, 'vimeo', 'Vimeo', 'arquivo'),
(15, 'youtube', 'Youtube', 'arquivo'),
(16, 'pdf', 'PDF', 'arquivo'),
(17, 'doc', 'Word', 'arquivo'),
(18, 'xls', 'Excel', 'arquivo'),
(19, 'ppt', 'PowerPoint', 'arquivo'),
(20, 'agencias', 'Agências', 'analise'),
(21, 'anunciantes', 'Anunciantes', 'analise'),
(22, 'performance', 'Performance', 'analise'),
(23, 'mercado', 'Mercado', 'analise'),
(24, 'audiencia', 'Audiência', 'analise'),
(25, 'material', 'Material', 'programa'),
(26, 'painel_prospeccao', 'Painel Prospecção', 'analise'),
(27, 'painel_audiencia', 'Painel Audiência', 'analise'),
(28, 'painel_defesa', 'Painel Defesa', 'analise');

-- --------------------------------------------------------

--
-- Estrutura da tabela `veiculo`
--

CREATE TABLE IF NOT EXISTS `veiculo` (
  `id_veiculo` int(11) NOT NULL COMMENT 'ID',
  `ref_veiculo` varchar(45) NOT NULL COMMENT 'Nome Ref.',
  `nome_veiculo` varchar(100) NOT NULL COMMENT 'Nome',
  `descricao_veiculo` varchar(512) NOT NULL COMMENT 'Descrição',
  `imagem_veiculo` varchar(255) NOT NULL COMMENT 'Imagem',
  `ativo_veiculo` tinyint(1) NOT NULL COMMENT 'Ativo'
) ENGINE=InnoDB AUTO_INCREMENT=33 DEFAULT CHARSET=utf8;

--
-- Extraindo dados da tabela `veiculo`
--

INSERT INTO `veiculo` (`id_veiculo`, `ref_veiculo`, `nome_veiculo`, `descricao_veiculo`, `imagem_veiculo`, `ativo_veiculo`) VALUES
(1, 'band', 'BAND', 'Canal Aberto Bandeirantes', '../uploads/veiculo/band__1__veiculo.png', 1),
(2, 'canal_21', 'Canal 21', 'Canal 21', '../uploads/veiculo/canal_21__2__veiculo.png', 0),
(3, 'band_news', 'BandNews', 'BandNews', '../uploads/veiculo/band_news__3__veiculo.png', 1),
(4, 'band_sports', 'BandSports', 'BandSports', '../uploads/veiculo/band_sports__4__veiculo.png', 1),
(5, 'terra_viva', 'Terra Viva', 'Terra Viva', '../uploads/veiculo/terra_viva__5__veiculo.png', 1),
(6, 'band_internacional', 'Band Internacional', 'Band Internacional', '../uploads/veiculo/band_internacional__6__veiculo.png', 1),
(7, 'arte1', 'Arte 1', 'Arte 1', '../uploads/veiculo/arte1__7__veiculo.png', 1),
(8, 'sexprive', 'Sexprivé', 'Sexprivé', '../uploads/veiculo/sexprive__8__veiculo.png', 0),
(9, 'orla_tv', 'Orla TV', 'Orla TV', '../uploads/veiculo/orla_tv__9__veiculo.png', 0),
(10, 'mao_dupla', 'Mão Dupla', 'Mão Dupla', '../uploads/veiculo/mao_dupla__10__veiculo.png', 0),
(11, 'tv_minuto', 'TV Minuto', 'TV Minuto', '../uploads/veiculo/tv_minuto__11__veiculo.png', 0),
(12, 'nextmidia', 'Nextmidia Brasil', 'Nextmidia Brasil', '../uploads/veiculo/nextmidia__12__veiculo.png', 0),
(13, 'canal_voce', 'Canal Você', 'Canal Você', '../uploads/veiculo/canal_voce__13__veiculo.png', 0),
(14, 'tvo', 'TVO', 'TVO', '../uploads/veiculo/tvo__14__veiculo.png', 0),
(15, 'movtv', 'MOVTV', 'MOVTV', '../uploads/veiculo/movtv__15__veiculo.png', 0),
(16, 'radio_bandeirantes', 'Rádio Bandeirantes', 'Rádio Bandeirantes', '../uploads/veiculo/radio_bandeirantes__16__veiculo.png', 0),
(17, 'band_news_fm', 'Rádio Band News FM', 'Rádio Band News FM', '../uploads/veiculo/band_news_fm__17__veiculo.png', 0),
(18, 'band_fm', 'Rádio Band FM', 'Rádio Band FM', '../uploads/veiculo/band_fm__18__veiculo.png', 0),
(19, 'sulamerica_transito', 'Rádio Sulamérica Trânsito', 'Rádio Sulamérica Trânsito', '../uploads/veiculo/sulamerica_transito__19__veiculo.png', 0),
(20, 'nativa', 'Rádio Nativa', 'Rádio Nativa', '../uploads/veiculo/nativa__20__veiculo.png', 0),
(21, 'bradesco_esportes', 'Rádio Bradesco Esportes', 'Rádio Bradesco Esportes', '../uploads/veiculo/bradesco_esportes__21__veiculo.png', 0),
(22, 'mpb', 'Rádio MPB', 'Rádio MPB', '../uploads/veiculo/mpb__22__veiculo.png', 0),
(23, 'educadora', 'Rádio Educadora', 'Rádio Educadora', '../uploads/veiculo/educadora__23__veiculo.png', 0),
(24, 'ipanema', 'Rádio Ipanema', 'Rádio Ipanema', '../uploads/veiculo/ipanema__24__veiculo.png', 0),
(25, 'band_vale', 'Rádio Band Vale', 'Rádio Band Vale', '../uploads/veiculo/band_vale__25__veiculo.png', 0),
(26, 'stereo_vale', 'Rádio Stereo Vale', 'Rádio Stereo Vale', '../uploads/veiculo/stereo_vale__26__veiculo.png', 0),
(27, 'primeiramao', 'Primeiramão', 'Primeiramão', '../uploads/veiculo/primeiramao__27__veiculo.png', 0),
(28, 'metro', 'Metro Jornal', 'Metro Jornal', '../uploads/veiculo/metro__28__veiculo.png', 1),
(29, 'modern', 'Modern Airport Media', 'Modern Airport Media', '../uploads/veiculo/modern__29__veiculo.png', 0),
(30, 'outernet', 'Outernet', 'Outernet', '../uploads/veiculo/outernet__30__veiculo.png', 1),
(31, 'mgm', 'MGM', 'MGM', '../uploads/veiculo/mgm__31__veiculo.png', 1),
(32, 'band_sat', 'Band SAT', 'Band SAT', '../uploads/veiculo/band_sat__32__veiculo.png', 1);

-- --------------------------------------------------------

--
-- Estrutura da tabela `veiculo_analise`
--

CREATE TABLE IF NOT EXISTS `veiculo_analise` (
  `fk_id_veiculo` int(11) NOT NULL,
  `fk_id_analise` int(11) NOT NULL
) ENGINE=InnoDB DEFAULT CHARSET=utf8 COMMENT='analise_id_analise';

--
-- Extraindo dados da tabela `veiculo_analise`
--

INSERT INTO `veiculo_analise` (`fk_id_veiculo`, `fk_id_analise`) VALUES
(1, 1),
(1, 2),
(1, 3),
(1, 4),
(1, 5),
(1, 6),
(1, 7),
(1, 8),
(1, 9),
(1, 10),
(1, 11),
(1, 12),
(1, 13),
(1, 14),
(1, 15),
(1, 16),
(1, 17),
(1, 18),
(1, 19),
(1, 20),
(1, 21),
(1, 34),
(1, 36),
(1, 37),
(3, 12),
(3, 13),
(3, 21),
(3, 22),
(3, 23),
(3, 24),
(3, 25),
(3, 26),
(3, 27),
(3, 28),
(3, 34),
(3, 35),
(3, 36),
(3, 37),
(4, 12),
(4, 13),
(4, 21),
(4, 22),
(4, 23),
(4, 24),
(4, 25),
(4, 26),
(4, 27),
(4, 28),
(4, 34),
(4, 35),
(4, 36),
(4, 37),
(5, 12),
(5, 13),
(5, 21),
(5, 22),
(5, 23),
(5, 24),
(5, 25),
(5, 26),
(5, 27),
(5, 28),
(5, 34),
(5, 35),
(5, 36),
(5, 37),
(6, 12),
(6, 13),
(6, 21),
(6, 22),
(6, 23),
(6, 24),
(6, 25),
(6, 26),
(6, 27),
(6, 28),
(6, 34),
(6, 35),
(6, 36),
(6, 37),
(7, 12),
(7, 13),
(7, 21),
(7, 22),
(7, 23),
(7, 24),
(7, 25),
(7, 26),
(7, 27),
(7, 28),
(7, 34),
(7, 35),
(7, 36),
(7, 37),
(8, 22),
(28, 36),
(30, 12),
(30, 13),
(30, 29),
(30, 30),
(30, 31),
(30, 32),
(30, 33),
(30, 37),
(31, 36),
(32, 1),
(32, 2),
(32, 3),
(32, 4),
(32, 5),
(32, 6),
(32, 7),
(32, 8),
(32, 9),
(32, 10),
(32, 11),
(32, 12),
(32, 13),
(32, 14),
(32, 15),
(32, 16),
(32, 17),
(32, 18),
(32, 19),
(32, 20),
(32, 21),
(32, 22),
(32, 23),
(32, 24),
(32, 25),
(32, 26),
(32, 27),
(32, 28),
(32, 29),
(32, 30),
(32, 31),
(32, 32),
(32, 33),
(32, 34),
(32, 35),
(32, 36),
(32, 37);

-- --------------------------------------------------------

--
-- Estrutura da tabela `veiculo_has_estudo`
--

CREATE TABLE IF NOT EXISTS `veiculo_has_estudo` (
  `veiculo_id_veiculo` int(11) NOT NULL,
  `estudo_id_estudo` int(11) NOT NULL
) ENGINE=InnoDB DEFAULT CHARSET=utf8;

--
-- Extraindo dados da tabela `veiculo_has_estudo`
--

INSERT INTO `veiculo_has_estudo` (`veiculo_id_veiculo`, `estudo_id_estudo`) VALUES
(1, 3),
(1, 4),
(1, 5),
(1, 6),
(1, 7),
(3, 3),
(3, 4),
(3, 5),
(3, 6),
(3, 7),
(4, 3),
(4, 4),
(4, 5),
(4, 6),
(4, 7),
(5, 3),
(5, 4),
(5, 5),
(5, 6),
(5, 7),
(6, 3),
(6, 4),
(6, 5),
(6, 6),
(6, 7),
(7, 3),
(7, 4),
(7, 5),
(7, 6),
(7, 7);

-- --------------------------------------------------------

--
-- Estrutura da tabela `veiculo_praca`
--

CREATE TABLE IF NOT EXISTS `veiculo_praca` (
  `fk_id_veiculo` int(11) NOT NULL,
  `fk_id_praca` int(11) NOT NULL
) ENGINE=InnoDB DEFAULT CHARSET=utf8;

--
-- Extraindo dados da tabela `veiculo_praca`
--

INSERT INTO `veiculo_praca` (`fk_id_veiculo`, `fk_id_praca`) VALUES
(1, 1),
(1, 2),
(1, 3),
(1, 4),
(1, 5),
(1, 6),
(1, 7),
(1, 8),
(1, 9),
(1, 10),
(1, 12),
(1, 13),
(1, 14),
(1, 17),
(1, 18),
(2, 1),
(3, 1),
(4, 1),
(5, 1),
(6, 1),
(7, 1),
(8, 1),
(9, 1),
(10, 1),
(11, 1),
(12, 1),
(13, 1),
(14, 1),
(15, 1),
(16, 1),
(17, 1),
(18, 1),
(19, 1),
(20, 1),
(21, 1),
(22, 1),
(23, 1),
(24, 1),
(25, 1),
(26, 1),
(27, 1),
(28, 1),
(29, 1),
(30, 1),
(31, 1),
(32, 1);

-- --------------------------------------------------------

--
-- Estrutura da tabela `veiculo_praca_programa`
--

CREATE TABLE IF NOT EXISTS `veiculo_praca_programa` (
  `fk_id_veiculo` int(11) NOT NULL,
  `fk_id_praca` int(11) NOT NULL,
  `fk_id_programa` int(11) NOT NULL
) ENGINE=InnoDB DEFAULT CHARSET=utf8;

--
-- Extraindo dados da tabela `veiculo_praca_programa`
--

INSERT INTO `veiculo_praca_programa` (`fk_id_veiculo`, `fk_id_praca`, `fk_id_programa`) VALUES
(1, 1, 1),
(1, 1, 2),
(1, 1, 3),
(1, 1, 4),
(1, 1, 6),
(1, 1, 7),
(1, 1, 8),
(1, 1, 9),
(1, 1, 10),
(1, 1, 11),
(1, 1, 12),
(1, 1, 13),
(1, 1, 14),
(1, 1, 15),
(1, 1, 16),
(1, 1, 17),
(1, 1, 18),
(1, 1, 19),
(1, 1, 20),
(1, 1, 21),
(1, 1, 22),
(1, 1, 23),
(1, 1, 24),
(1, 1, 25),
(1, 1, 26),
(1, 1, 27),
(1, 1, 28),
(1, 1, 29),
(1, 1, 30),
(1, 1, 31),
(1, 1, 32),
(1, 1, 33),
(1, 1, 34),
(1, 1, 35),
(1, 1, 36),
(1, 1, 37),
(1, 1, 38),
(1, 1, 39),
(1, 1, 67),
(1, 1, 82),
(1, 1, 83),
(1, 1, 84),
(1, 1, 85),
(1, 1, 87),
(1, 1, 88),
(1, 1, 89),
(1, 1, 142),
(1, 1, 144),
(1, 1, 156),
(1, 1, 162),
(1, 1, 163),
(1, 1, 164),
(1, 1, 170),
(1, 1, 172),
(1, 1, 173),
(1, 1, 175),
(1, 1, 176),
(1, 1, 177),
(1, 1, 180),
(1, 1, 181),
(1, 1, 183),
(1, 1, 184),
(1, 1, 187),
(1, 3, 35),
(1, 3, 40),
(1, 3, 45),
(1, 5, 23),
(1, 5, 35),
(1, 5, 40),
(1, 5, 42),
(1, 5, 78),
(1, 5, 79),
(1, 5, 80),
(1, 5, 174),
(1, 6, 35),
(1, 6, 40),
(1, 6, 44),
(1, 6, 46),
(1, 6, 47),
(1, 6, 90),
(1, 6, 161),
(1, 8, 49),
(1, 8, 50),
(1, 8, 51),
(1, 8, 52),
(1, 8, 53),
(1, 8, 54),
(1, 8, 55),
(1, 8, 56),
(1, 8, 57),
(1, 8, 58),
(1, 8, 59),
(1, 8, 186),
(1, 8, 188),
(1, 8, 189),
(1, 8, 190),
(1, 8, 191),
(1, 8, 192),
(1, 8, 193),
(1, 8, 194),
(1, 8, 195),
(1, 9, 81),
(1, 10, 2),
(1, 10, 35),
(1, 10, 40),
(1, 10, 42),
(1, 10, 60),
(1, 10, 61),
(1, 10, 62),
(1, 10, 63),
(1, 10, 64),
(1, 10, 166),
(1, 10, 167),
(1, 10, 168),
(1, 10, 182),
(1, 12, 35),
(1, 12, 40),
(1, 12, 48),
(1, 12, 165),
(1, 13, 35),
(1, 13, 40),
(1, 13, 41),
(1, 13, 43),
(1, 13, 44),
(1, 13, 160),
(1, 14, 6),
(1, 14, 40),
(1, 14, 65),
(1, 14, 66),
(1, 14, 67),
(1, 14, 169),
(1, 17, 2),
(1, 17, 40),
(1, 17, 72),
(1, 17, 73),
(1, 17, 75),
(1, 17, 76),
(1, 17, 77),
(1, 17, 178),
(1, 17, 179),
(1, 18, 2),
(1, 18, 23),
(1, 18, 42),
(1, 18, 68),
(1, 18, 69),
(1, 18, 70),
(1, 18, 71),
(1, 18, 171),
(3, 1, 2),
(3, 1, 36),
(3, 1, 38),
(3, 1, 108),
(3, 1, 109),
(3, 1, 110),
(3, 1, 111),
(3, 1, 112),
(3, 1, 113),
(3, 1, 114),
(3, 1, 115),
(3, 1, 116),
(3, 1, 117),
(3, 1, 118),
(3, 1, 119),
(3, 1, 120),
(3, 1, 121),
(3, 1, 122),
(3, 1, 123),
(3, 1, 140),
(3, 1, 141),
(3, 1, 143),
(3, 1, 185),
(4, 1, 2),
(4, 1, 88),
(4, 1, 124),
(4, 1, 125),
(4, 1, 126),
(4, 1, 127),
(4, 1, 128),
(4, 1, 129),
(4, 1, 130),
(4, 1, 131),
(4, 1, 132),
(4, 1, 133),
(4, 1, 134),
(4, 1, 135),
(4, 1, 136),
(4, 1, 137),
(4, 1, 138),
(4, 1, 145),
(4, 1, 146),
(4, 1, 147),
(4, 1, 148),
(4, 1, 149),
(4, 1, 150),
(4, 1, 151),
(4, 1, 152),
(4, 1, 153),
(4, 1, 154),
(4, 1, 155),
(5, 1, 2),
(5, 1, 36),
(5, 1, 91),
(5, 1, 92),
(5, 1, 93),
(5, 1, 94),
(5, 1, 95),
(5, 1, 96),
(5, 1, 97),
(5, 1, 98),
(5, 1, 99),
(5, 1, 100),
(5, 1, 101),
(6, 1, 2),
(7, 1, 2),
(7, 1, 102),
(7, 1, 157),
(9, 1, 2),
(9, 1, 5),
(10, 1, 2),
(10, 1, 5),
(11, 1, 2),
(11, 1, 5),
(12, 1, 2),
(12, 1, 5),
(13, 1, 2),
(13, 1, 5),
(14, 1, 2),
(14, 1, 5),
(15, 1, 2),
(15, 1, 5),
(28, 1, 2),
(30, 1, 196),
(30, 1, 197),
(30, 1, 198),
(30, 1, 199),
(30, 1, 200),
(30, 1, 201),
(30, 1, 202),
(30, 1, 203),
(30, 1, 204),
(30, 1, 205),
(30, 1, 206),
(30, 1, 207),
(30, 1, 208),
(30, 1, 209),
(30, 1, 210),
(30, 1, 211),
(30, 1, 212),
(30, 1, 213),
(30, 1, 214),
(30, 1, 215),
(31, 1, 103),
(31, 1, 104),
(31, 1, 105),
(31, 1, 107),
(31, 1, 159),
(32, 1, 2),
(32, 1, 5);

-- --------------------------------------------------------

--
-- Estrutura da tabela `veiculo_tag`
--

CREATE TABLE IF NOT EXISTS `veiculo_tag` (
  `tag_id_tag` int(11) NOT NULL,
  `veiculo_id_veiculo` int(11) NOT NULL
) ENGINE=InnoDB DEFAULT CHARSET=utf8;

--
-- Extraindo dados da tabela `veiculo_tag`
--

INSERT INTO `veiculo_tag` (`tag_id_tag`, `veiculo_id_veiculo`) VALUES
(1, 1),
(1, 2),
(1, 32),
(2, 3),
(2, 4),
(2, 5),
(2, 6),
(2, 7),
(2, 8),
(2, 31),
(3, 9),
(3, 10),
(3, 11),
(3, 12),
(3, 13),
(3, 14),
(3, 15),
(3, 29),
(3, 30),
(4, 16),
(4, 17),
(4, 18),
(4, 19),
(4, 20),
(4, 21),
(4, 22),
(4, 23),
(4, 24),
(4, 25),
(4, 26),
(5, 27),
(5, 28);

--
-- Indexes for dumped tables
--

--
-- Indexes for table `analise`
--
ALTER TABLE `analise`
  ADD PRIMARY KEY (`id_analise`), ADD UNIQUE KEY `ref_analise_UNIQUE` (`ref_analise`), ADD KEY `ref` (`ref_analise`);

--
-- Indexes for table `analise_tag`
--
ALTER TABLE `analise_tag`
  ADD PRIMARY KEY (`fk_id_analise`,`fk_id_tag`), ADD KEY `fk_analise_has_tag_tag1_idx` (`fk_id_tag`), ADD KEY `fk_analise_has_tag_analise1_idx` (`fk_id_analise`);

--
-- Indexes for table `arquivo`
--
ALTER TABLE `arquivo`
  ADD PRIMARY KEY (`id_arquivo`), ADD UNIQUE KEY `ref_arquivo_UNIQUE` (`ref_arquivo`), ADD KEY `ref` (`ref_arquivo`), ADD KEY `fk_arquivo_veiculo_praca_programa1_idx` (`fk_id_veiculo`,`fk_id_praca`,`fk_id_programa`);

--
-- Indexes for table `arquivo_historico`
--
ALTER TABLE `arquivo_historico`
  ADD PRIMARY KEY (`id_arquivo_historico`), ADD KEY `fk_arquivo_historico_arquivo1_idx` (`fk_id_arquivo`);

--
-- Indexes for table `arquivo_tag`
--
ALTER TABLE `arquivo_tag`
  ADD PRIMARY KEY (`fk_id_tag`,`fk_id_arquivo`), ADD KEY `fk_arquivo_tag_tag1_idx` (`fk_id_tag`), ADD KEY `fk_arquivo_tag_arquivo1_idx` (`fk_id_arquivo`);

--
-- Indexes for table `cliente`
--
ALTER TABLE `cliente`
  ADD PRIMARY KEY (`id_cliente`), ADD UNIQUE KEY `ref_cliente_UNIQUE` (`ref_cliente`);

--
-- Indexes for table `estudo`
--
ALTER TABLE `estudo`
  ADD PRIMARY KEY (`id_estudo`), ADD UNIQUE KEY `ref_estudo_UNIQUE` (`ref_estudo`), ADD KEY `fk_estudo_cliente1_idx` (`cliente_id_cliente`);

--
-- Indexes for table `estudo_has_tag`
--
ALTER TABLE `estudo_has_tag`
  ADD PRIMARY KEY (`estudo_id_estudo`,`tag_id_tag`), ADD KEY `fk_estudo_has_tag_tag1_idx` (`tag_id_tag`), ADD KEY `fk_estudo_has_tag_estudo1_idx` (`estudo_id_estudo`);

--
-- Indexes for table `log`
--
ALTER TABLE `log`
  ADD PRIMARY KEY (`id_log`), ADD KEY `ref` (`ref_log`), ADD KEY `usuario` (`usuario_log`), ADD KEY `acao` (`acao_log`);

--
-- Indexes for table `noticia`
--
ALTER TABLE `noticia`
  ADD PRIMARY KEY (`id_noticia`), ADD UNIQUE KEY `ref_noticia_UNIQUE` (`ref_noticia`), ADD KEY `ref` (`ref_noticia`);

--
-- Indexes for table `praca`
--
ALTER TABLE `praca`
  ADD PRIMARY KEY (`id_praca`), ADD UNIQUE KEY `ref_praca_UNIQUE` (`ref_praca`), ADD KEY `ref` (`ref_praca`);

--
-- Indexes for table `programa`
--
ALTER TABLE `programa`
  ADD PRIMARY KEY (`id_programa`), ADD UNIQUE KEY `ref_programa_UNIQUE` (`ref_programa`), ADD KEY `ref` (`ref_programa`);

--
-- Indexes for table `programa_tag`
--
ALTER TABLE `programa_tag`
  ADD PRIMARY KEY (`fk_id_programa`,`fk_id_tag`), ADD KEY `fk_programa_has_tag_tag1_idx` (`fk_id_tag`), ADD KEY `fk_programa_has_tag_programa1_idx` (`fk_id_programa`);

--
-- Indexes for table `tag`
--
ALTER TABLE `tag`
  ADD PRIMARY KEY (`id_tag`), ADD UNIQUE KEY `ref_tag_UNIQUE` (`ref_tag`), ADD KEY `ref` (`ref_tag`);

--
-- Indexes for table `veiculo`
--
ALTER TABLE `veiculo`
  ADD PRIMARY KEY (`id_veiculo`), ADD UNIQUE KEY `ref_veiculo_UNIQUE` (`ref_veiculo`), ADD KEY `ref` (`ref_veiculo`);

--
-- Indexes for table `veiculo_analise`
--
ALTER TABLE `veiculo_analise`
  ADD PRIMARY KEY (`fk_id_veiculo`,`fk_id_analise`), ADD KEY `fk_veiculo_analise_veiculo1_idx` (`fk_id_veiculo`), ADD KEY `fk_veiculo_analise_analise1_idx` (`fk_id_analise`);

--
-- Indexes for table `veiculo_has_estudo`
--
ALTER TABLE `veiculo_has_estudo`
  ADD PRIMARY KEY (`veiculo_id_veiculo`,`estudo_id_estudo`), ADD KEY `fk_veiculo_has_estudo_estudo1_idx` (`estudo_id_estudo`), ADD KEY `fk_veiculo_has_estudo_veiculo1_idx` (`veiculo_id_veiculo`);

--
-- Indexes for table `veiculo_praca`
--
ALTER TABLE `veiculo_praca`
  ADD PRIMARY KEY (`fk_id_veiculo`,`fk_id_praca`), ADD KEY `fk_veiculo_praca_veiculo1_idx` (`fk_id_veiculo`), ADD KEY `fk_veiculo_praca_praca1_idx` (`fk_id_praca`);

--
-- Indexes for table `veiculo_praca_programa`
--
ALTER TABLE `veiculo_praca_programa`
  ADD PRIMARY KEY (`fk_id_veiculo`,`fk_id_praca`,`fk_id_programa`), ADD KEY `fk_veiculo_praca_programa_programa1_idx` (`fk_id_programa`);

--
-- Indexes for table `veiculo_tag`
--
ALTER TABLE `veiculo_tag`
  ADD PRIMARY KEY (`tag_id_tag`,`veiculo_id_veiculo`), ADD KEY `fk_veiculo_tag_veiculo1_idx` (`veiculo_id_veiculo`);

--
-- AUTO_INCREMENT for dumped tables
--

--
-- AUTO_INCREMENT for table `analise`
--
ALTER TABLE `analise`
  MODIFY `id_analise` int(11) NOT NULL AUTO_INCREMENT COMMENT 'ID',AUTO_INCREMENT=38;
--
-- AUTO_INCREMENT for table `arquivo`
--
ALTER TABLE `arquivo`
  MODIFY `id_arquivo` int(11) NOT NULL AUTO_INCREMENT COMMENT 'ID',AUTO_INCREMENT=426;
--
-- AUTO_INCREMENT for table `arquivo_historico`
--
ALTER TABLE `arquivo_historico`
  MODIFY `id_arquivo_historico` int(11) NOT NULL AUTO_INCREMENT,AUTO_INCREMENT=161;
--
-- AUTO_INCREMENT for table `cliente`
--
ALTER TABLE `cliente`
  MODIFY `id_cliente` int(11) NOT NULL AUTO_INCREMENT,AUTO_INCREMENT=6;
--
-- AUTO_INCREMENT for table `estudo`
--
ALTER TABLE `estudo`
  MODIFY `id_estudo` int(11) NOT NULL AUTO_INCREMENT,AUTO_INCREMENT=8;
--
-- AUTO_INCREMENT for table `log`
--
ALTER TABLE `log`
  MODIFY `id_log` int(11) NOT NULL AUTO_INCREMENT COMMENT 'ID',AUTO_INCREMENT=2387;
--
-- AUTO_INCREMENT for table `noticia`
--
ALTER TABLE `noticia`
  MODIFY `id_noticia` int(11) NOT NULL AUTO_INCREMENT COMMENT 'ID',AUTO_INCREMENT=6;
--
-- AUTO_INCREMENT for table `praca`
--
ALTER TABLE `praca`
  MODIFY `id_praca` int(11) NOT NULL AUTO_INCREMENT COMMENT 'ID',AUTO_INCREMENT=19;
--
-- AUTO_INCREMENT for table `programa`
--
ALTER TABLE `programa`
  MODIFY `id_programa` int(11) NOT NULL AUTO_INCREMENT COMMENT 'ID',AUTO_INCREMENT=216;
--
-- AUTO_INCREMENT for table `tag`
--
ALTER TABLE `tag`
  MODIFY `id_tag` int(11) NOT NULL AUTO_INCREMENT COMMENT 'ID',AUTO_INCREMENT=29;
--
-- AUTO_INCREMENT for table `veiculo`
--
ALTER TABLE `veiculo`
  MODIFY `id_veiculo` int(11) NOT NULL AUTO_INCREMENT COMMENT 'ID',AUTO_INCREMENT=33;
--
-- Constraints for dumped tables
--

--
-- Limitadores para a tabela `analise_tag`
--
ALTER TABLE `analise_tag`
ADD CONSTRAINT `fk_analise_has_tag_analise1` FOREIGN KEY (`fk_id_analise`) REFERENCES `analise` (`id_analise`) ON DELETE NO ACTION ON UPDATE NO ACTION,
ADD CONSTRAINT `fk_analise_has_tag_tag1` FOREIGN KEY (`fk_id_tag`) REFERENCES `tag` (`id_tag`) ON DELETE NO ACTION ON UPDATE NO ACTION;

--
-- Limitadores para a tabela `arquivo`
--
ALTER TABLE `arquivo`
ADD CONSTRAINT `fk_arquivo_veiculo_praca_programa1` FOREIGN KEY (`fk_id_veiculo`, `fk_id_praca`, `fk_id_programa`) REFERENCES `veiculo_praca_programa` (`fk_id_veiculo`, `fk_id_praca`, `fk_id_programa`) ON DELETE NO ACTION ON UPDATE NO ACTION;

--
-- Limitadores para a tabela `arquivo_historico`
--
ALTER TABLE `arquivo_historico`
ADD CONSTRAINT `fk_arquivo_historico_arquivo1` FOREIGN KEY (`fk_id_arquivo`) REFERENCES `arquivo` (`id_arquivo`) ON DELETE NO ACTION ON UPDATE NO ACTION;

--
-- Limitadores para a tabela `arquivo_tag`
--
ALTER TABLE `arquivo_tag`
ADD CONSTRAINT `fk_arquivo_tag_arquivo1` FOREIGN KEY (`fk_id_arquivo`) REFERENCES `arquivo` (`id_arquivo`) ON DELETE NO ACTION ON UPDATE NO ACTION,
ADD CONSTRAINT `fk_arquivo_tag_tag1` FOREIGN KEY (`fk_id_tag`) REFERENCES `tag` (`id_tag`) ON DELETE NO ACTION ON UPDATE NO ACTION;

--
-- Limitadores para a tabela `estudo`
--
ALTER TABLE `estudo`
ADD CONSTRAINT `fk_estudo_cliente1` FOREIGN KEY (`cliente_id_cliente`) REFERENCES `cliente` (`id_cliente`) ON DELETE NO ACTION ON UPDATE NO ACTION;

--
-- Limitadores para a tabela `estudo_has_tag`
--
ALTER TABLE `estudo_has_tag`
ADD CONSTRAINT `fk_estudo_has_tag_estudo1` FOREIGN KEY (`estudo_id_estudo`) REFERENCES `estudo` (`id_estudo`) ON DELETE NO ACTION ON UPDATE NO ACTION,
ADD CONSTRAINT `fk_estudo_has_tag_tag1` FOREIGN KEY (`tag_id_tag`) REFERENCES `tag` (`id_tag`) ON DELETE NO ACTION ON UPDATE NO ACTION;

--
-- Limitadores para a tabela `programa_tag`
--
ALTER TABLE `programa_tag`
ADD CONSTRAINT `fk_programa_has_tag_programa1` FOREIGN KEY (`fk_id_programa`) REFERENCES `programa` (`id_programa`) ON DELETE NO ACTION ON UPDATE NO ACTION,
ADD CONSTRAINT `fk_programa_has_tag_tag1` FOREIGN KEY (`fk_id_tag`) REFERENCES `tag` (`id_tag`) ON DELETE NO ACTION ON UPDATE NO ACTION;

--
-- Limitadores para a tabela `veiculo_analise`
--
ALTER TABLE `veiculo_analise`
ADD CONSTRAINT `fk_veiculo_analise_analise1` FOREIGN KEY (`fk_id_analise`) REFERENCES `analise` (`id_analise`) ON DELETE NO ACTION ON UPDATE NO ACTION,
ADD CONSTRAINT `fk_veiculo_analise_veiculo1` FOREIGN KEY (`fk_id_veiculo`) REFERENCES `veiculo` (`id_veiculo`) ON DELETE NO ACTION ON UPDATE NO ACTION;

--
-- Limitadores para a tabela `veiculo_has_estudo`
--
ALTER TABLE `veiculo_has_estudo`
ADD CONSTRAINT `fk_veiculo_has_estudo_estudo1` FOREIGN KEY (`estudo_id_estudo`) REFERENCES `estudo` (`id_estudo`) ON DELETE NO ACTION ON UPDATE NO ACTION,
ADD CONSTRAINT `fk_veiculo_has_estudo_veiculo1` FOREIGN KEY (`veiculo_id_veiculo`) REFERENCES `veiculo` (`id_veiculo`) ON DELETE NO ACTION ON UPDATE NO ACTION;

--
-- Limitadores para a tabela `veiculo_praca`
--
ALTER TABLE `veiculo_praca`
ADD CONSTRAINT `fk_veiculo_praca_praca1` FOREIGN KEY (`fk_id_praca`) REFERENCES `praca` (`id_praca`) ON DELETE NO ACTION ON UPDATE NO ACTION,
ADD CONSTRAINT `fk_veiculo_praca_veiculo1` FOREIGN KEY (`fk_id_veiculo`) REFERENCES `veiculo` (`id_veiculo`) ON DELETE NO ACTION ON UPDATE NO ACTION;

--
-- Limitadores para a tabela `veiculo_praca_programa`
--
ALTER TABLE `veiculo_praca_programa`
ADD CONSTRAINT `fk_veiculo_praca_programa_programa1` FOREIGN KEY (`fk_id_programa`) REFERENCES `programa` (`id_programa`) ON DELETE NO ACTION ON UPDATE NO ACTION,
ADD CONSTRAINT `fk_veiculo_praca_programa_veiculo_praca1` FOREIGN KEY (`fk_id_veiculo`, `fk_id_praca`) REFERENCES `veiculo_praca` (`fk_id_veiculo`, `fk_id_praca`) ON DELETE NO ACTION ON UPDATE NO ACTION;

--
-- Limitadores para a tabela `veiculo_tag`
--
ALTER TABLE `veiculo_tag`
ADD CONSTRAINT `fk_veiculo_tag_tag1` FOREIGN KEY (`tag_id_tag`) REFERENCES `tag` (`id_tag`) ON DELETE NO ACTION ON UPDATE NO ACTION,
ADD CONSTRAINT `fk_veiculo_tag_veiculo1` FOREIGN KEY (`veiculo_id_veiculo`) REFERENCES `veiculo` (`id_veiculo`) ON DELETE NO ACTION ON UPDATE NO ACTION;

/*!40101 SET CHARACTER_SET_CLIENT=@OLD_CHARACTER_SET_CLIENT */;
/*!40101 SET CHARACTER_SET_RESULTS=@OLD_CHARACTER_SET_RESULTS */;
/*!40101 SET COLLATION_CONNECTION=@OLD_COLLATION_CONNECTION */;
